angle_ox_deg,angle_f_deg,P_ox_man_psia,P_f_man_psia
30.0,30.0,273.21,307.99
30.0,30.5,273.24,308.07
30.0,31.0,273.44,308.72
30.0,31.5,273.81,309.91
30.0,32.0,274.33,311.63
30.0,32.5,274.98,313.86
30.0,33.0,275.74,316.57
30.0,33.5,276.58,319.72
30.0,34.0,277.47,323.3
30.0,34.5,278.4,327.26
30.0,35.0,279.34,331.59
30.0,35.5,280.27,336.26
30.0,36.0,281.2,341.25
30.0,36.5,282.1,346.54
30.0,37.0,282.98,352.1
30.0,37.5,283.83,357.92
30.0,38.0,284.65,363.96
30.0,38.5,285.34,370.06
30.0,39.0,286.08,376.48
30.0,39.5,286.79,383.05
30.0,40.0,287.45,389.73
30.0,40.5,288.07,396.49
30.0,41.0,288.64,403.3
30.0,41.5,289.17,410.12
30.0,42.0,289.66,416.94
30.0,42.5,290.1,423.72
30.0,43.0,290.5,430.43
30.0,43.5,290.87,437.06
30.0,44.0,291.19,443.57
30.0,44.5,291.49,449.95
30.0,45.0,291.75,456.18
30.0,45.5,291.98,462.25
30.0,46.0,292.18,468.14
30.0,46.5,292.36,473.84
30.0,47.0,292.52,479.34
30.0,47.5,292.66,484.65
30.0,48.0,292.79,489.75
30.0,48.5,292.9,494.65
30.0,49.0,293.0,499.34
30.0,49.5,293.08,503.82
30.0,50.0,293.16,508.11
30.0,50.5,293.23,512.19
30.0,51.0,293.3,516.08
30.0,51.5,293.36,519.79
30.0,52.0,293.42,523.31
30.0,52.5,293.48,526.65
30.0,53.0,293.53,529.83
30.0,53.5,293.59,532.84
30.0,54.0,293.65,535.7
30.0,54.5,293.71,538.41
30.0,55.0,293.77,540.98
30.0,55.5,293.84,543.41
30.0,56.0,293.91,545.71
30.0,56.5,293.97,547.89
30.0,57.0,294.04,549.96
30.0,57.5,294.12,551.91
30.0,58.0,294.19,553.76
30.0,58.5,294.26,555.52
30.0,59.0,294.33,557.17
30.0,59.5,294.4,558.75
30.0,60.0,294.48,560.23
30.0,60.5,294.55,561.64
30.0,61.0,294.62,562.98
30.0,61.5,294.68,564.24
30.0,62.0,294.75,565.44
30.0,62.5,294.81,566.57
30.0,63.0,294.88,567.65
30.0,63.5,294.94,568.67
30.0,64.0,295.0,569.64
30.0,64.5,295.06,570.56
30.0,65.0,295.11,571.43
30.0,65.5,295.17,572.26
30.0,66.0,295.22,573.05
30.0,66.5,295.27,573.8
30.0,67.0,295.31,574.51
30.0,67.5,295.36,575.19
30.0,68.0,295.4,575.83
30.0,68.5,295.45,576.44
30.0,69.0,295.49,577.03
30.0,69.5,295.53,577.58
30.0,70.0,295.57,578.11
30.0,70.5,295.6,578.62
30.0,71.0,295.64,579.1
30.0,71.5,295.67,579.56
30.0,72.0,295.7,580.0
30.0,72.5,295.73,580.42
30.0,73.0,295.76,580.82
30.0,73.5,295.79,581.2
30.0,74.0,295.82,581.56
30.0,74.5,295.84,581.91
30.0,75.0,295.87,582.25
30.0,75.5,295.89,582.57
30.0,76.0,295.92,582.87
30.0,76.5,295.94,583.17
30.0,77.0,295.96,583.45
30.0,77.5,295.98,583.72
30.0,78.0,296.0,583.97
30.0,78.5,296.02,584.22
30.0,79.0,296.04,584.46
30.0,79.5,296.05,584.69
30.0,80.0,296.07,584.91
30.0,80.5,296.09,585.12
30.0,81.0,296.1,585.32
30.0,81.5,296.12,585.51
30.0,82.0,296.13,585.7
30.0,82.5,296.15,585.88
30.0,83.0,296.16,586.05
30.0,83.5,296.17,586.22
30.0,84.0,296.18,586.38
30.0,84.5,296.2,586.53
30.0,85.0,296.21,586.68
30.0,85.5,296.22,586.82
30.0,86.0,296.23,586.96
30.0,86.5,296.24,587.09
30.0,87.0,296.25,587.22
30.0,87.5,296.26,587.34
30.0,88.0,296.27,587.46
30.0,88.5,296.28,587.58
30.0,89.0,296.29,587.69
30.0,89.5,296.3,587.79
30.0,90.0,296.3,587.9
30.5,30.0,273.29,308.03
30.5,30.5,273.32,308.11
30.5,31.0,273.52,308.76
30.5,31.5,273.89,309.95
30.5,32.0,274.41,311.68
30.5,32.5,275.06,313.9
30.5,33.0,275.82,316.61
30.5,33.5,276.66,319.77
30.5,34.0,277.56,323.34
30.5,34.5,278.48,327.31
30.5,35.0,279.42,331.64
30.5,35.5,280.36,336.31
30.5,36.0,281.29,341.3
30.5,36.5,282.2,346.58
30.5,37.0,283.08,352.15
30.5,37.5,283.93,357.96
30.5,38.0,284.74,364.01
30.5,38.5,285.43,370.11
30.5,39.0,286.18,376.53
30.5,39.5,286.89,383.1
30.5,40.0,287.55,389.77
30.5,40.5,288.17,396.53
30.5,41.0,288.74,403.34
30.5,41.5,289.27,410.17
30.5,42.0,289.76,416.99
30.5,42.5,290.2,423.76
30.5,43.0,290.61,430.48
30.5,43.5,290.97,437.1
30.5,44.0,291.3,443.61
30.5,44.5,291.59,449.99
30.5,45.0,291.85,456.22
30.5,45.5,292.08,462.28
30.5,46.0,292.29,468.17
30.5,46.5,292.47,473.87
30.5,47.0,292.63,479.38
30.5,47.5,292.77,484.68
30.5,48.0,292.9,489.78
30.5,48.5,293.01,494.68
30.5,49.0,293.1,499.37
30.5,49.5,293.19,503.85
30.5,50.0,293.27,508.13
30.5,50.5,293.34,512.22
30.5,51.0,293.41,516.11
30.5,51.5,293.47,519.81
30.5,52.0,293.53,523.33
30.5,52.5,293.58,526.68
30.5,53.0,293.64,529.85
30.5,53.5,293.7,532.86
30.5,54.0,293.76,535.72
30.5,54.5,293.82,538.43
30.5,55.0,293.88,541.0
30.5,55.5,293.94,543.43
30.5,56.0,294.01,545.73
30.5,56.5,294.08,547.91
30.5,57.0,294.15,549.98
30.5,57.5,294.22,551.93
30.5,58.0,294.29,553.78
30.5,58.5,294.36,555.53
30.5,59.0,294.43,557.19
30.5,59.5,294.5,558.76
30.5,60.0,294.57,560.25
30.5,60.5,294.64,561.66
30.5,61.0,294.71,562.99
30.5,61.5,294.78,564.26
30.5,62.0,294.85,565.45
30.5,62.5,294.91,566.59
30.5,63.0,294.97,567.66
30.5,63.5,295.03,568.69
30.5,64.0,295.09,569.65
30.5,64.5,295.15,570.57
30.5,65.0,295.21,571.45
30.5,65.5,295.26,572.27
30.5,66.0,295.31,573.06
30.5,66.5,295.36,573.81
30.5,67.0,295.41,574.52
30.5,67.5,295.45,575.2
30.5,68.0,295.5,575.84
30.5,68.5,295.54,576.45
30.5,69.0,295.58,577.04
30.5,69.5,295.62,577.59
30.5,70.0,295.66,578.12
30.5,70.5,295.69,578.63
30.5,71.0,295.73,579.11
30.5,71.5,295.76,579.57
30.5,72.0,295.79,580.01
30.5,72.5,295.82,580.43
30.5,73.0,295.85,580.83
30.5,73.5,295.88,581.21
30.5,74.0,295.91,581.57
30.5,74.5,295.93,581.92
30.5,75.0,295.96,582.26
30.5,75.5,295.98,582.58
30.5,76.0,296.01,582.88
30.5,76.5,296.03,583.18
30.5,77.0,296.05,583.46
30.5,77.5,296.07,583.73
30.5,78.0,296.09,583.98
30.5,78.5,296.11,584.23
30.5,79.0,296.13,584.47
30.5,79.5,296.14,584.7
30.5,80.0,296.16,584.92
30.5,80.5,296.18,585.13
30.5,81.0,296.19,585.33
30.5,81.5,296.21,585.52
30.5,82.0,296.22,585.71
30.5,82.5,296.24,585.89
30.5,83.0,296.25,586.06
30.5,83.5,296.26,586.23
30.5,84.0,296.27,586.39
30.5,84.5,296.29,586.54
30.5,85.0,296.3,586.69
30.5,85.5,296.31,586.83
30.5,86.0,296.32,586.97
30.5,86.5,296.33,587.1
30.5,87.0,296.34,587.23
30.5,87.5,296.35,587.35
30.5,88.0,296.36,587.47
30.5,88.5,296.37,587.59
30.5,89.0,296.38,587.7
30.5,89.5,296.39,587.8
30.5,90.0,296.39,587.91
31.0,30.0,273.91,308.35
31.0,30.5,273.93,308.43
31.0,31.0,274.14,309.08
31.0,31.5,274.51,310.28
31.0,32.0,275.04,312.0
31.0,32.5,275.7,314.24
31.0,33.0,276.47,316.95
31.0,33.5,277.31,320.11
31.0,34.0,278.22,323.69
31.0,34.5,279.16,327.67
31.0,35.0,280.11,332.0
31.0,35.5,281.05,336.67
31.0,36.0,281.99,341.67
31.0,36.5,282.9,346.96
31.0,37.0,283.79,352.52
31.0,37.5,284.65,358.33
31.0,38.0,285.38,364.23
31.0,38.5,286.17,370.48
31.0,39.0,286.92,376.9
31.0,39.5,287.63,383.46
31.0,40.0,288.3,390.13
31.0,40.5,288.93,396.89
31.0,41.0,289.51,403.69
31.0,41.5,290.04,410.51
31.0,42.0,290.53,417.32
31.0,42.5,290.98,424.09
31.0,43.0,291.39,430.8
31.0,43.5,291.75,437.41
31.0,44.0,292.09,443.92
31.0,44.5,292.38,450.29
31.0,45.0,292.65,456.51
31.0,45.5,292.88,462.57
31.0,46.0,293.09,468.45
31.0,46.5,293.28,474.14
31.0,47.0,293.44,479.64
31.0,47.5,293.58,484.94
31.0,48.0,293.71,490.03
31.0,48.5,293.82,494.92
31.0,49.0,293.92,499.6
31.0,49.5,294.01,504.08
31.0,50.0,294.09,508.36
31.0,50.5,294.16,512.44
31.0,51.0,294.23,516.32
31.0,51.5,294.29,520.02
31.0,52.0,294.35,523.53
31.0,52.5,294.41,526.87
31.0,53.0,294.46,530.04
31.0,53.5,294.52,533.05
31.0,54.0,294.57,535.9
31.0,54.5,294.63,538.6
31.0,55.0,294.69,541.16
31.0,55.5,294.75,543.59
31.0,56.0,294.81,545.89
31.0,56.5,294.87,548.06
31.0,57.0,294.94,550.12
31.0,57.5,295.0,552.07
31.0,58.0,295.07,553.92
31.0,58.5,295.13,555.67
31.0,59.0,295.2,557.32
31.0,59.5,295.27,558.89
31.0,60.0,295.33,560.37
31.0,60.5,295.4,561.78
31.0,61.0,295.46,563.11
31.0,61.5,295.53,564.37
31.0,62.0,295.59,565.56
31.0,62.5,295.65,566.7
31.0,63.0,295.71,567.77
31.0,63.5,295.77,568.79
31.0,64.0,295.82,569.76
31.0,64.5,295.88,570.67
31.0,65.0,295.93,571.54
31.0,65.5,295.98,572.37
31.0,66.0,296.03,573.16
31.0,66.5,296.08,573.9
31.0,67.0,296.12,574.61
31.0,67.5,296.17,575.29
31.0,68.0,296.21,575.93
31.0,68.5,296.25,576.54
31.0,69.0,296.29,577.13
31.0,69.5,296.33,577.68
31.0,70.0,296.36,578.21
31.0,70.5,296.4,578.71
31.0,71.0,296.43,579.19
31.0,71.5,296.46,579.65
31.0,72.0,296.49,580.09
31.0,72.5,296.52,580.51
31.0,73.0,296.55,580.91
31.0,73.5,296.58,581.29
31.0,74.0,296.6,581.65
31.0,74.5,296.63,582.0
31.0,75.0,296.65,582.34
31.0,75.5,296.68,582.65
31.0,76.0,296.7,582.96
31.0,76.5,296.72,583.25
31.0,77.0,296.74,583.53
31.0,77.5,296.76,583.8
31.0,78.0,296.78,584.06
31.0,78.5,296.8,584.31
31.0,79.0,296.82,584.54
31.0,79.5,296.83,584.77
31.0,80.0,296.85,584.99
31.0,80.5,296.86,585.2
31.0,81.0,296.88,585.4
31.0,81.5,296.89,585.6
31.0,82.0,296.91,585.78
31.0,82.5,296.92,585.96
31.0,83.0,296.94,586.13
31.0,83.5,296.95,586.3
31.0,84.0,296.96,586.46
31.0,84.5,296.97,586.61
31.0,85.0,296.98,586.76
31.0,85.5,296.99,586.9
31.0,86.0,297.0,587.04
31.0,86.5,297.01,587.17
31.0,87.0,297.02,587.3
31.0,87.5,297.03,587.42
31.0,88.0,297.04,587.54
31.0,88.5,297.05,587.66
31.0,89.0,297.06,587.77
31.0,89.5,297.07,587.87
31.0,90.0,297.08,587.98
31.5,30.0,275.04,308.93
31.5,30.5,275.07,309.02
31.5,31.0,275.27,309.67
31.5,31.5,275.65,310.87
31.5,32.0,276.19,312.6
31.5,32.5,276.87,314.85
31.5,33.0,277.65,317.57
31.5,33.5,278.52,320.75
31.5,34.0,279.44,324.34
31.5,34.5,280.4,328.32
31.5,35.0,281.37,332.67
31.5,35.5,282.33,337.35
31.5,36.0,283.28,342.35
31.5,36.5,284.21,347.64
31.5,37.0,285.12,353.2
31.5,37.5,285.89,358.88
31.5,38.0,286.73,364.92
31.5,38.5,287.53,371.17
31.5,39.0,288.3,377.58
31.5,39.5,289.02,384.13
31.5,40.0,289.69,390.8
31.5,40.5,290.33,397.54
31.5,41.0,290.92,404.33
31.5,41.5,291.46,411.14
31.5,42.0,291.96,417.94
31.5,42.5,292.42,424.7
31.5,43.0,292.83,431.39
31.5,43.5,293.21,438.0
31.5,44.0,293.55,444.49
31.5,44.5,293.85,450.85
31.5,45.0,294.12,457.05
31.5,45.5,294.37,463.1
31.5,46.0,294.58,468.97
31.5,46.5,294.77,474.65
31.5,47.0,294.94,480.13
31.5,47.5,295.09,485.42
31.5,48.0,295.22,490.5
31.5,48.5,295.34,495.37
31.5,49.0,295.44,500.04
31.5,49.5,295.54,504.51
31.5,50.0,295.62,508.77
31.5,50.5,295.69,512.84
31.5,51.0,295.76,516.71
31.5,51.5,295.82,520.4
31.5,52.0,295.88,523.9
31.5,52.5,295.93,527.23
31.5,53.0,295.99,530.39
31.5,53.5,296.04,533.38
31.5,54.0,296.09,536.22
31.5,54.5,296.14,538.92
31.5,55.0,296.19,541.47
31.5,55.5,296.25,543.89
31.5,56.0,296.3,546.17
31.5,56.5,296.36,548.34
31.5,57.0,296.41,550.39
31.5,57.5,296.47,552.33
31.5,58.0,296.52,554.17
31.5,58.5,296.58,555.91
31.5,59.0,296.64,557.56
31.5,59.5,296.7,559.12
31.5,60.0,296.76,560.6
31.5,60.5,296.81,562.0
31.5,61.0,296.87,563.32
31.5,61.5,296.93,564.58
31.5,62.0,296.98,565.77
31.5,62.5,297.04,566.9
31.5,63.0,297.09,567.97
31.5,63.5,297.14,568.98
31.5,64.0,297.19,569.95
31.5,64.5,297.24,570.86
31.5,65.0,297.29,571.73
31.5,65.5,297.33,572.55
31.5,66.0,297.38,573.34
31.5,66.5,297.42,574.08
31.5,67.0,297.46,574.79
31.5,67.5,297.5,575.46
31.5,68.0,297.54,576.1
31.5,68.5,297.58,576.71
31.5,69.0,297.62,577.29
31.5,69.5,297.65,577.84
31.5,70.0,297.68,578.37
31.5,70.5,297.72,578.87
31.5,71.0,297.75,579.35
31.5,71.5,297.78,579.81
31.5,72.0,297.81,580.24
31.5,72.5,297.83,580.66
31.5,73.0,297.86,581.06
31.5,73.5,297.89,581.44
31.5,74.0,297.91,581.8
31.5,74.5,297.93,582.15
31.5,75.0,297.96,582.48
31.5,75.5,297.98,582.8
31.5,76.0,298.0,583.1
31.5,76.5,298.02,583.4
31.5,77.0,298.04,583.68
31.5,77.5,298.06,583.94
31.5,78.0,298.07,584.2
31.5,78.5,298.09,584.45
31.5,79.0,298.11,584.68
31.5,79.5,298.12,584.91
31.5,80.0,298.14,585.13
31.5,80.5,298.15,585.34
31.5,81.0,298.17,585.54
31.5,81.5,298.18,585.73
31.5,82.0,298.2,585.92
31.5,82.5,298.21,586.1
31.5,83.0,298.22,586.27
31.5,83.5,298.23,586.43
31.5,84.0,298.24,586.59
31.5,84.5,298.26,586.74
31.5,85.0,298.27,586.89
31.5,85.5,298.28,587.03
31.5,86.0,298.29,587.17
31.5,86.5,298.3,587.3
31.5,87.0,298.31,587.43
31.5,87.5,298.31,587.55
31.5,88.0,298.32,587.67
31.5,88.5,298.33,587.79
31.5,89.0,298.34,587.9
31.5,89.5,298.35,588.0
31.5,90.0,298.35,588.1
32.0,30.0,276.67,309.76
32.0,30.5,276.7,309.85
32.0,31.0,276.91,310.5
32.0,31.5,277.3,311.71
32.0,32.0,277.85,313.46
32.0,32.5,278.55,315.72
32.0,33.0,279.35,318.46
32.0,33.5,280.25,321.65
32.0,34.0,281.2,325.27
32.0,34.5,282.19,329.27
32.0,35.0,283.19,333.63
32.0,35.5,284.18,338.32
32.0,36.0,285.16,343.33
32.0,36.5,286.11,348.62
32.0,37.0,286.94,354.06
32.0,37.5,287.83,359.88
32.0,38.0,288.69,365.92
32.0,38.5,289.51,372.15
32.0,39.0,290.28,378.56
32.0,39.5,291.02,385.1
32.0,40.0,291.71,391.75
32.0,40.5,292.36,398.48
32.0,41.0,292.96,405.26
32.0,41.5,293.51,412.05
32.0,42.0,294.02,418.83
32.0,42.5,294.49,425.57
32.0,43.0,294.92,432.25
32.0,43.5,295.31,438.83
32.0,44.0,295.66,445.31
32.0,44.5,295.97,451.64
32.0,45.0,296.25,457.83
32.0,45.5,296.51,463.86
32.0,46.0,296.73,469.71
32.0,46.5,296.93,475.37
32.0,47.0,297.11,480.83
32.0,47.5,297.27,486.1
32.0,48.0,297.41,491.16
32.0,48.5,297.53,496.02
32.0,49.0,297.64,500.67
32.0,49.5,297.74,505.12
32.0,50.0,297.82,509.37
32.0,50.5,297.9,513.42
32.0,51.0,297.97,517.27
32.0,51.5,298.03,520.94
32.0,52.0,298.09,524.43
32.0,52.5,298.15,527.74
32.0,53.0,298.2,530.89
32.0,53.5,298.25,533.87
32.0,54.0,298.3,536.7
32.0,54.5,298.34,539.38
32.0,55.0,298.39,541.92
32.0,55.5,298.43,544.32
32.0,56.0,298.48,546.6
32.0,56.5,298.53,548.75
32.0,57.0,298.57,550.79
32.0,57.5,298.62,552.72
32.0,58.0,298.66,554.55
32.0,58.5,298.71,556.28
32.0,59.0,298.76,557.92
32.0,59.5,298.81,559.47
32.0,60.0,298.85,560.94
32.0,60.5,298.9,562.33
32.0,61.0,298.95,563.65
32.0,61.5,298.99,564.9
32.0,62.0,299.04,566.08
32.0,62.5,299.08,567.2
32.0,63.0,299.13,568.26
32.0,63.5,299.17,569.27
32.0,64.0,299.21,570.23
32.0,64.5,299.26,571.14
32.0,65.0,299.3,572.0
32.0,65.5,299.34,572.82
32.0,66.0,299.37,573.6
32.0,66.5,299.41,574.34
32.0,67.0,299.45,575.04
32.0,67.5,299.48,575.71
32.0,68.0,299.51,576.35
32.0,68.5,299.55,576.96
32.0,69.0,299.58,577.53
32.0,69.5,299.61,578.08
32.0,70.0,299.64,578.61
32.0,70.5,299.67,579.11
32.0,71.0,299.69,579.58
32.0,71.5,299.72,580.04
32.0,72.0,299.74,580.47
32.0,72.5,299.77,580.89
32.0,73.0,299.79,581.28
32.0,73.5,299.81,581.66
32.0,74.0,299.84,582.02
32.0,74.5,299.86,582.37
32.0,75.0,299.88,582.7
32.0,75.5,299.9,583.02
32.0,76.0,299.92,583.32
32.0,76.5,299.93,583.61
32.0,77.0,299.95,583.89
32.0,77.5,299.97,584.15
32.0,78.0,299.98,584.41
32.0,78.5,300.0,584.66
32.0,79.0,300.01,584.89
32.0,79.5,300.03,585.12
32.0,80.0,300.04,585.33
32.0,80.5,300.06,585.54
32.0,81.0,300.07,585.74
32.0,81.5,300.08,585.93
32.0,82.0,300.09,586.12
32.0,82.5,300.1,586.3
32.0,83.0,300.12,586.47
32.0,83.5,300.13,586.63
32.0,84.0,300.14,586.79
32.0,84.5,300.15,586.94
32.0,85.0,300.16,587.09
32.0,85.5,300.17,587.23
32.0,86.0,300.18,587.37
32.0,86.5,300.18,587.5
32.0,87.0,300.19,587.62
32.0,87.5,300.2,587.75
32.0,88.0,300.21,587.86
32.0,88.5,300.22,587.98
32.0,89.0,300.22,588.09
32.0,89.5,300.23,588.19
32.0,90.0,300.24,588.29
32.5,30.0,278.77,310.82
32.5,30.5,278.8,310.91
32.5,31.0,279.02,311.57
32.5,31.5,279.42,312.79
32.5,32.0,279.99,314.55
32.5,32.5,280.71,316.82
32.5,33.0,281.55,319.59
32.5,33.5,282.48,322.8
32.5,34.0,283.47,326.44
32.5,34.5,284.49,330.47
32.5,35.0,285.53,334.85
32.5,35.5,286.56,339.57
32.5,36.0,287.48,344.46
32.5,36.5,288.47,349.77
32.5,37.0,289.43,355.34
32.5,37.5,290.34,361.16
32.5,38.0,291.22,367.2
32.5,38.5,292.06,373.42
32.5,39.0,292.86,379.82
32.5,39.5,293.61,386.34
32.5,40.0,294.32,392.98
32.5,40.5,294.98,399.69
32.5,41.0,295.6,406.45
32.5,41.5,296.17,413.22
32.5,42.0,296.7,419.98
32.5,42.5,297.18,426.7
32.5,43.0,297.62,433.35
32.5,43.5,298.02,439.91
32.5,44.0,298.39,446.36
32.5,44.5,298.72,452.67
32.5,45.0,299.01,458.84
32.5,45.5,299.28,464.84
32.5,46.0,299.51,470.66
32.5,46.5,299.73,476.29
32.5,47.0,299.91,481.74
32.5,47.5,300.08,486.98
32.5,48.0,300.23,492.02
32.5,48.5,300.36,496.85
32.5,49.0,300.48,501.48
32.5,49.5,300.58,505.91
32.5,50.0,300.68,510.13
32.5,50.5,300.76,514.16
32.5,51.0,300.84,518.0
32.5,51.5,300.9,521.65
32.5,52.0,300.97,525.12
32.5,52.5,301.02,528.41
32.5,53.0,301.07,531.54
32.5,53.5,301.12,534.5
32.5,54.0,301.17,537.31
32.5,54.5,301.21,539.97
32.5,55.0,301.25,542.5
32.5,55.5,301.29,544.88
32.5,56.0,301.33,547.15
32.5,56.5,301.37,549.29
32.5,57.0,301.41,551.31
32.5,57.5,301.45,553.23
32.5,58.0,301.48,555.05
32.5,58.5,301.52,556.76
32.5,59.0,301.56,558.39
32.5,59.5,301.59,559.93
32.5,60.0,301.63,561.39
32.5,60.5,301.67,562.77
32.5,61.0,301.7,564.08
32.5,61.5,301.74,565.32
32.5,62.0,301.77,566.49
32.5,62.5,301.81,567.6
32.5,63.0,301.84,568.66
32.5,63.5,301.88,569.66
32.5,64.0,302.01,570.87
32.5,64.5,302.04,571.77
32.5,65.0,302.07,572.63
32.5,65.5,302.1,573.44
32.5,66.0,302.13,574.21
32.5,66.5,302.16,574.94
32.5,67.0,302.19,575.64
32.5,67.5,302.21,576.3
32.5,68.0,302.24,576.94
32.5,68.5,302.27,577.54
32.5,69.0,302.29,578.11
32.5,69.5,302.31,578.65
32.5,70.0,302.34,579.17
32.5,70.5,302.36,579.67
32.5,71.0,302.38,580.14
32.5,71.5,302.4,580.59
32.5,72.0,302.42,581.02
32.5,72.5,302.44,581.43
32.5,73.0,302.46,581.82
32.5,73.5,302.48,582.2
32.5,74.0,302.5,582.56
32.5,74.5,302.51,582.9
32.5,75.0,302.53,583.23
32.5,75.5,302.55,583.54
32.5,76.0,302.56,583.84
32.5,76.5,302.58,584.13
32.5,77.0,302.59,584.4
32.5,77.5,302.6,584.67
32.5,78.0,302.62,584.92
32.5,78.5,302.63,585.16
32.5,79.0,302.64,585.4
32.5,79.5,302.65,585.62
32.5,80.0,302.67,585.84
32.5,80.5,302.68,586.04
32.5,81.0,302.69,586.24
32.5,81.5,302.7,586.43
32.5,82.0,302.71,586.61
32.5,82.5,302.72,586.79
32.5,83.0,302.73,586.96
32.5,83.5,302.73,587.12
32.5,84.0,302.74,587.28
32.5,84.5,302.75,587.43
32.5,85.0,302.76,587.58
32.5,85.5,302.77,587.72
32.5,86.0,302.78,587.85
32.5,86.5,302.78,587.98
32.5,87.0,302.79,588.11
32.5,87.5,302.8,588.23
32.5,88.0,302.8,588.34
32.5,88.5,302.81,588.46
32.5,89.0,302.82,588.57
32.5,89.5,302.82,588.67
32.5,90.0,302.83,588.77
33.0,30.0,281.31,312.08
33.0,30.5,281.34,312.17
33.0,31.0,281.57,312.83
33.0,31.5,281.98,314.06
33.0,32.0,282.57,315.84
33.0,32.5,283.32,318.13
33.0,33.0,284.19,320.92
33.0,33.5,285.17,324.17
33.0,34.0,286.21,327.84
33.0,34.5,287.28,331.9
33.0,35.0,288.28,336.19
33.0,35.5,289.36,340.94
33.0,36.0,290.43,345.99
33.0,36.5,291.46,351.31
33.0,37.0,292.45,356.9
33.0,37.5,293.4,362.71
33.0,38.0,294.31,368.74
33.0,38.5,295.17,374.96
33.0,39.0,295.99,381.34
33.0,39.5,296.77,387.85
33.0,40.0,297.49,394.46
33.0,40.5,298.18,401.15
33.0,41.0,298.81,407.89
33.0,41.5,299.4,414.63
33.0,42.0,299.95,421.37
33.0,42.5,300.45,428.06
33.0,43.0,300.91,434.68
33.0,43.5,301.33,441.21
33.0,44.0,301.71,447.63
33.0,44.5,302.05,453.91
33.0,45.0,302.36,460.05
33.0,45.5,302.64,466.02
33.0,46.0,302.89,471.81
33.0,46.5,303.12,477.41
33.0,47.0,303.32,482.82
33.0,47.5,303.5,488.04
33.0,48.0,303.76,493.26
33.0,48.5,303.91,498.07
33.0,49.0,304.03,502.67
33.0,49.5,304.14,507.07
33.0,50.0,304.24,511.26
33.0,50.5,304.33,515.27
33.0,51.0,304.41,519.08
33.0,51.5,304.49,522.71
33.0,52.0,304.55,526.15
33.0,52.5,304.61,529.42
33.0,53.0,304.67,532.53
33.0,53.5,304.72,535.47
33.0,54.0,304.76,538.26
33.0,54.5,304.8,540.91
33.0,55.0,304.84,543.41
33.0,55.5,304.88,545.78
33.0,56.0,304.91,548.02
33.0,56.5,304.95,550.15
33.0,57.0,304.98,552.16
33.0,57.5,305.01,554.06
33.0,58.0,305.04,555.86
33.0,58.5,305.07,557.56
33.0,59.0,305.1,559.18
33.0,59.5,305.13,560.7
33.0,60.0,305.16,562.15
33.0,60.5,305.18,563.51
33.0,61.0,305.21,564.81
33.0,61.5,305.23,566.04
33.0,62.0,305.26,567.2
33.0,62.5,305.28,568.3
33.0,63.0,305.31,569.35
33.0,63.5,305.33,570.34
33.0,64.0,305.36,571.28
33.0,64.5,305.38,572.18
33.0,65.0,305.4,573.02
33.0,65.5,305.42,573.83
33.0,66.0,305.45,574.59
33.0,66.5,305.47,575.32
33.0,67.0,305.49,576.01
33.0,67.5,305.51,576.67
33.0,68.0,305.53,577.3
33.0,68.5,305.54,577.89
33.0,69.0,305.56,578.46
33.0,69.5,305.58,579.0
33.0,70.0,305.6,579.51
33.0,70.5,305.61,580.01
33.0,71.0,305.63,580.47
33.0,71.5,305.65,580.92
33.0,72.0,305.66,581.35
33.0,72.5,305.67,581.75
33.0,73.0,305.69,582.14
33.0,73.5,305.7,582.52
33.0,74.0,305.72,582.87
33.0,74.5,305.73,583.21
33.0,75.0,305.74,583.54
33.0,75.5,305.75,583.85
33.0,76.0,305.76,584.15
33.0,76.5,305.78,584.43
33.0,77.0,305.79,584.7
33.0,77.5,305.8,584.97
33.0,78.0,305.81,585.22
33.0,78.5,305.82,585.46
33.0,79.0,305.83,585.69
33.0,79.5,305.84,585.91
33.0,80.0,305.84,586.13
33.0,80.5,305.85,586.33
33.0,81.0,305.86,586.53
33.0,81.5,305.87,586.72
33.0,82.0,305.88,586.9
33.0,82.5,305.88,587.07
33.0,83.0,305.89,587.24
33.0,83.5,305.9,587.4
33.0,84.0,305.9,587.56
33.0,84.5,305.91,587.71
33.0,85.0,305.92,587.85
33.0,85.5,305.92,587.99
33.0,86.0,305.93,588.13
33.0,86.5,305.94,588.25
33.0,87.0,305.94,588.38
33.0,87.5,305.95,588.5
33.0,88.0,305.95,588.62
33.0,88.5,305.96,588.73
33.0,89.0,305.96,588.83
33.0,89.5,305.97,588.94
33.0,90.0,305.97,589.04
33.5,30.0,284.25,313.51
33.5,30.5,284.28,313.6
33.5,31.0,284.52,314.27
33.5,31.5,284.95,315.51
33.5,32.0,285.57,317.3
33.5,32.5,286.34,319.62
33.5,33.0,287.26,322.44
33.5,33.5,288.28,325.72
33.5,34.0,289.28,329.32
33.5,34.5,290.42,333.42
33.5,35.0,291.58,337.89
33.5,35.5,292.73,342.67
33.5,36.0,293.85,347.74
33.5,36.5,294.93,353.09
33.5,37.0,295.97,358.68
33.5,37.5,296.96,364.5
33.5,38.0,297.9,370.53
33.5,38.5,298.8,376.74
33.5,39.0,299.65,383.1
33.5,39.5,300.45,389.59
33.5,40.0,301.2,396.19
33.5,40.5,301.9,402.85
33.5,41.0,302.56,409.55
33.5,41.5,303.17,416.27
33.5,42.0,303.74,422.97
33.5,42.5,304.26,429.63
33.5,43.0,304.74,436.22
33.5,43.5,305.28,442.9
33.5,44.0,305.67,449.27
33.5,44.5,306.03,455.52
33.5,45.0,306.36,461.61
33.5,45.5,306.65,467.54
33.5,46.0,306.91,473.29
33.5,46.5,307.15,478.86
33.5,47.0,307.37,484.23
33.5,47.5,307.56,489.41
33.5,48.0,307.73,494.38
33.5,48.5,307.88,499.15
33.5,49.0,308.02,503.72
33.5,49.5,308.15,508.09
33.5,50.0,308.26,512.26
33.5,50.5,308.36,516.23
33.5,51.0,308.45,520.01
33.5,51.5,308.53,523.61
33.5,52.0,308.6,527.03
33.5,52.5,308.66,530.28
33.5,53.0,308.72,533.36
33.5,53.5,308.78,536.28
33.5,54.0,308.83,539.05
33.5,54.5,308.87,541.67
33.5,55.0,308.91,544.15
33.5,55.5,308.95,546.5
33.5,56.0,308.99,548.73
33.5,56.5,309.02,550.84
33.5,57.0,309.05,552.83
33.5,57.5,309.08,554.71
33.5,58.0,309.11,556.5
33.5,58.5,309.13,558.19
33.5,59.0,309.16,559.79
33.5,59.5,309.18,561.3
33.5,60.0,309.2,562.73
33.5,60.5,309.23,564.09
33.5,61.0,309.25,565.37
33.5,61.5,309.27,566.59
33.5,62.0,309.29,567.74
33.5,62.5,309.31,568.83
33.5,63.0,309.33,569.87
33.5,63.5,309.34,570.85
33.5,64.0,309.36,571.78
33.5,64.5,309.38,572.67
33.5,65.0,309.39,573.51
33.5,65.5,309.41,574.31
33.5,66.0,309.43,575.07
33.5,66.5,309.44,575.79
33.5,67.0,309.45,576.47
33.5,67.5,309.47,577.12
33.5,68.0,309.48,577.74
33.5,68.5,309.5,578.33
33.5,69.0,309.51,578.89
33.5,69.5,309.52,579.43
33.5,70.0,309.53,579.94
33.5,70.5,309.54,580.43
33.5,71.0,309.56,580.89
33.5,71.5,309.57,581.33
33.5,72.0,309.58,581.76
33.5,72.5,309.59,582.16
33.5,73.0,309.6,582.55
33.5,73.5,309.61,582.91
33.5,74.0,309.62,583.27
33.5,74.5,309.62,583.6
33.5,75.0,309.63,583.93
33.5,75.5,309.64,584.23
33.5,76.0,309.65,584.53
33.5,76.5,309.66,584.81
33.5,77.0,309.66,585.08
33.5,77.5,309.67,585.34
33.5,78.0,309.68,585.59
33.5,78.5,309.69,585.83
33.5,79.0,309.69,586.06
33.5,79.5,309.7,586.28
33.5,80.0,309.7,586.49
33.5,80.5,309.71,586.69
33.5,81.0,309.72,586.89
33.5,81.5,309.72,587.08
33.5,82.0,309.73,587.26
33.5,82.5,309.73,587.43
33.5,83.0,309.74,587.6
33.5,83.5,309.74,587.76
33.5,84.0,309.75,587.91
33.5,84.5,309.75,588.06
33.5,85.0,309.76,588.2
33.5,85.5,309.76,588.34
33.5,86.0,309.76,588.47
33.5,86.5,309.77,588.6
33.5,87.0,309.77,588.72
33.5,87.5,309.78,588.84
33.5,88.0,309.78,588.96
33.5,88.5,309.78,589.07
33.5,89.0,309.79,589.18
33.5,89.5,309.79,589.28
33.5,90.0,309.79,589.38
34.0,30.0,287.58,315.09
34.0,30.5,287.61,315.18
34.0,31.0,287.85,315.85
34.0,31.5,288.3,317.1
34.0,32.0,288.94,318.91
34.0,32.5,289.74,321.26
34.0,33.0,290.6,323.99
34.0,33.5,291.68,327.32
34.0,34.0,292.84,331.08
34.0,34.5,294.06,335.24
34.0,35.0,295.29,339.75
34.0,35.5,296.51,344.58
34.0,36.0,297.7,349.69
34.0,36.5,298.85,355.06
34.0,37.0,299.94,360.67
34.0,37.5,300.98,366.5
34.0,38.0,301.97,372.53
34.0,38.5,302.9,378.73
34.0,39.0,303.78,385.07
34.0,39.5,304.61,391.55
34.0,40.0,305.39,398.12
34.0,40.5,306.12,404.75
34.0,41.0,306.91,411.58
34.0,41.5,307.53,418.26
34.0,42.0,308.11,424.91
34.0,42.5,308.65,431.53
34.0,43.0,309.15,438.07
34.0,43.5,309.6,444.52
34.0,44.0,310.02,450.86
34.0,44.5,310.4,457.06
34.0,45.0,310.74,463.11
34.0,45.5,311.06,469.0
34.0,46.0,311.34,474.71
34.0,46.5,311.6,480.24
34.0,47.0,311.83,485.58
34.0,47.5,312.03,490.72
34.0,48.0,312.22,495.65
34.0,48.5,312.39,500.39
34.0,49.0,312.54,504.92
34.0,49.5,312.68,509.25
34.0,50.0,312.8,513.39
34.0,50.5,312.91,517.33
34.0,51.0,313.01,521.08
34.0,51.5,313.1,524.65
34.0,52.0,313.18,528.04
34.0,52.5,313.26,531.26
34.0,53.0,313.32,534.31
34.0,53.5,313.38,537.21
34.0,54.0,313.44,539.95
34.0,54.5,313.49,542.55
34.0,55.0,313.53,545.01
34.0,55.5,313.58,547.34
34.0,56.0,313.62,549.55
34.0,56.5,313.65,551.63
34.0,57.0,313.68,553.61
34.0,57.5,313.71,555.48
34.0,58.0,313.74,557.24
34.0,58.5,313.77,558.92
34.0,59.0,313.79,560.5
34.0,59.5,313.82,562.0
34.0,60.0,313.84,563.42
34.0,60.5,313.86,564.76
34.0,61.0,313.88,566.03
34.0,61.5,313.9,567.23
34.0,62.0,313.91,568.38
34.0,62.5,313.93,569.46
34.0,63.0,313.95,570.48
34.0,63.5,313.96,571.46
34.0,64.0,313.98,572.38
34.0,64.5,313.99,573.26
34.0,65.0,314.0,574.09
34.0,65.5,314.02,574.88
34.0,66.0,314.03,575.63
34.0,66.5,314.04,576.34
34.0,67.0,314.05,577.02
34.0,67.5,314.06,577.66
34.0,68.0,314.07,578.28
34.0,68.5,314.08,578.86
34.0,69.0,314.09,579.42
34.0,69.5,314.1,579.95
34.0,70.0,314.11,580.45
34.0,70.5,314.12,580.94
34.0,71.0,314.13,581.4
34.0,71.5,314.13,581.83
34.0,72.0,314.14,582.25
34.0,72.5,314.15,582.65
34.0,73.0,314.15,583.03
34.0,73.5,314.16,583.4
34.0,74.0,314.17,583.75
34.0,74.5,314.17,584.08
34.0,75.0,314.18,584.4
34.0,75.5,314.19,584.7
34.0,76.0,314.19,585.0
34.0,76.5,314.2,585.28
34.0,77.0,314.2,585.54
34.0,77.5,314.21,585.8
34.0,78.0,314.21,586.05
34.0,78.5,314.22,586.28
34.0,79.0,314.22,586.51
34.0,79.5,314.23,586.73
34.0,80.0,314.23,586.94
34.0,80.5,314.23,587.14
34.0,81.0,314.24,587.33
34.0,81.5,314.24,587.52
34.0,82.0,314.25,587.7
34.0,82.5,314.25,587.87
34.0,83.0,314.25,588.03
34.0,83.5,314.26,588.19
34.0,84.0,314.26,588.34
34.0,84.5,314.26,588.49
34.0,85.0,314.27,588.63
34.0,85.5,314.27,588.77
34.0,86.0,314.27,588.9
34.0,86.5,314.27,589.03
34.0,87.0,314.28,589.15
34.0,87.5,314.28,589.27
34.0,88.0,314.28,589.38
34.0,88.5,314.28,589.49
34.0,89.0,314.29,589.6
34.0,89.5,314.29,589.7
34.0,90.0,314.29,589.8
34.5,30.0,291.25,316.79
34.5,30.5,291.28,316.88
34.5,31.0,291.53,317.56
34.5,31.5,291.89,318.71
34.5,32.0,292.55,320.54
34.5,32.5,293.4,322.91
34.5,33.0,294.4,325.79
34.5,33.5,295.53,329.16
34.5,34.0,296.75,332.97
34.5,34.5,298.04,337.17
34.5,35.0,299.35,341.74
34.5,35.5,300.66,346.62
34.5,36.0,301.93,351.78
34.5,36.5,303.16,357.19
34.5,37.0,304.32,362.83
34.5,37.5,305.42,368.68
34.5,38.0,306.46,374.7
34.5,38.5,307.44,380.9
34.5,39.0,308.46,387.38
34.5,39.5,309.31,393.82
34.5,40.0,310.12,400.35
34.5,40.5,310.87,406.94
34.5,41.0,311.57,413.58
34.5,41.5,312.23,420.21
34.5,42.0,312.83,426.83
34.5,42.5,313.4,433.41
34.5,43.0,313.92,439.91
34.5,43.5,314.4,446.32
34.5,44.0,314.84,452.61
34.5,44.5,315.24,458.77
34.5,45.0,315.61,464.78
34.5,45.5,315.94,470.63
34.5,46.0,316.24,476.3
34.5,46.5,316.52,481.78
34.5,47.0,316.77,487.07
34.5,47.5,316.99,492.17
34.5,48.0,317.2,497.07
34.5,48.5,317.38,501.76
34.5,49.0,317.55,506.26
34.5,49.5,317.7,510.55
34.5,50.0,317.84,514.65
34.5,50.5,317.96,518.56
34.5,51.0,318.07,522.27
34.5,51.5,318.17,525.81
34.5,52.0,318.26,529.17
34.5,52.5,318.35,532.36
34.5,53.0,318.42,535.38
34.5,53.5,318.49,538.25
34.5,54.0,318.55,540.97
34.5,54.5,318.61,543.54
34.5,55.0,318.56,545.74
34.5,55.5,318.61,548.05
34.5,56.0,318.65,550.23
34.5,56.5,318.69,552.3
34.5,57.0,318.73,554.26
34.5,57.5,318.77,556.11
34.5,58.0,318.8,557.86
34.5,58.5,318.83,559.52
34.5,59.0,318.86,561.09
34.5,59.5,318.88,562.57
34.5,60.0,318.91,563.98
34.5,60.5,318.93,565.31
34.5,61.0,318.95,566.57
34.5,61.5,318.97,567.76
34.5,62.0,318.99,568.89
34.5,62.5,319.01,569.97
34.5,63.0,319.02,570.98
34.5,63.5,319.04,571.95
34.5,64.0,319.05,572.86
34.5,64.5,319.07,573.73
34.5,65.0,319.08,574.55
34.5,65.5,319.09,575.33
34.5,66.0,319.11,576.08
34.5,66.5,319.12,576.78
34.5,67.0,319.13,577.46
34.5,67.5,319.14,578.09
34.5,68.0,319.15,578.7
34.5,68.5,319.16,579.28
34.5,69.0,319.16,579.83
34.5,69.5,319.17,580.36
34.5,70.0,319.18,580.86
34.5,70.5,319.19,581.33
34.5,71.0,319.2,581.79
34.5,71.5,319.2,582.22
34.5,72.0,319.21,582.64
34.5,72.5,319.22,583.03
34.5,73.0,319.22,583.41
34.5,73.5,319.23,583.77
34.5,74.0,319.23,584.12
34.5,74.5,319.24,584.45
34.5,75.0,319.24,584.76
34.5,75.5,319.25,585.07
34.5,76.0,319.25,585.36
34.5,76.5,319.26,585.63
34.5,77.0,319.26,585.9
34.5,77.5,319.27,586.15
34.5,78.0,319.27,586.4
34.5,78.5,319.27,586.63
34.5,79.0,319.28,586.86
34.5,79.5,319.28,587.07
34.5,80.0,319.28,587.28
34.5,80.5,319.29,587.48
34.5,81.0,319.29,587.67
34.5,81.5,319.29,587.85
34.5,82.0,319.3,588.03
34.5,82.5,319.3,588.2
34.5,83.0,319.3,588.36
34.5,83.5,319.3,588.52
34.5,84.0,319.31,588.67
34.5,84.5,319.31,588.82
34.5,85.0,319.31,588.96
34.5,85.5,319.31,589.09
34.5,86.0,319.32,589.22
34.5,86.5,319.32,589.35
34.5,87.0,319.32,589.47
34.5,87.5,319.32,589.59
34.5,88.0,319.32,589.7
34.5,88.5,319.33,589.81
34.5,89.0,319.33,589.91
34.5,89.5,319.33,590.01
34.5,90.0,319.33,590.11
35.0,30.0,295.15,318.49
35.0,30.5,295.18,318.58
35.0,31.0,295.44,319.27
35.0,31.5,295.92,320.54
35.0,32.0,296.6,322.39
35.0,32.5,297.47,324.78
35.0,33.0,298.5,327.69
35.0,33.5,299.68,331.09
35.0,34.0,300.96,334.94
35.0,34.5,302.32,339.2
35.0,35.0,303.72,343.82
35.0,35.5,305.11,348.76
35.0,36.0,306.48,353.98
35.0,36.5,307.8,359.44
35.0,37.0,309.05,365.12
35.0,37.5,310.32,371.12
35.0,38.0,311.41,377.15
35.0,38.5,312.43,383.33
35.0,39.0,313.39,389.64
35.0,39.5,314.29,396.06
35.0,40.0,315.13,402.57
35.0,40.5,315.92,409.13
35.0,41.0,316.65,415.73
35.0,41.5,317.34,422.34
35.0,42.0,317.98,428.92
35.0,42.5,318.57,435.45
35.0,43.0,319.11,441.91
35.0,43.5,319.62,448.27
35.0,44.0,320.08,454.52
35.0,44.5,320.51,460.63
35.0,45.0,320.81,466.43
35.0,45.5,321.18,472.25
35.0,46.0,321.51,477.9
35.0,46.5,321.82,483.36
35.0,47.0,322.1,488.62
35.0,47.5,322.35,493.69
35.0,48.0,322.58,498.55
35.0,48.5,322.79,503.22
35.0,49.0,322.98,507.68
35.0,49.5,323.15,511.95
35.0,50.0,323.4,516.22
35.0,50.5,323.49,519.97
35.0,51.0,323.56,523.55
35.0,51.5,323.63,526.96
35.0,52.0,323.69,530.19
35.0,52.5,323.89,533.58
35.0,53.0,323.98,536.58
35.0,53.5,324.06,539.43
35.0,54.0,324.13,542.12
35.0,54.5,324.2,544.67
35.0,55.0,324.26,547.09
35.0,55.5,324.31,549.37
35.0,56.0,324.37,551.53
35.0,56.5,324.41,553.58
35.0,57.0,324.46,555.52
35.0,57.5,324.5,557.35
35.0,58.0,324.53,559.08
35.0,58.5,324.57,560.72
35.0,59.0,324.6,562.27
35.0,59.5,324.63,563.74
35.0,60.0,324.65,565.13
35.0,60.5,324.68,566.45
35.0,61.0,324.7,567.69
35.0,61.5,324.72,568.87
35.0,62.0,324.74,569.99
35.0,62.5,324.76,571.05
35.0,63.0,324.78,572.05
35.0,63.5,324.8,573.01
35.0,64.0,324.81,573.91
35.0,64.5,324.83,574.77
35.0,65.0,324.84,575.58
35.0,65.5,324.85,576.36
35.0,66.0,324.87,577.09
35.0,66.5,324.88,577.79
35.0,67.0,324.89,578.45
35.0,67.5,324.9,579.08
35.0,68.0,324.91,579.68
35.0,68.5,324.92,580.26
35.0,69.0,324.93,580.8
35.0,69.5,324.94,581.32
35.0,70.0,324.94,581.81
35.0,70.5,324.95,582.28
35.0,71.0,324.96,582.73
35.0,71.5,324.97,583.16
35.0,72.0,324.97,583.57
35.0,72.5,324.98,583.96
35.0,73.0,324.98,584.34
35.0,73.5,324.99,584.69
35.0,74.0,324.99,585.03
35.0,74.5,325.0,585.36
35.0,75.0,325.0,585.67
35.0,75.5,325.01,585.97
35.0,76.0,325.01,586.26
35.0,76.5,325.02,586.53
35.0,77.0,325.02,586.79
35.0,77.5,325.03,587.05
35.0,78.0,325.03,587.29
35.0,78.5,325.03,587.52
35.0,79.0,325.04,587.74
35.0,79.5,325.04,587.95
35.0,80.0,325.04,588.16
35.0,80.5,325.05,588.35
35.0,81.0,325.05,588.54
35.0,81.5,325.05,588.72
35.0,82.0,325.05,588.9
35.0,82.5,325.06,589.07
35.0,83.0,325.06,589.23
35.0,83.5,325.06,589.38
35.0,84.0,325.06,589.53
35.0,84.5,325.07,589.68
35.0,85.0,325.07,589.81
35.0,85.5,325.07,589.95
35.0,86.0,325.07,590.08
35.0,86.5,325.07,590.2
35.0,87.0,325.08,590.32
35.0,87.5,325.08,590.43
35.0,88.0,325.08,590.55
35.0,88.5,325.08,590.65
35.0,89.0,325.08,590.76
35.0,89.5,325.08,590.86
35.0,90.0,325.09,590.95
35.5,30.0,299.46,320.4
35.5,30.5,299.49,320.49
35.5,31.0,299.75,321.18
35.5,31.5,300.24,322.46
35.5,32.0,300.93,324.32
35.5,32.5,301.82,326.73
35.5,33.0,302.89,329.66
35.5,33.5,304.1,333.09
35.5,34.0,305.44,336.97
35.5,34.5,306.86,341.28
35.5,35.0,308.34,345.95
35.5,35.5,309.83,350.96
35.5,36.0,311.3,356.24
35.5,36.5,312.81,361.88
35.5,37.0,314.14,367.59
35.5,37.5,315.39,373.48
35.5,38.0,316.56,379.53
35.5,38.5,317.65,385.72
35.5,39.0,318.67,392.03
35.5,39.5,319.62,398.44
35.5,40.0,320.51,404.93
35.5,40.5,321.34,411.47
35.5,41.0,322.11,418.04
35.5,41.5,322.73,424.45
35.5,42.0,323.42,431.02
35.5,42.5,324.07,437.55
35.5,43.0,324.66,444.0
35.5,43.5,325.21,450.34
35.5,44.0,325.68,456.5
35.5,44.5,326.18,462.65
35.5,45.0,326.6,468.59
35.5,45.5,326.99,474.35
35.5,46.0,327.35,479.94
35.5,46.5,327.67,485.35
35.5,47.0,327.97,490.56
35.5,47.5,328.23,495.57
35.5,48.0,328.48,500.39
35.5,48.5,328.7,505.0
35.5,49.0,328.9,509.42
35.5,49.5,329.09,513.64
35.5,50.0,329.25,517.66
35.5,50.5,329.41,521.49
35.5,51.0,329.55,525.14
35.5,51.5,329.67,528.61
35.5,52.0,329.79,531.9
35.5,52.5,329.89,535.03
35.5,53.0,329.99,537.99
35.5,53.5,330.08,540.8
35.5,54.0,330.16,543.47
35.5,54.5,330.23,545.99
35.5,55.0,330.3,548.37
35.5,55.5,330.36,550.63
35.5,56.0,330.42,552.77
35.5,56.5,330.47,554.79
35.5,57.0,330.52,556.7
35.5,57.5,330.56,558.51
35.5,58.0,330.6,560.22
35.5,58.5,330.64,561.84
35.5,59.0,330.68,563.38
35.5,59.5,330.71,564.83
35.5,60.0,330.74,566.2
35.5,60.5,330.77,567.5
35.5,61.0,330.8,568.73
35.5,61.5,330.82,569.89
35.5,62.0,330.84,571.0
35.5,62.5,330.86,572.04
35.5,63.0,330.88,573.04
35.5,63.5,330.9,573.98
35.5,64.0,330.92,574.87
35.5,64.5,330.94,575.72
35.5,65.0,330.95,576.52
35.5,65.5,330.97,577.28
35.5,66.0,330.98,578.01
35.5,66.5,330.99,578.7
35.5,67.0,331.01,579.35
35.5,67.5,331.02,579.98
35.5,68.0,331.03,580.57
35.5,68.5,331.04,581.13
35.5,69.0,331.05,581.67
35.5,69.5,331.06,582.18
35.5,70.0,331.07,582.67
35.5,70.5,331.07,583.14
35.5,71.0,331.08,583.58
35.5,71.5,331.09,584.0
35.5,72.0,331.1,584.41
35.5,72.5,331.1,584.79
35.5,73.0,331.11,585.16
35.5,73.5,331.12,585.52
35.5,74.0,331.12,585.85
35.5,74.5,331.13,586.17
35.5,75.0,331.13,586.48
35.5,75.5,331.14,586.78
35.5,76.0,331.14,587.06
35.5,76.5,331.15,587.33
35.5,77.0,331.15,587.59
35.5,77.5,331.15,587.84
35.5,78.0,331.16,588.07
35.5,78.5,331.16,588.3
35.5,79.0,331.17,588.52
35.5,79.5,331.17,588.73
35.5,80.0,331.17,588.93
35.5,80.5,331.18,589.13
35.5,81.0,331.18,589.31
35.5,81.5,331.18,589.49
35.5,82.0,331.18,589.67
35.5,82.5,331.19,589.83
35.5,83.0,331.19,589.99
35.5,83.5,331.19,590.14
35.5,84.0,331.2,590.29
35.5,84.5,331.2,590.43
35.5,85.0,331.2,590.57
35.5,85.5,331.2,590.7
35.5,86.0,331.2,590.83
35.5,86.5,331.21,590.95
35.5,87.0,331.21,591.07
35.5,87.5,331.21,591.18
35.5,88.0,331.21,591.29
35.5,88.5,331.21,591.4
35.5,89.0,331.21,591.5
35.5,89.5,331.22,591.6
35.5,90.0,331.22,591.69
36.0,30.0,304.04,322.38
36.0,30.5,304.08,322.47
36.0,31.0,304.34,323.17
36.0,31.5,304.84,324.45
36.0,32.0,305.54,326.32
36.0,32.5,306.45,328.73
36.0,33.0,307.54,331.68
36.0,33.5,308.78,335.13
36.0,34.0,310.16,339.05
36.0,34.5,311.64,343.39
36.0,35.0,313.19,348.12
36.0,35.5,314.86,353.29
36.0,36.0,316.41,358.62
36.0,36.5,317.92,364.19
36.0,37.0,319.36,369.96
36.0,37.5,320.72,375.91
36.0,38.0,321.99,382.0
36.0,38.5,323.16,388.21
36.0,39.0,324.25,394.53
36.0,39.5,325.17,400.81
36.0,40.0,326.15,407.33
36.0,40.5,327.05,413.89
36.0,41.0,327.89,420.46
36.0,41.5,328.67,427.02
36.0,42.0,329.39,433.54
36.0,42.5,330.05,440.01
36.0,43.0,330.67,446.4
36.0,43.5,331.24,452.68
36.0,44.0,331.76,458.84
36.0,44.5,332.24,464.87
36.0,45.0,332.68,470.74
36.0,45.5,333.08,476.44
36.0,46.0,333.45,481.97
36.0,46.5,333.79,487.31
36.0,47.0,334.1,492.46
36.0,47.5,334.38,497.42
36.0,48.0,334.64,502.17
36.0,48.5,334.88,506.73
36.0,49.0,335.09,511.09
36.0,49.5,335.29,515.26
36.0,50.0,335.47,519.23
36.0,50.5,335.63,523.02
36.0,51.0,335.78,526.62
36.0,51.5,335.91,530.04
36.0,52.0,336.04,533.3
36.0,52.5,336.15,536.38
36.0,53.0,336.26,539.31
36.0,53.5,336.35,542.08
36.0,54.0,336.44,544.71
36.0,54.5,336.52,547.19
36.0,55.0,336.6,549.55
36.0,55.5,336.66,551.78
36.0,56.0,336.73,553.88
36.0,56.5,336.79,555.88
36.0,57.0,336.84,557.77
36.0,57.5,336.89,559.55
36.0,58.0,336.94,561.24
36.0,58.5,336.98,562.84
36.0,59.0,337.02,564.35
36.0,59.5,337.05,565.78
36.0,60.0,337.09,567.13
36.0,60.5,337.12,568.41
36.0,61.0,337.15,569.63
36.0,61.5,337.18,570.78
36.0,62.0,337.2,571.86
36.0,62.5,337.23,572.9
36.0,63.0,337.25,573.87
36.0,63.5,337.27,574.8
36.0,64.0,337.29,575.68
36.0,64.5,337.31,576.52
36.0,65.0,337.33,577.31
36.0,65.5,337.34,578.06
36.0,66.0,337.36,578.78
36.0,66.5,337.37,579.46
36.0,67.0,337.39,580.1
36.0,67.5,337.4,580.72
36.0,68.0,337.41,581.3
36.0,68.5,337.42,581.86
36.0,69.0,337.43,582.39
36.0,69.5,337.44,582.89
36.0,70.0,337.45,583.38
36.0,70.5,337.46,583.83
36.0,71.0,337.47,584.27
36.0,71.5,337.48,584.69
36.0,72.0,337.49,585.09
36.0,72.5,337.5,585.47
36.0,73.0,337.5,585.83
36.0,73.5,337.51,586.18
36.0,74.0,337.52,586.51
36.0,74.5,337.52,586.83
36.0,75.0,337.53,587.13
36.0,75.5,337.53,587.42
36.0,76.0,337.54,587.7
36.0,76.5,337.54,587.97
36.0,77.0,337.55,588.22
36.0,77.5,337.55,588.47
36.0,78.0,337.56,588.7
36.0,78.5,337.56,588.93
36.0,79.0,337.57,589.14
36.0,79.5,337.57,589.35
36.0,80.0,337.57,589.55
36.0,80.5,337.58,589.74
36.0,81.0,337.58,589.92
36.0,81.5,337.58,590.1
36.0,82.0,337.59,590.27
36.0,82.5,337.59,590.43
36.0,83.0,337.59,590.59
36.0,83.5,337.6,590.74
36.0,84.0,337.6,590.88
36.0,84.5,337.6,591.02
36.0,85.0,337.6,591.16
36.0,85.5,337.61,591.29
36.0,86.0,337.61,591.41
36.0,86.5,337.61,591.53
36.0,87.0,337.61,591.65
36.0,87.5,337.62,591.76
36.0,88.0,337.62,591.87
36.0,88.5,337.62,591.98
36.0,89.0,337.62,592.08
36.0,89.5,337.62,592.17
36.0,90.0,337.62,592.27
36.5,30.0,308.89,324.42
36.5,30.5,308.93,324.51
36.5,31.0,309.19,325.21
36.5,31.5,309.69,326.5
36.5,32.0,310.41,328.37
36.5,32.5,311.32,330.79
36.5,33.0,312.43,333.75
36.5,33.5,313.7,337.22
36.5,34.0,315.11,341.15
36.5,34.5,316.73,345.65
36.5,35.0,318.31,350.39
36.5,35.5,319.94,355.47
36.5,36.0,321.59,360.86
36.5,36.5,323.2,366.5
36.5,37.0,324.76,372.35
36.5,37.5,326.24,378.36
36.5,38.0,327.53,384.39
36.5,38.5,328.86,390.7
36.5,39.0,330.14,397.18
36.5,39.5,331.19,403.54
36.5,40.0,332.21,410.04
36.5,40.5,333.16,416.56
36.5,41.0,334.03,423.08
36.5,41.5,334.83,429.59
36.5,42.0,335.58,436.05
36.5,42.5,336.26,442.46
36.5,43.0,336.9,448.78
36.5,43.5,337.48,454.99
36.5,44.0,338.02,461.08
36.5,44.5,338.51,467.04
36.5,45.0,338.97,472.84
36.5,45.5,339.39,478.47
36.5,46.0,339.77,483.93
36.5,46.5,340.12,489.2
36.5,47.0,340.44,494.28
36.5,47.5,340.74,499.17
36.5,48.0,341.01,503.87
36.5,48.5,341.25,508.36
36.5,49.0,341.48,512.67
36.5,49.5,341.68,516.77
36.5,50.0,341.87,520.69
36.5,50.5,342.05,524.42
36.5,51.0,342.2,527.97
36.5,51.5,342.35,531.35
36.5,52.0,342.48,534.55
36.5,52.5,342.6,537.59
36.5,53.0,342.72,540.48
36.5,53.5,342.82,543.21
36.5,54.0,342.91,545.8
36.5,54.5,343.0,548.25
36.5,55.0,343.08,550.57
36.5,55.5,343.15,552.76
36.5,56.0,343.22,554.84
36.5,56.5,343.29,556.8
36.5,57.0,343.34,558.66
36.5,57.5,343.4,560.42
36.5,58.0,343.45,562.08
36.5,58.5,343.5,563.65
36.5,59.0,343.54,565.14
36.5,59.5,343.58,566.55
36.5,60.0,343.62,567.88
36.5,60.5,343.65,569.15
36.5,61.0,343.69,570.34
36.5,61.5,343.72,571.47
36.5,62.0,343.74,572.54
36.5,62.5,343.77,573.56
36.5,63.0,343.8,574.52
36.5,63.5,343.82,575.44
36.5,64.0,343.84,576.3
36.5,64.5,343.86,577.12
36.5,65.0,343.88,577.9
36.5,65.5,343.9,578.65
36.5,66.0,343.92,579.35
36.5,66.5,343.93,580.02
36.5,67.0,343.95,580.65
36.5,67.5,343.96,581.26
36.5,68.0,343.98,581.84
36.5,68.5,343.99,582.38
36.5,69.0,344.0,582.9
36.5,69.5,344.01,583.4
36.5,70.0,344.03,583.87
36.5,70.5,344.04,584.33
36.5,71.0,344.05,584.76
36.5,71.5,344.06,585.17
36.5,72.0,344.06,585.56
36.5,72.5,344.07,585.93
36.5,73.0,344.08,586.29
36.5,73.5,344.09,586.63
36.5,74.0,344.1,586.96
36.5,74.5,344.1,587.27
36.5,75.0,344.11,587.57
36.5,75.5,344.12,587.86
36.5,76.0,344.12,588.13
36.5,76.5,344.13,588.39
36.5,77.0,344.13,588.64
36.5,77.5,344.14,588.89
36.5,78.0,344.14,589.12
36.5,78.5,344.15,589.34
36.5,79.0,344.15,589.55
36.5,79.5,344.16,589.75
36.5,80.0,344.16,589.95
36.5,80.5,344.16,590.14
36.5,81.0,344.17,590.32
36.5,81.5,344.17,590.49
36.5,82.0,344.18,590.66
36.5,82.5,344.18,590.82
36.5,83.0,344.18,590.97
36.5,83.5,344.19,591.12
36.5,84.0,344.19,591.27
36.5,84.5,344.19,591.4
36.5,85.0,344.19,591.54
36.5,85.5,344.2,591.66
36.5,86.0,344.2,591.79
36.5,86.5,344.2,591.91
36.5,87.0,344.2,592.02
36.5,87.5,344.21,592.13
36.5,88.0,344.21,592.24
36.5,88.5,344.21,592.34
36.5,89.0,344.21,592.44
36.5,89.5,344.21,592.53
36.5,90.0,344.22,592.63
37.0,30.0,313.98,326.52
37.0,30.5,314.01,326.61
37.0,31.0,314.28,327.3
37.0,31.5,314.78,328.59
37.0,32.0,315.5,330.46
37.0,32.5,316.43,332.89
37.0,33.0,317.54,335.85
37.0,33.5,318.82,339.33
37.0,34.0,320.35,343.38
37.0,34.5,321.88,347.75
37.0,35.0,323.51,352.52
37.0,35.5,325.2,357.65
37.0,36.0,326.92,363.1
37.0,36.5,328.64,368.8
37.0,37.0,330.23,374.62
37.0,37.5,331.89,380.77
37.0,38.0,333.43,387.03
37.0,38.5,334.86,393.38
37.0,39.0,336.16,399.78
37.0,39.5,337.34,406.23
37.0,40.0,338.43,412.7
37.0,40.5,339.42,419.18
37.0,41.0,340.32,425.66
37.0,41.5,341.16,432.11
37.0,42.0,341.92,438.51
37.0,42.5,342.63,444.85
37.0,43.0,343.28,451.09
37.0,43.5,343.88,457.23
37.0,44.0,344.43,463.25
37.0,44.5,344.94,469.12
37.0,45.0,345.4,474.84
37.0,45.5,345.83,480.4
37.0,46.0,346.23,485.78
37.0,46.5,346.59,490.98
37.0,47.0,346.92,495.99
37.0,47.5,347.22,500.81
37.0,48.0,347.63,505.65
37.0,48.5,347.9,510.11
37.0,49.0,348.14,514.37
37.0,49.5,348.37,518.44
37.0,50.0,348.58,522.33
37.0,50.5,348.77,526.02
37.0,51.0,348.95,529.54
37.0,51.5,349.11,532.88
37.0,52.0,349.26,536.06
37.0,52.5,349.4,539.07
37.0,53.0,349.52,541.92
37.0,53.5,349.64,544.63
37.0,54.0,349.75,547.19
37.0,54.5,349.84,549.61
37.0,55.0,349.94,551.91
37.0,55.5,350.02,554.08
37.0,56.0,350.1,556.14
37.0,56.5,350.17,558.08
37.0,57.0,350.24,559.92
37.0,57.5,350.3,561.66
37.0,58.0,350.36,563.3
37.0,58.5,350.41,564.86
37.0,59.0,350.47,566.33
37.0,59.5,350.51,567.73
37.0,60.0,350.56,569.04
37.0,60.5,350.6,570.29
37.0,61.0,350.63,571.47
37.0,61.5,350.67,572.59
37.0,62.0,350.7,573.65
37.0,62.5,350.74,574.66
37.0,63.0,350.76,575.61
37.0,63.5,350.79,576.51
37.0,64.0,350.82,577.37
37.0,64.5,350.84,578.18
37.0,65.0,350.87,578.95
37.0,65.5,350.89,579.69
37.0,66.0,350.91,580.38
37.0,66.5,350.93,581.04
37.0,67.0,350.94,581.67
37.0,67.5,350.96,582.27
37.0,68.0,350.98,582.84
37.0,68.5,350.99,583.38
37.0,69.0,351.01,583.9
37.0,69.5,351.02,584.39
37.0,70.0,351.03,584.86
37.0,70.5,351.05,585.3
37.0,71.0,351.06,585.73
37.0,71.5,351.07,586.13
37.0,72.0,351.08,586.52
37.0,72.5,351.09,586.89
37.0,73.0,351.1,587.24
37.0,73.5,351.11,587.58
37.0,74.0,351.12,587.91
37.0,74.5,351.13,588.21
37.0,75.0,351.13,588.51
37.0,75.5,351.14,588.79
37.0,76.0,351.15,589.06
37.0,76.5,351.16,589.32
37.0,77.0,351.16,589.57
37.0,77.5,351.17,589.81
37.0,78.0,351.17,590.04
37.0,78.5,351.18,590.26
37.0,79.0,351.19,590.47
37.0,79.5,351.19,590.67
37.0,80.0,351.2,590.86
37.0,80.5,351.2,591.05
37.0,81.0,351.2,591.22
37.0,81.5,351.21,591.4
37.0,82.0,351.21,591.56
37.0,82.5,351.22,591.72
37.0,83.0,351.22,591.87
37.0,83.5,351.23,592.02
37.0,84.0,351.23,592.16
37.0,84.5,351.23,592.3
37.0,85.0,351.24,592.43
37.0,85.5,351.24,592.55
37.0,86.0,351.24,592.68
37.0,86.5,351.24,592.79
37.0,87.0,351.25,592.91
37.0,87.5,351.25,593.01
37.0,88.0,351.25,593.12
37.0,88.5,351.26,593.22
37.0,89.0,351.26,593.32
37.0,89.5,351.26,593.41
37.0,90.0,351.26,593.5
37.5,30.0,319.29,328.65
37.5,30.5,319.33,328.74
37.5,31.0,319.6,329.43
37.5,31.5,320.1,330.72
37.5,32.0,320.81,332.59
37.5,32.5,321.74,335.02
37.5,33.0,322.96,338.09
37.5,33.5,324.23,341.55
37.5,34.0,325.66,345.49
37.5,34.5,327.22,349.87
37.5,35.0,328.88,354.67
37.5,35.5,330.62,359.83
37.5,36.0,332.29,365.18
37.5,36.5,334.16,371.02
37.5,37.0,335.98,377.06
37.5,37.5,337.73,383.26
37.5,38.0,339.38,389.57
37.5,38.5,340.91,395.95
37.5,39.0,342.3,402.37
37.5,39.5,343.57,408.82
37.5,40.0,344.72,415.27
37.5,40.5,345.76,421.72
37.5,41.0,346.71,428.15
37.5,41.5,347.57,434.54
37.5,42.0,348.36,440.88
37.5,42.5,349.09,447.14
37.5,43.0,349.76,453.31
37.5,43.5,350.5,459.57
37.5,44.0,351.1,465.56
37.5,44.5,351.65,471.4
37.5,45.0,352.15,477.09
37.5,45.5,352.62,482.62
37.5,46.0,353.05,487.97
37.5,46.5,353.45,493.14
37.5,47.0,353.81,498.12
37.5,47.5,354.15,502.91
37.5,48.0,354.46,507.51
37.5,48.5,354.74,511.91
37.5,49.0,355.0,516.12
37.5,49.5,355.24,520.14
37.5,50.0,355.47,523.98
37.5,50.5,355.67,527.63
37.5,51.0,355.86,531.1
37.5,51.5,356.03,534.39
37.5,52.0,356.19,537.53
37.5,52.5,356.34,540.5
37.5,53.0,356.47,543.31
37.5,53.5,356.6,545.98
37.5,54.0,356.71,548.51
37.5,54.5,356.82,550.9
37.5,55.0,356.92,553.16
37.5,55.5,357.01,555.31
37.5,56.0,357.1,557.33
37.5,56.5,357.18,559.25
37.5,57.0,357.25,561.06
37.5,57.5,357.32,562.78
37.5,58.0,357.38,564.4
37.5,58.5,357.44,565.93
37.5,59.0,357.5,567.38
37.5,59.5,357.55,568.76
37.5,60.0,357.6,570.06
37.5,60.5,357.64,571.29
37.5,61.0,357.68,572.45
37.5,61.5,357.72,573.55
37.5,62.0,357.76,574.6
37.5,62.5,357.79,575.59
37.5,63.0,357.83,576.53
37.5,63.5,357.86,577.42
37.5,64.0,357.89,578.26
37.5,64.5,357.91,579.06
37.5,65.0,357.94,579.82
37.5,65.5,357.96,580.54
37.5,66.0,357.98,581.23
37.5,66.5,358.01,581.88
37.5,67.0,358.03,582.5
37.5,67.5,358.05,583.09
37.5,68.0,358.06,583.65
37.5,68.5,358.08,584.18
37.5,69.0,358.1,584.69
37.5,69.5,358.11,585.17
37.5,70.0,358.13,585.64
37.5,70.5,358.14,586.07
37.5,71.0,358.15,586.49
37.5,71.5,358.17,586.89
37.5,72.0,358.18,587.28
37.5,72.5,358.19,587.64
37.5,73.0,358.2,587.99
37.5,73.5,358.21,588.32
37.5,74.0,358.22,588.64
37.5,74.5,358.23,588.94
37.5,75.0,358.24,589.23
37.5,75.5,358.25,589.51
37.5,76.0,358.25,589.78
37.5,76.5,358.26,590.03
37.5,77.0,358.27,590.28
37.5,77.5,358.28,590.51
37.5,78.0,358.28,590.74
37.5,78.5,358.29,590.95
37.5,79.0,358.29,591.16
37.5,79.5,358.3,591.36
37.5,80.0,358.31,591.55
37.5,80.5,358.31,591.73
37.5,81.0,358.32,591.91
37.5,81.5,358.32,592.08
37.5,82.0,358.33,592.24
37.5,82.5,358.33,592.4
37.5,83.0,358.34,592.55
37.5,83.5,358.34,592.69
37.5,84.0,358.34,592.83
37.5,84.5,358.35,592.96
37.5,85.0,358.35,593.09
37.5,85.5,358.35,593.22
37.5,86.0,358.36,593.34
37.5,86.5,358.36,593.45
37.5,87.0,358.36,593.56
37.5,87.5,358.37,593.67
37.5,88.0,358.37,593.77
37.5,88.5,358.37,593.87
37.5,89.0,358.38,593.97
37.5,89.5,358.38,594.06
37.5,90.0,358.38,594.15
38.0,30.0,324.8,330.81
38.0,30.5,324.84,330.9
38.0,31.0,325.11,331.59
38.0,31.5,325.71,332.99
38.0,32.0,326.42,334.85
38.0,32.5,327.33,337.26
38.0,33.0,328.44,340.21
38.0,33.5,329.72,343.67
38.0,34.0,331.15,347.61
38.0,34.5,332.72,352.0
38.0,35.0,334.41,356.81
38.0,35.5,336.1,361.9
38.0,36.0,338.0,367.49
38.0,36.5,339.9,373.34
38.0,37.0,341.78,379.41
38.0,37.5,343.61,385.63
38.0,38.0,345.34,391.97
38.0,38.5,346.96,398.38
38.0,39.0,348.44,404.82
38.0,39.5,349.79,411.27
38.0,40.0,351.02,417.72
38.0,40.5,352.12,424.14
38.0,41.0,353.24,430.7
38.0,41.5,354.2,437.11
38.0,42.0,355.07,443.45
38.0,42.5,355.87,449.72
38.0,43.0,356.6,455.89
38.0,43.5,357.28,461.95
38.0,44.0,357.9,467.87
38.0,44.5,358.48,473.66
38.0,45.0,359.0,479.29
38.0,45.5,359.49,484.76
38.0,46.0,359.94,490.05
38.0,46.5,360.36,495.16
38.0,47.0,360.74,500.08
38.0,47.5,361.09,504.81
38.0,48.0,361.41,509.35
38.0,48.5,361.71,513.7
38.0,49.0,361.99,517.85
38.0,49.5,362.24,521.82
38.0,50.0,362.47,525.6
38.0,50.5,362.69,529.2
38.0,51.0,362.89,532.63
38.0,51.5,363.07,535.88
38.0,52.0,363.24,538.97
38.0,52.5,363.4,541.9
38.0,53.0,363.54,544.67
38.0,53.5,363.67,547.3
38.0,54.0,363.8,549.8
38.0,54.5,363.91,552.15
38.0,55.0,364.02,554.38
38.0,55.5,364.12,556.5
38.0,56.0,364.21,558.49
38.0,56.5,364.29,560.38
38.0,57.0,364.37,562.17
38.0,57.5,364.44,563.86
38.0,58.0,364.51,565.45
38.0,58.5,364.58,566.96
38.0,59.0,364.64,568.39
38.0,59.5,364.69,569.75
38.0,60.0,364.74,571.03
38.0,60.5,364.79,572.24
38.0,61.0,364.84,573.38
38.0,61.5,364.88,574.47
38.0,62.0,364.92,575.5
38.0,62.5,364.96,576.47
38.0,63.0,364.99,577.4
38.0,63.5,365.03,578.27
38.0,64.0,365.06,579.1
38.0,64.5,365.09,579.89
38.0,65.0,365.12,580.64
38.0,65.5,365.14,581.35
38.0,66.0,365.17,582.03
38.0,66.5,365.19,582.67
38.0,67.0,365.21,583.28
38.0,67.5,365.23,583.86
38.0,68.0,365.25,584.41
38.0,68.5,365.27,584.94
38.0,69.0,365.29,585.44
38.0,69.5,365.31,585.91
38.0,70.0,365.32,586.37
38.0,70.5,365.34,586.8
38.0,71.0,365.35,587.21
38.0,71.5,365.36,587.61
38.0,72.0,365.38,587.98
38.0,72.5,365.39,588.34
38.0,73.0,365.4,588.68
38.0,73.5,365.41,589.01
38.0,74.0,365.42,589.32
38.0,74.5,365.43,589.62
38.0,75.0,365.44,589.91
38.0,75.5,365.45,590.18
38.0,76.0,365.46,590.45
38.0,76.5,365.47,590.7
38.0,77.0,365.48,590.94
38.0,77.5,365.49,591.17
38.0,78.0,365.49,591.39
38.0,78.5,365.5,591.6
38.0,79.0,365.51,591.8
38.0,79.5,365.51,592.0
38.0,80.0,365.52,592.19
38.0,80.5,365.52,592.37
38.0,81.0,365.53,592.54
38.0,81.5,365.54,592.71
38.0,82.0,365.54,592.87
38.0,82.5,365.55,593.02
38.0,83.0,365.55,593.17
38.0,83.5,365.56,593.31
38.0,84.0,365.56,593.45
38.0,84.5,365.56,593.58
38.0,85.0,365.57,593.71
38.0,85.5,365.57,593.83
38.0,86.0,365.58,593.95
38.0,86.5,365.58,594.06
38.0,87.0,365.58,594.17
38.0,87.5,365.59,594.28
38.0,88.0,365.59,594.38
38.0,88.5,365.59,594.48
38.0,89.0,365.6,594.57
38.0,89.5,365.6,594.66
38.0,90.0,365.6,594.75
38.5,30.0,330.58,333.08
38.5,30.5,330.62,333.17
38.5,31.0,330.88,333.85
38.5,31.5,331.37,335.13
38.5,32.0,332.07,336.98
38.5,32.5,332.98,339.39
38.5,33.0,334.09,342.34
38.5,33.5,335.37,345.8
38.5,34.0,336.81,349.74
38.5,34.5,338.39,354.14
38.5,35.0,340.02,358.88
38.5,35.5,341.8,364.06
38.5,36.0,343.78,369.73
38.5,36.5,345.71,375.58
38.5,37.0,347.62,381.64
38.5,37.5,349.49,387.88
38.5,38.0,351.28,394.23
38.5,38.5,352.97,400.65
38.5,39.0,354.54,407.11
38.5,39.5,356.11,413.73
38.5,40.0,357.48,420.27
38.5,40.5,358.72,426.77
38.5,41.0,359.85,433.22
38.5,41.5,360.87,439.61
38.5,42.0,361.8,445.93
38.5,42.5,362.65,452.16
38.5,43.0,363.42,458.29
38.5,43.5,364.13,464.29
38.5,44.0,364.79,470.17
38.5,44.5,365.38,475.89
38.5,45.0,365.94,481.46
38.5,45.5,366.44,486.87
38.5,46.0,366.91,492.1
38.5,46.5,367.34,497.14
38.5,47.0,367.74,502.0
38.5,47.5,368.11,506.68
38.5,48.0,368.44,511.16
38.5,48.5,368.75,515.44
38.5,49.0,369.04,519.54
38.5,49.5,369.31,523.46
38.5,50.0,369.55,527.19
38.5,50.5,369.78,530.74
38.5,51.0,369.98,534.11
38.5,51.5,370.18,537.32
38.5,52.0,370.35,540.36
38.5,52.5,370.52,543.25
38.5,53.0,370.67,545.98
38.5,53.5,370.94,548.81
38.5,54.0,371.07,551.27
38.5,54.5,371.2,553.6
38.5,55.0,371.31,555.8
38.5,55.5,371.42,557.89
38.5,56.0,371.52,559.86
38.5,56.5,371.61,561.72
38.5,57.0,371.69,563.49
38.5,57.5,371.77,565.15
38.5,58.0,371.85,566.73
38.5,58.5,371.92,568.22
38.5,59.0,371.98,569.63
38.5,59.5,372.04,570.97
38.5,60.0,372.1,572.23
38.5,60.5,372.15,573.42
38.5,61.0,372.2,574.56
38.5,61.5,372.25,575.63
38.5,62.0,372.29,576.64
38.5,62.5,372.33,577.6
38.5,63.0,372.37,578.52
38.5,63.5,372.41,579.38
38.5,64.0,372.44,580.2
38.5,64.5,372.48,580.98
38.5,65.0,372.51,581.72
38.5,65.5,372.53,582.42
38.5,66.0,372.56,583.08
38.5,66.5,372.59,583.72
38.5,67.0,372.61,584.32
38.5,67.5,372.63,584.89
38.5,68.0,372.66,585.43
38.5,68.5,372.68,585.95
38.5,69.0,372.7,586.44
38.5,69.5,372.71,586.91
38.5,70.0,372.73,587.36
38.5,70.5,372.75,587.79
38.5,71.0,372.76,588.2
38.5,71.5,372.78,588.58
38.5,72.0,372.79,588.95
38.5,72.5,372.81,589.31
38.5,73.0,372.82,589.65
38.5,73.5,372.83,589.97
38.5,74.0,372.84,590.28
38.5,74.5,372.86,590.57
38.5,75.0,372.87,590.86
38.5,75.5,372.88,591.13
38.5,76.0,372.89,591.38
38.5,76.5,372.9,591.63
38.5,77.0,372.91,591.87
38.5,77.5,372.91,592.1
38.5,78.0,372.92,592.32
38.5,78.5,372.93,592.52
38.5,79.0,372.94,592.73
38.5,79.5,372.94,592.92
38.5,80.0,372.95,593.1
38.5,80.5,372.96,593.28
38.5,81.0,372.96,593.45
38.5,81.5,372.97,593.62
38.5,82.0,372.98,593.77
38.5,82.5,372.98,593.92
38.5,83.0,372.99,594.07
38.5,83.5,372.99,594.21
38.5,84.0,373.0,594.35
38.5,84.5,373.0,594.48
38.5,85.0,373.01,594.6
38.5,85.5,373.01,594.72
38.5,86.0,373.02,594.84
38.5,86.5,373.02,594.95
38.5,87.0,373.02,595.06
38.5,87.5,373.03,595.16
38.5,88.0,373.03,595.26
38.5,88.5,373.03,595.36
38.5,89.0,373.04,595.45
38.5,89.5,373.04,595.54
38.5,90.0,373.04,595.63
39.0,30.0,336.4,335.24
39.0,30.5,336.44,335.33
39.0,31.0,336.7,336.01
39.0,31.5,337.19,337.29
39.0,32.0,337.89,339.14
39.0,32.5,338.79,341.54
39.0,33.0,339.89,344.49
39.0,33.5,341.17,347.94
39.0,34.0,342.5,351.77
39.0,34.5,344.15,356.23
39.0,35.0,345.91,361.1
39.0,35.5,347.75,366.34
39.0,36.0,349.65,371.9
39.0,36.5,351.57,377.73
39.0,37.0,353.49,383.78
39.0,37.5,355.37,390.0
39.0,38.0,357.19,396.35
39.0,38.5,359.06,402.92
39.0,39.0,360.79,409.5
39.0,39.5,362.4,416.09
39.0,40.0,363.88,422.67
39.0,40.5,365.23,429.19
39.0,41.0,366.45,435.66
39.0,41.5,367.55,442.05
39.0,42.0,368.55,448.34
39.0,42.5,369.45,454.54
39.0,43.0,370.27,460.62
39.0,43.5,371.01,466.58
39.0,44.0,371.7,472.4
39.0,44.5,372.32,478.07
39.0,45.0,372.9,483.58
39.0,45.5,373.43,488.92
39.0,46.0,373.91,494.09
39.0,46.5,374.5,499.29
39.0,47.0,374.92,504.11
39.0,47.5,375.31,508.73
39.0,48.0,375.66,513.17
39.0,48.5,375.99,517.41
39.0,49.0,376.3,521.47
39.0,49.5,376.58,525.34
39.0,50.0,376.84,529.03
39.0,50.5,377.08,532.54
39.0,51.0,377.3,535.88
39.0,51.5,377.51,539.05
39.0,52.0,377.7,542.06
39.0,52.5,377.87,544.92
39.0,53.0,378.04,547.62
39.0,53.5,378.19,550.18
39.0,54.0,378.33,552.61
39.0,54.5,378.46,554.9
39.0,55.0,378.58,557.07
39.0,55.5,378.69,559.13
39.0,56.0,378.8,561.07
39.0,56.5,378.89,562.91
39.0,57.0,378.98,564.65
39.0,57.5,379.07,566.29
39.0,58.0,379.15,567.84
39.0,58.5,379.22,569.31
39.0,59.0,379.29,570.7
39.0,59.5,379.36,572.02
39.0,60.0,379.42,573.26
39.0,60.5,379.47,574.44
39.0,61.0,379.53,575.55
39.0,61.5,379.58,576.61
39.0,62.0,379.62,577.61
39.0,62.5,379.67,578.55
39.0,63.0,379.71,579.45
39.0,63.5,379.75,580.3
39.0,64.0,379.78,581.11
39.0,64.5,379.82,581.88
39.0,65.0,379.85,582.6
39.0,65.5,379.88,583.29
39.0,66.0,379.91,583.95
39.0,66.5,379.94,584.57
39.0,67.0,379.96,585.17
39.0,67.5,379.99,585.73
39.0,68.0,380.01,586.26
39.0,68.5,380.03,586.77
39.0,69.0,380.06,587.26
39.0,69.5,380.08,587.72
39.0,70.0,380.09,588.16
39.0,70.5,380.11,588.58
39.0,71.0,380.13,588.98
39.0,71.5,380.15,589.37
39.0,72.0,380.16,589.73
39.0,72.5,380.18,590.08
39.0,73.0,380.19,590.41
39.0,73.5,380.2,590.73
39.0,74.0,380.22,591.03
39.0,74.5,380.23,591.32
39.0,75.0,380.24,591.6
39.0,75.5,380.25,591.87
39.0,76.0,380.26,592.12
39.0,76.5,380.27,592.37
39.0,77.0,380.28,592.6
39.0,77.5,380.29,592.83
39.0,78.0,380.3,593.04
39.0,78.5,380.31,593.25
39.0,79.0,380.31,593.44
39.0,79.5,380.32,593.63
39.0,80.0,380.33,593.82
39.0,80.5,380.34,593.99
39.0,81.0,380.34,594.16
39.0,81.5,380.35,594.32
39.0,82.0,380.36,594.47
39.0,82.5,380.36,594.62
39.0,83.0,380.37,594.77
39.0,83.5,380.37,594.91
39.0,84.0,380.38,595.04
39.0,84.5,380.38,595.17
39.0,85.0,380.39,595.29
39.0,85.5,380.39,595.41
39.0,86.0,380.4,595.52
39.0,86.5,380.4,595.63
39.0,87.0,380.41,595.74
39.0,87.5,380.41,595.84
39.0,88.0,380.42,595.94
39.0,88.5,380.42,596.04
39.0,89.0,380.42,596.13
39.0,89.5,380.43,596.22
39.0,90.0,380.43,596.3
39.5,30.0,342.36,337.4
39.5,30.5,342.4,337.49
39.5,31.0,342.66,338.18
39.5,31.5,343.14,339.45
39.5,32.0,343.84,341.3
39.5,32.5,344.74,343.7
39.5,33.0,345.83,346.63
39.5,33.5,347.03,350.01
39.5,34.0,348.52,354.0
39.5,34.5,350.14,358.44
39.5,35.0,351.87,363.28
39.5,35.5,353.69,368.49
39.5,36.0,355.56,374.01
39.5,36.5,357.46,379.81
39.5,37.0,359.37,385.82
39.5,37.5,361.25,392.02
39.5,38.0,363.26,398.54
39.5,38.5,365.14,405.09
39.5,39.0,366.94,411.7
39.5,39.5,368.64,418.33
39.5,40.0,370.22,424.93
39.5,40.5,371.67,431.49
39.5,41.0,372.99,437.97
39.5,41.5,374.17,444.37
39.5,42.0,375.24,450.65
39.5,42.5,376.21,456.83
39.5,43.0,377.08,462.87
39.5,43.5,378.02,469.0
39.5,44.0,378.75,474.79
39.5,44.5,379.42,480.43
39.5,45.0,380.04,485.91
39.5,45.5,380.6,491.21
39.5,46.0,381.12,496.34
39.5,46.5,381.59,501.29
39.5,47.0,382.03,506.05
39.5,47.5,382.44,510.62
39.5,48.0,382.81,515.0
39.5,48.5,383.15,519.19
39.5,49.0,383.47,523.2
39.5,49.5,383.76,527.02
39.5,50.0,384.03,530.66
39.5,50.5,384.28,534.13
39.5,51.0,384.52,537.42
39.5,51.5,384.73,540.55
39.5,52.0,384.93,543.52
39.5,52.5,385.11,546.33
39.5,53.0,385.28,549.0
39.5,53.5,385.44,551.52
39.5,54.0,385.59,553.91
39.5,54.5,385.72,556.17
39.5,55.0,385.85,558.31
39.5,55.5,385.97,560.34
39.5,56.0,386.08,562.25
39.5,56.5,386.18,564.06
39.5,57.0,386.28,565.77
39.5,57.5,386.37,567.39
39.5,58.0,386.45,568.92
39.5,58.5,386.53,570.37
39.5,59.0,386.6,571.74
39.5,59.5,386.67,573.03
39.5,60.0,386.73,574.26
39.5,60.5,386.79,575.42
39.5,61.0,386.85,576.52
39.5,61.5,386.9,577.56
39.5,62.0,386.95,578.54
39.5,62.5,387.0,579.47
39.5,63.0,387.04,580.36
39.5,63.5,387.08,581.2
39.5,64.0,387.12,581.99
39.5,64.5,387.16,582.75
39.5,65.0,387.19,583.46
39.5,65.5,387.22,584.14
39.5,66.0,387.26,584.79
39.5,66.5,387.28,585.4
39.5,67.0,387.31,585.98
39.5,67.5,387.34,586.54
39.5,68.0,387.36,587.07
39.5,68.5,387.39,587.57
39.5,69.0,387.41,588.05
39.5,69.5,387.43,588.5
39.5,70.0,387.45,588.93
39.5,70.5,387.47,589.35
39.5,71.0,387.49,589.74
39.5,71.5,387.5,590.12
39.5,72.0,387.52,590.48
39.5,72.5,387.54,590.82
39.5,73.0,387.55,591.15
39.5,73.5,387.57,591.46
39.5,74.0,387.58,591.76
39.5,74.5,387.59,592.05
39.5,75.0,387.6,592.32
39.5,75.5,387.62,592.58
39.5,76.0,387.63,592.83
39.5,76.5,387.64,593.07
39.5,77.0,387.65,593.3
39.5,77.5,387.66,593.52
39.5,78.0,387.67,593.73
39.5,78.5,387.68,593.94
39.5,79.0,387.68,594.13
39.5,79.5,387.69,594.32
39.5,80.0,387.7,594.5
39.5,80.5,387.71,594.67
39.5,81.0,387.72,594.83
39.5,81.5,387.72,594.99
39.5,82.0,387.73,595.15
39.5,82.5,387.74,595.29
39.5,83.0,387.74,595.43
39.5,83.5,387.75,595.57
39.5,84.0,387.75,595.7
39.5,84.5,387.76,595.83
39.5,85.0,387.76,595.95
39.5,85.5,387.77,596.06
39.5,86.0,387.77,596.18
39.5,86.5,387.78,596.29
39.5,87.0,387.78,596.39
39.5,87.5,387.79,596.49
39.5,88.0,387.79,596.59
39.5,88.5,387.8,596.68
39.5,89.0,387.8,596.77
39.5,89.5,387.8,596.86
39.5,90.0,387.81,596.94
40.0,30.0,348.44,339.57
40.0,30.5,348.47,339.66
40.0,31.0,348.73,340.34
40.0,31.5,349.21,341.61
40.0,32.0,349.9,343.45
40.0,32.5,350.71,345.76
40.0,33.0,351.84,348.74
40.0,33.5,353.15,352.23
40.0,34.0,354.61,356.19
40.0,34.5,356.2,360.59
40.0,35.0,357.9,365.4
40.0,35.5,359.68,370.57
40.0,36.0,361.52,376.05
40.0,36.5,363.39,381.8
40.0,37.0,365.26,387.78
40.0,37.5,367.33,394.16
40.0,38.0,369.29,400.61
40.0,38.5,371.21,407.16
40.0,39.0,373.06,413.79
40.0,39.5,374.82,420.44
40.0,40.0,376.48,427.07
40.0,40.5,378.02,433.65
40.0,41.0,379.42,440.15
40.0,41.5,380.84,446.74
40.0,42.0,382.02,453.06
40.0,42.5,383.07,459.25
40.0,43.0,384.03,465.31
40.0,43.5,384.89,471.22
40.0,44.0,385.67,476.98
40.0,44.5,386.38,482.58
40.0,45.0,387.03,488.01
40.0,45.5,387.62,493.27
40.0,46.0,388.16,498.34
40.0,46.5,388.66,503.24
40.0,47.0,389.12,507.94
40.0,47.5,389.54,512.46
40.0,48.0,389.93,516.79
40.0,48.5,390.28,520.93
40.0,49.0,390.61,524.88
40.0,49.5,390.92,528.66
40.0,50.0,391.2,532.25
40.0,50.5,391.46,535.67
40.0,51.0,391.7,538.92
40.0,51.5,391.92,542.0
40.0,52.0,392.13,544.93
40.0,52.5,392.32,547.7
40.0,53.0,392.5,550.33
40.0,53.5,392.66,552.82
40.0,54.0,392.81,555.18
40.0,54.5,392.96,557.4
40.0,55.0,393.09,559.51
40.0,55.5,393.21,561.51
40.0,56.0,393.33,563.39
40.0,56.5,393.43,565.18
40.0,57.0,393.53,566.86
40.0,57.5,393.63,568.46
40.0,58.0,393.71,569.96
40.0,58.5,393.79,571.39
40.0,59.0,393.87,572.74
40.0,59.5,393.94,574.01
40.0,60.0,394.01,575.22
40.0,60.5,394.07,576.36
40.0,61.0,394.13,577.44
40.0,61.5,394.18,578.47
40.0,62.0,394.24,579.44
40.0,62.5,394.29,580.35
40.0,63.0,394.33,581.22
40.0,63.5,394.37,582.05
40.0,64.0,394.42,582.83
40.0,64.5,394.45,583.57
40.0,65.0,394.49,584.28
40.0,65.5,394.52,584.95
40.0,66.0,394.56,585.58
40.0,66.5,394.59,586.19
40.0,67.0,394.62,586.76
40.0,67.5,394.64,587.31
40.0,68.0,394.67,587.83
40.0,68.5,394.69,588.32
40.0,69.0,394.72,588.79
40.0,69.5,394.74,589.24
40.0,70.0,394.76,589.67
40.0,70.5,394.78,590.07
40.0,71.0,394.8,590.46
40.0,71.5,394.82,590.83
40.0,72.0,394.84,591.19
40.0,72.5,394.85,591.52
40.0,73.0,394.87,591.85
40.0,73.5,394.88,592.15
40.0,74.0,394.9,592.45
40.0,74.5,394.91,592.73
40.0,75.0,394.92,593.0
40.0,75.5,394.94,593.26
40.0,76.0,394.95,593.5
40.0,76.5,394.96,593.74
40.0,77.0,394.97,593.97
40.0,77.5,394.98,594.18
40.0,78.0,394.99,594.39
40.0,78.5,395.0,594.59
40.0,79.0,395.01,594.78
40.0,79.5,395.02,594.96
40.0,80.0,395.03,595.14
40.0,80.5,395.03,595.31
40.0,81.0,395.04,595.47
40.0,81.5,395.05,595.63
40.0,82.0,395.06,595.78
40.0,82.5,395.06,595.92
40.0,83.0,395.07,596.06
40.0,83.5,395.08,596.2
40.0,84.0,395.08,596.33
40.0,84.5,395.09,596.45
40.0,85.0,395.09,596.57
40.0,85.5,395.1,596.68
40.0,86.0,395.1,596.79
40.0,86.5,395.11,596.9
40.0,87.0,395.11,597.0
40.0,87.5,395.12,597.1
40.0,88.0,395.12,597.2
40.0,88.5,395.13,597.29
40.0,89.0,395.13,597.38
40.0,89.5,395.13,597.47
40.0,90.0,395.14,597.55
40.5,30.0,354.5,341.63
40.5,30.5,354.54,341.72
40.5,31.0,354.81,342.42
40.5,31.5,355.3,343.7
40.5,32.0,356.02,345.57
40.5,32.5,356.91,347.97
40.5,33.0,358.04,350.94
40.5,33.5,359.32,354.4
40.5,34.0,360.75,358.33
40.5,34.5,362.3,362.7
40.5,35.0,363.96,367.47
40.5,35.5,365.7,372.59
40.5,36.0,367.49,378.02
40.5,36.5,369.32,383.72
40.5,37.0,371.38,389.9
40.5,37.5,373.36,396.16
40.5,38.0,375.32,402.6
40.5,38.5,377.25,409.15
40.5,39.0,379.13,415.78
40.5,39.5,380.94,422.43
40.5,40.0,382.65,429.07
40.5,40.5,384.41,435.85
40.5,41.0,385.92,442.41
40.5,41.5,387.31,448.87
40.5,42.0,388.58,455.21
40.5,42.5,389.72,461.4
40.5,43.0,390.74,467.45
40.5,43.5,391.67,473.35
40.5,44.0,392.5,479.08
40.5,44.5,393.26,484.64
40.5,45.0,393.94,490.03
40.5,45.5,394.57,495.25
40.5,46.0,395.14,500.27
40.5,46.5,395.66,505.12
40.5,47.0,396.14,509.77
40.5,47.5,396.57,514.24
40.5,48.0,396.98,518.52
40.5,48.5,397.35,522.61
40.5,49.0,397.69,526.51
40.5,49.5,398.01,530.23
40.5,50.0,398.3,533.78
40.5,50.5,398.57,537.15
40.5,51.0,398.82,540.36
40.5,51.5,399.05,543.4
40.5,52.0,399.26,546.29
40.5,52.5,399.46,549.02
40.5,53.0,399.64,551.61
40.5,53.5,399.81,554.07
40.5,54.0,399.97,556.39
40.5,54.5,400.12,558.58
40.5,55.0,400.25,560.66
40.5,55.5,400.38,562.63
40.5,56.0,400.5,564.49
40.5,56.5,400.61,566.24
40.5,57.0,400.71,567.9
40.5,57.5,400.81,569.47
40.5,58.0,400.9,570.96
40.5,58.5,400.99,572.36
40.5,59.0,401.07,573.69
40.5,59.5,401.14,574.94
40.5,60.0,401.21,576.13
40.5,60.5,401.27,577.26
40.5,61.0,401.33,578.32
40.5,61.5,401.39,579.33
40.5,62.0,401.45,580.28
40.5,62.5,401.5,581.19
40.5,63.0,401.54,582.04
40.5,63.5,401.59,582.86
40.5,64.0,401.63,583.63
40.5,64.5,401.67,584.36
40.5,65.0,401.85,585.3
40.5,65.5,401.89,585.96
40.5,66.0,401.92,586.59
40.5,66.5,401.95,587.18
40.5,67.0,401.98,587.75
40.5,67.5,402.01,588.29
40.5,68.0,402.04,588.8
40.5,68.5,402.07,589.29
40.5,69.0,402.09,589.75
40.5,69.5,402.12,590.19
40.5,70.0,402.14,590.61
40.5,70.5,402.16,591.02
40.5,71.0,402.18,591.4
40.5,71.5,402.2,591.76
40.5,72.0,402.22,592.11
40.5,72.5,402.23,592.44
40.5,73.0,402.25,592.76
40.5,73.5,402.27,593.07
40.5,74.0,402.28,593.36
40.5,74.5,402.3,593.63
40.5,75.0,402.31,593.9
40.5,75.5,402.32,594.15
40.5,76.0,402.33,594.4
40.5,76.5,402.35,594.63
40.5,77.0,402.36,594.85
40.5,77.5,402.37,595.07
40.5,78.0,402.38,595.27
40.5,78.5,402.39,595.47
40.5,79.0,402.4,595.66
40.5,79.5,402.41,595.84
40.5,80.0,402.42,596.01
40.5,80.5,402.43,596.18
40.5,81.0,402.43,596.34
40.5,81.5,402.44,596.49
40.5,82.0,402.45,596.64
40.5,82.5,402.46,596.78
40.5,83.0,402.46,596.92
40.5,83.5,402.47,597.05
40.5,84.0,402.48,597.18
40.5,84.5,402.48,597.3
40.5,85.0,402.49,597.42
40.5,85.5,402.49,597.53
40.5,86.0,402.5,597.64
40.5,86.5,402.51,597.75
40.5,87.0,402.51,597.85
40.5,87.5,402.52,597.95
40.5,88.0,402.52,598.04
40.5,88.5,402.52,598.13
40.5,89.0,402.53,598.22
40.5,89.5,402.53,598.3
40.5,90.0,402.54,598.39
41.0,30.0,360.82,343.86
41.0,30.5,360.86,343.95
41.0,31.0,361.1,344.62
41.0,31.5,361.6,345.91
41.0,32.0,362.3,347.76
41.0,32.5,363.2,350.16
41.0,33.0,364.28,353.09
41.0,33.5,365.52,356.52
41.0,34.0,366.91,360.42
41.0,34.5,368.42,364.75
41.0,35.0,370.04,369.47
41.0,35.5,371.72,374.54
41.0,36.0,373.47,379.92
41.0,36.5,375.49,385.82
41.0,37.0,377.43,391.86
41.0,37.5,379.39,398.11
41.0,38.0,381.34,404.52
41.0,38.5,383.28,411.06
41.0,39.0,385.17,417.67
41.0,39.5,386.99,424.32
41.0,40.0,388.91,431.16
41.0,40.5,390.6,437.81
41.0,41.0,392.19,444.39
41.0,41.5,393.65,450.87
41.0,42.0,395.0,457.22
41.0,42.5,396.22,463.43
41.0,43.0,397.32,469.48
41.0,43.5,398.32,475.36
41.0,44.0,399.21,481.07
41.0,44.5,400.02,486.61
41.0,45.0,400.74,491.97
41.0,45.5,401.4,497.14
41.0,46.0,402.0,502.12
41.0,46.5,402.55,506.92
41.0,47.0,403.05,511.53
41.0,47.5,403.51,515.94
41.0,48.0,403.93,520.17
41.0,48.5,404.31,524.21
41.0,49.0,404.67,528.07
41.0,49.5,405.0,531.75
41.0,50.0,405.44,535.47
41.0,50.5,405.72,538.81
41.0,51.0,405.98,541.98
41.0,51.5,406.23,544.98
41.0,52.0,406.45,547.84
41.0,52.5,406.66,550.54
41.0,53.0,406.85,553.1
41.0,53.5,407.03,555.53
41.0,54.0,407.2,557.82
41.0,54.5,407.35,559.99
41.0,55.0,407.49,562.05
41.0,55.5,407.63,563.99
41.0,56.0,407.75,565.82
41.0,56.5,407.87,567.56
41.0,57.0,407.98,569.2
41.0,57.5,408.08,570.75
41.0,58.0,408.17,572.21
41.0,58.5,408.26,573.6
41.0,59.0,408.35,574.91
41.0,59.5,408.42,576.15
41.0,60.0,408.5,577.32
41.0,60.5,408.56,578.43
41.0,61.0,408.63,579.48
41.0,61.5,408.69,580.48
41.0,62.0,408.75,581.42
41.0,62.5,408.8,582.31
41.0,63.0,408.85,583.16
41.0,63.5,408.9,583.96
41.0,64.0,408.94,584.72
41.0,64.5,408.98,585.44
41.0,65.0,409.02,586.13
41.0,65.5,409.06,586.78
41.0,66.0,409.1,587.39
41.0,66.5,409.13,587.98
41.0,67.0,409.16,588.54
41.0,67.5,409.19,589.07
41.0,68.0,409.22,589.57
41.0,68.5,409.25,590.05
41.0,69.0,409.28,590.51
41.0,69.5,409.3,590.94
41.0,70.0,409.32,591.36
41.0,70.5,409.35,591.75
41.0,71.0,409.37,592.13
41.0,71.5,409.39,592.49
41.0,72.0,409.41,592.83
41.0,72.5,409.42,593.16
41.0,73.0,409.44,593.47
41.0,73.5,409.46,593.77
41.0,74.0,409.47,594.06
41.0,74.5,409.49,594.33
41.0,75.0,409.5,594.59
41.0,75.5,409.52,594.84
41.0,76.0,409.53,595.08
41.0,76.5,409.54,595.31
41.0,77.0,409.55,595.53
41.0,77.5,409.56,595.74
41.0,78.0,409.58,595.94
41.0,78.5,409.59,596.14
41.0,79.0,409.6,596.32
41.0,79.5,409.61,596.5
41.0,80.0,409.61,596.67
41.0,80.5,409.62,596.84
41.0,81.0,409.63,597.0
41.0,81.5,409.64,597.15
41.0,82.0,409.65,597.29
41.0,82.5,409.66,597.43
41.0,83.0,409.66,597.57
41.0,83.5,409.67,597.7
41.0,84.0,409.68,597.82
41.0,84.5,409.68,597.94
41.0,85.0,409.69,598.06
41.0,85.5,409.69,598.17
41.0,86.0,409.7,598.28
41.0,86.5,409.71,598.38
41.0,87.0,409.71,598.48
41.0,87.5,409.72,598.58
41.0,88.0,409.72,598.67
41.0,88.5,409.73,598.76
41.0,89.0,409.73,598.85
41.0,89.5,409.74,598.93
41.0,90.0,409.74,599.01
41.5,30.0,367.15,346.03
41.5,30.5,367.19,346.12
41.5,31.0,367.44,346.8
41.5,31.5,367.91,348.07
41.5,32.0,368.59,349.9
41.5,32.5,369.46,352.28
41.5,33.0,370.51,355.18
41.5,33.5,371.72,358.58
41.5,34.0,373.07,362.44
41.5,34.5,374.54,366.73
41.5,35.0,376.1,371.4
41.5,35.5,377.73,376.42
41.5,36.0,379.68,382.01
41.5,36.5,381.55,387.76
41.5,37.0,383.47,393.77
41.5,37.5,385.41,399.99
41.5,38.0,387.35,406.38
41.5,38.5,389.27,412.89
41.5,39.0,391.29,419.64
41.5,39.5,393.17,426.32
41.5,40.0,394.98,433.01
41.5,40.5,396.7,439.66
41.5,41.0,398.34,446.25
41.5,41.5,399.86,452.74
41.5,42.0,401.27,459.1
41.5,42.5,402.56,465.31
41.5,43.0,403.74,471.37
41.5,43.5,404.8,477.25
41.5,44.0,405.76,482.95
41.5,44.5,406.62,488.46
41.5,45.0,407.39,493.79
41.5,45.5,408.1,498.93
41.5,46.0,408.88,504.08
41.5,46.5,409.46,508.85
41.5,47.0,409.99,513.43
41.5,47.5,410.48,517.81
41.5,48.0,410.92,522.01
41.5,48.5,411.33,526.02
41.5,49.0,411.71,529.84
41.5,49.5,412.05,533.48
41.5,50.0,412.37,536.95
41.5,50.5,412.66,540.25
41.5,51.0,412.93,543.38
41.5,51.5,413.19,546.35
41.5,52.0,413.42,549.16
41.5,52.5,413.63,551.83
41.5,53.0,413.83,554.36
41.5,53.5,414.02,556.75
41.5,54.0,414.19,559.02
41.5,54.5,414.35,561.16
41.5,55.0,414.5,563.18
41.5,55.5,414.63,565.1
41.5,56.0,414.76,566.91
41.5,56.5,414.88,568.62
41.5,57.0,414.99,570.23
41.5,57.5,415.1,571.76
41.5,58.0,415.2,573.21
41.5,58.5,415.29,574.57
41.5,59.0,415.37,575.86
41.5,59.5,415.46,577.09
41.5,60.0,415.53,578.24
41.5,60.5,415.6,579.34
41.5,61.0,415.67,580.37
41.5,61.5,415.73,581.35
41.5,62.0,415.79,582.28
41.5,62.5,415.84,583.16
41.5,63.0,415.9,583.99
41.5,63.5,415.95,584.78
41.5,64.0,415.99,585.53
41.5,64.5,416.04,586.24
41.5,65.0,416.08,586.92
41.5,65.5,416.12,587.56
41.5,66.0,416.15,588.17
41.5,66.5,416.19,588.74
41.5,67.0,416.22,589.29
41.5,67.5,416.25,589.81
41.5,68.0,416.28,590.31
41.5,68.5,416.31,590.78
41.5,69.0,416.34,591.23
41.5,69.5,416.36,591.66
41.5,70.0,416.39,592.07
41.5,70.5,416.41,592.46
41.5,71.0,416.43,592.83
41.5,71.5,416.45,593.19
41.5,72.0,416.47,593.52
41.5,72.5,416.49,593.85
41.5,73.0,416.51,594.15
41.5,73.5,416.52,594.45
41.5,74.0,416.54,594.73
41.5,74.5,416.56,595.0
41.5,75.0,416.57,595.26
41.5,75.5,416.58,595.5
41.5,76.0,416.6,595.74
41.5,76.5,416.61,595.96
41.5,77.0,416.62,596.18
41.5,77.5,416.64,596.39
41.5,78.0,416.65,596.59
41.5,78.5,416.66,596.78
41.5,79.0,416.67,596.96
41.5,79.5,416.68,597.14
41.5,80.0,416.69,597.3
41.5,80.5,416.7,597.47
41.5,81.0,416.71,597.62
41.5,81.5,416.71,597.77
41.5,82.0,416.72,597.92
41.5,82.5,416.73,598.05
41.5,83.0,416.74,598.19
41.5,83.5,416.74,598.31
41.5,84.0,416.75,598.44
41.5,84.5,416.76,598.56
41.5,85.0,416.76,598.67
41.5,85.5,416.77,598.78
41.5,86.0,416.78,598.89
41.5,86.5,416.78,598.99
41.5,87.0,416.79,599.09
41.5,87.5,416.79,599.18
41.5,88.0,416.8,599.27
41.5,88.5,416.8,599.36
41.5,89.0,416.81,599.45
41.5,89.5,416.81,599.53
41.5,90.0,416.82,599.61
42.0,30.0,373.47,348.14
42.0,30.5,373.5,348.23
42.0,31.0,373.75,348.9
42.0,31.5,374.21,350.16
42.0,32.0,374.87,351.98
42.0,32.5,375.71,354.33
42.0,33.0,376.73,357.21
42.0,33.5,377.9,360.57
42.0,34.0,379.2,364.4
42.0,34.5,380.62,368.64
42.0,35.0,382.28,373.4
42.0,35.5,383.98,378.5
42.0,36.0,385.76,383.92
42.0,36.5,387.61,389.65
42.0,37.0,389.5,395.63
42.0,37.5,391.4,401.82
42.0,38.0,393.32,408.17
42.0,38.5,395.36,414.81
42.0,39.0,397.27,421.43
42.0,39.5,399.15,428.09
42.0,40.0,400.96,434.77
42.0,40.5,402.71,441.42
42.0,41.0,404.37,448.0
42.0,41.5,405.93,454.48
42.0,42.0,407.39,460.85
42.0,42.5,408.74,467.07
42.0,43.0,409.98,473.12
42.0,43.5,411.1,479.0
42.0,44.0,412.27,484.88
42.0,44.5,413.2,490.41
42.0,45.0,414.04,495.73
42.0,45.5,414.8,500.87
42.0,46.0,415.48,505.8
42.0,46.5,416.1,510.54
42.0,47.0,416.67,515.08
42.0,47.5,417.18,519.43
42.0,48.0,417.64,523.58
42.0,48.5,418.07,527.55
42.0,49.0,418.46,531.34
42.0,49.5,418.82,534.94
42.0,50.0,419.15,538.37
42.0,50.5,419.46,541.63
42.0,51.0,419.74,544.72
42.0,51.5,420.0,547.65
42.0,52.0,420.24,550.43
42.0,52.5,420.46,553.07
42.0,53.0,420.67,555.56
42.0,53.5,420.86,557.92
42.0,54.0,421.03,560.16
42.0,54.5,421.2,562.27
42.0,55.0,421.35,564.27
42.0,55.5,421.5,566.16
42.0,56.0,421.63,567.94
42.0,56.5,421.75,569.63
42.0,57.0,421.87,571.22
42.0,57.5,421.98,572.73
42.0,58.0,422.08,574.16
42.0,58.5,422.17,575.5
42.0,59.0,422.26,576.78
42.0,59.5,422.34,577.98
42.0,60.0,422.42,579.12
42.0,60.5,422.49,580.2
42.0,61.0,422.56,581.22
42.0,61.5,422.63,582.18
42.0,62.0,422.69,583.1
42.0,62.5,422.74,583.97
42.0,63.0,422.8,584.79
42.0,63.5,422.85,585.57
42.0,64.0,422.89,586.3
42.0,64.5,422.94,587.0
42.0,65.0,422.98,587.67
42.0,65.5,423.02,588.3
42.0,66.0,423.06,588.9
42.0,66.5,423.1,589.47
42.0,67.0,423.13,590.01
42.0,67.5,423.16,590.52
42.0,68.0,423.19,591.01
42.0,68.5,423.22,591.48
42.0,69.0,423.25,591.92
42.0,69.5,423.27,592.34
42.0,70.0,423.3,592.75
42.0,70.5,423.32,593.13
42.0,71.0,423.35,593.5
42.0,71.5,423.37,593.84
42.0,72.0,423.39,594.18
42.0,72.5,423.41,594.5
42.0,73.0,423.42,594.8
42.0,73.5,423.44,595.09
42.0,74.0,423.46,595.37
42.0,74.5,423.47,595.63
42.0,75.0,423.49,595.89
42.0,75.5,423.5,596.13
42.0,76.0,423.52,596.36
42.0,76.5,423.53,596.58
42.0,77.0,423.54,596.8
42.0,77.5,423.56,597.0
42.0,78.0,423.57,597.2
42.0,78.5,423.58,597.38
42.0,79.0,423.59,597.56
42.0,79.5,423.6,597.74
42.0,80.0,423.61,597.9
42.0,80.5,423.62,598.06
42.0,81.0,423.63,598.21
42.0,81.5,423.64,598.36
42.0,82.0,423.65,598.5
42.0,82.5,423.65,598.64
42.0,83.0,423.66,598.77
42.0,83.5,423.67,598.9
42.0,84.0,423.68,599.02
42.0,84.5,423.68,599.13
42.0,85.0,423.69,599.25
42.0,85.5,423.7,599.35
42.0,86.0,423.7,599.46
42.0,86.5,423.71,599.56
42.0,87.0,423.71,599.66
42.0,87.5,423.72,599.75
42.0,88.0,423.72,599.84
42.0,88.5,423.73,599.93
42.0,89.0,423.73,600.01
42.0,89.5,423.74,600.09
42.0,90.0,423.74,600.17
42.5,30.0,379.75,350.18
42.5,30.5,379.78,350.27
42.5,31.0,380.02,350.94
42.5,31.5,380.46,352.18
42.5,32.0,381.1,353.98
42.5,32.5,381.92,356.32
42.5,33.0,382.9,359.17
42.5,33.5,384.03,362.5
42.5,34.0,385.29,366.28
42.5,34.5,386.82,370.63
42.5,35.0,388.39,375.32
42.5,35.5,390.06,380.39
42.5,36.0,391.82,385.79
42.5,36.5,393.63,391.48
42.5,37.0,395.48,397.43
42.5,37.5,397.36,403.58
42.5,38.0,399.38,410.06
42.5,38.5,401.3,416.56
42.5,39.0,403.2,423.15
42.5,39.5,405.06,429.79
42.5,40.0,406.87,436.45
42.5,40.5,408.62,443.08
42.5,41.0,410.29,449.65
42.5,41.5,411.88,456.12
42.5,42.0,413.37,462.48
42.5,42.5,414.76,468.7
42.5,43.0,416.2,474.94
42.5,43.5,417.39,480.84
42.5,44.0,418.48,486.55
42.5,44.5,419.47,492.07
42.5,45.0,420.36,497.39
42.5,45.5,421.17,502.5
42.5,46.0,421.9,507.41
42.5,46.5,422.56,512.13
42.5,47.0,423.15,516.64
42.5,47.5,423.7,520.95
42.5,48.0,424.19,525.08
42.5,48.5,424.64,529.01
42.5,49.0,425.05,532.76
42.5,49.5,425.42,536.32
42.5,50.0,425.77,539.71
42.5,50.5,426.08,542.94
42.5,51.0,426.38,545.99
42.5,51.5,426.65,548.89
42.5,52.0,426.89,551.64
42.5,52.5,427.12,554.24
42.5,53.0,427.34,556.71
42.5,53.5,427.53,559.04
42.5,54.0,427.72,561.24
42.5,54.5,427.89,563.33
42.5,55.0,428.04,565.3
42.5,55.5,428.19,567.16
42.5,56.0,428.33,568.93
42.5,56.5,428.45,570.59
42.5,57.0,428.57,572.16
42.5,57.5,428.68,573.65
42.5,58.0,428.79,575.06
42.5,58.5,428.89,576.38
42.5,59.0,428.98,577.64
42.5,59.5,429.06,578.83
42.5,60.0,429.14,579.95
42.5,60.5,429.22,581.02
42.5,61.0,429.29,582.02
42.5,61.5,429.35,582.97
42.5,62.0,429.41,583.88
42.5,62.5,429.47,584.73
42.5,63.0,429.53,585.54
42.5,63.5,429.58,586.31
42.5,64.0,429.63,587.03
42.5,64.5,429.67,587.72
42.5,65.0,429.72,588.38
42.5,65.5,429.76,589.0
42.5,66.0,429.8,589.59
42.5,66.5,429.84,590.15
42.5,67.0,429.87,590.69
42.5,67.5,429.9,591.19
42.5,68.0,429.93,591.68
42.5,68.5,429.96,592.13
42.5,69.0,429.99,592.57
42.5,69.5,430.02,592.99
42.5,70.0,430.04,593.38
42.5,70.5,430.07,593.76
42.5,71.0,430.09,594.12
42.5,71.5,430.11,594.47
42.5,72.0,430.13,594.79
42.5,72.5,430.15,595.11
42.5,73.0,430.17,595.41
42.5,73.5,430.19,595.69
42.5,74.0,430.21,595.97
42.5,74.5,430.22,596.23
42.5,75.0,430.24,596.48
42.5,75.5,430.26,596.72
42.5,76.0,430.27,596.94
42.5,76.5,430.28,597.16
42.5,77.0,430.3,597.37
42.5,77.5,430.31,597.57
42.5,78.0,430.32,597.77
42.5,78.5,430.33,597.95
42.5,79.0,430.34,598.13
42.5,79.5,430.35,598.3
42.5,80.0,430.36,598.46
42.5,80.5,430.37,598.62
42.5,81.0,430.38,598.77
42.5,81.5,430.39,598.92
42.5,82.0,430.4,599.06
42.5,82.5,430.41,599.19
42.5,83.0,430.42,599.32
42.5,83.5,430.42,599.44
42.5,84.0,430.43,599.56
42.5,84.5,430.44,599.68
42.5,85.0,430.44,599.79
42.5,85.5,430.45,599.89
42.5,86.0,430.46,600.0
42.5,86.5,430.46,600.1
42.5,87.0,430.47,600.19
42.5,87.5,430.48,600.28
42.5,88.0,430.48,600.37
42.5,88.5,430.49,600.46
42.5,89.0,430.49,600.54
42.5,89.5,430.5,600.62
42.5,90.0,430.5,600.7
43.0,30.0,385.96,352.14
43.0,30.5,385.99,352.23
43.0,31.0,386.22,352.9
43.0,31.5,386.65,354.13
43.0,32.0,387.26,355.91
43.0,32.5,388.05,358.23
43.0,33.0,389.0,361.04
43.0,33.5,390.09,364.34
43.0,34.0,391.49,368.26
43.0,34.5,392.92,372.52
43.0,35.0,394.46,377.19
43.0,35.5,396.1,382.23
43.0,36.0,397.82,387.6
43.0,36.5,399.59,393.26
43.0,37.0,401.41,399.17
43.0,37.5,403.25,405.29
43.0,38.0,405.28,411.77
43.0,38.5,407.18,418.24
43.0,39.0,409.05,424.81
43.0,39.5,410.89,431.42
43.0,40.0,412.69,438.05
43.0,40.5,414.43,444.66
43.0,41.0,416.1,451.21
43.0,41.5,417.7,457.67
43.0,42.0,419.2,464.01
43.0,42.5,420.79,470.42
43.0,43.0,422.12,476.49
43.0,43.5,423.36,482.39
43.0,44.0,424.5,488.1
43.0,44.5,425.54,493.61
43.0,45.0,426.48,498.92
43.0,45.5,427.34,504.02
43.0,46.0,428.11,508.92
43.0,46.5,428.81,513.61
43.0,47.0,429.44,518.1
43.0,47.5,430.01,522.39
43.0,48.0,430.53,526.48
43.0,48.5,431.0,530.38
43.0,49.0,431.44,534.09
43.0,49.5,431.83,537.63
43.0,50.0,432.19,540.99
43.0,50.5,432.52,544.18
43.0,51.0,432.82,547.2
43.0,51.5,433.1,550.07
43.0,52.0,433.36,552.78
43.0,52.5,433.6,555.36
43.0,53.0,433.82,557.79
43.0,53.5,434.02,560.1
43.0,54.0,434.21,562.27
43.0,54.5,434.39,564.33
43.0,55.0,434.55,566.28
43.0,55.5,434.7,568.12
43.0,56.0,434.84,569.86
43.0,56.5,434.97,571.5
43.0,57.0,435.09,573.05
43.0,57.5,435.21,574.52
43.0,58.0,435.31,575.91
43.0,58.5,435.41,577.22
43.0,59.0,435.51,578.46
43.0,59.5,435.59,579.63
43.0,60.0,435.68,580.74
43.0,60.5,435.75,581.79
43.0,61.0,435.82,582.78
43.0,61.5,435.89,583.72
43.0,62.0,435.96,584.61
43.0,62.5,436.02,585.45
43.0,63.0,436.07,586.25
43.0,63.5,436.13,587.0
43.0,64.0,436.18,587.72
43.0,64.5,436.22,588.4
43.0,65.0,436.27,589.05
43.0,65.5,436.31,589.66
43.0,66.0,436.35,590.24
43.0,66.5,436.39,590.8
43.0,67.0,436.42,591.32
43.0,67.5,436.46,591.82
43.0,68.0,436.49,592.3
43.0,68.5,436.52,592.75
43.0,69.0,436.55,593.18
43.0,69.5,436.58,593.59
43.0,70.0,436.6,593.98
43.0,70.5,436.63,594.35
43.0,71.0,436.65,594.71
43.0,71.5,436.67,595.05
43.0,72.0,436.69,595.37
43.0,72.5,436.71,595.68
43.0,73.0,436.73,595.97
43.0,73.5,436.75,596.26
43.0,74.0,436.77,596.53
43.0,74.5,436.79,596.78
43.0,75.0,436.8,597.03
43.0,75.5,436.82,597.27
43.0,76.0,436.83,597.49
43.0,76.5,436.85,597.71
43.0,77.0,436.86,597.91
43.0,77.5,436.87,598.11
43.0,78.0,436.88,598.3
43.0,78.5,436.9,598.48
43.0,79.0,436.91,598.66
43.0,79.5,436.92,598.83
43.0,80.0,436.93,598.99
43.0,80.5,436.94,599.14
43.0,81.0,436.95,599.29
43.0,81.5,436.96,599.43
43.0,82.0,436.97,599.57
43.0,82.5,436.97,599.7
43.0,83.0,436.98,599.83
43.0,83.5,436.99,599.95
43.0,84.0,437.0,600.07
43.0,84.5,437.0,600.18
43.0,85.0,437.01,600.29
43.0,85.5,437.02,600.4
43.0,86.0,437.02,600.5
43.0,86.5,437.03,600.6
43.0,87.0,437.04,600.69
43.0,87.5,437.04,600.78
43.0,88.0,437.05,600.87
43.0,88.5,437.05,600.95
43.0,89.0,437.06,601.04
43.0,89.5,437.06,601.11
43.0,90.0,437.07,601.19
43.5,30.0,392.08,354.03
43.5,30.5,392.11,354.12
43.5,31.0,392.34,354.78
43.5,31.5,392.75,356.0
43.5,32.0,393.34,357.76
43.5,32.5,394.1,360.05
43.5,33.0,395.01,362.85
43.5,33.5,396.28,366.3
43.5,34.0,397.55,370.11
43.5,34.5,398.96,374.35
43.5,35.0,400.47,379.0
43.5,35.5,402.07,384.01
43.5,36.0,403.75,389.35
43.5,36.5,405.49,394.97
43.5,37.0,407.26,400.85
43.5,37.5,409.25,407.12
43.5,38.0,411.11,413.43
43.5,38.5,412.97,419.87
43.5,39.0,414.82,426.4
43.5,39.5,416.64,432.99
43.5,40.0,418.42,439.59
43.5,40.5,420.14,446.17
43.5,41.0,421.8,452.69
43.5,41.5,423.54,459.3
43.5,42.0,425.08,465.66
43.5,42.5,426.53,471.88
43.5,43.0,427.89,477.95
43.5,43.5,429.16,483.84
43.5,44.0,430.33,489.54
43.5,44.5,431.4,495.04
43.5,45.0,432.39,500.34
43.5,45.5,433.28,505.43
43.5,46.0,434.1,510.31
43.5,46.5,434.84,514.99
43.5,47.0,435.5,519.45
43.5,47.5,436.11,523.72
43.5,48.0,436.66,527.79
43.5,48.5,437.16,531.66
43.5,49.0,437.61,535.35
43.5,49.5,438.02,538.85
43.5,50.0,438.4,542.18
43.5,50.5,438.74,545.34
43.5,51.0,439.06,548.33
43.5,51.5,439.35,551.17
43.5,52.0,439.62,553.86
43.5,52.5,439.87,556.4
43.5,53.0,440.1,558.81
43.5,53.5,440.31,561.09
43.5,54.0,440.5,563.24
43.5,54.5,440.68,565.28
43.5,55.0,441.01,567.43
43.5,55.5,441.16,569.25
43.5,56.0,441.31,570.97
43.5,56.5,441.45,572.6
43.5,57.0,441.58,574.14
43.5,57.5,441.69,575.59
43.5,58.0,441.81,576.96
43.5,58.5,441.91,578.26
43.5,59.0,442.01,579.48
43.5,59.5,442.1,580.64
43.5,60.0,442.18,581.74
43.5,60.5,442.26,582.78
43.5,61.0,442.34,583.76
43.5,61.5,442.41,584.69
43.5,62.0,442.47,585.57
43.5,62.5,442.54,586.4
43.5,63.0,442.59,587.19
43.5,63.5,442.65,587.94
43.5,64.0,442.7,588.65
43.5,64.5,442.75,589.32
43.5,65.0,442.8,589.96
43.5,65.5,442.84,590.56
43.5,66.0,442.88,591.14
43.5,66.5,442.92,591.69
43.5,67.0,442.96,592.21
43.5,67.5,442.99,592.7
43.5,68.0,443.03,593.17
43.5,68.5,443.06,593.62
43.5,69.0,443.09,594.04
43.5,69.5,443.12,594.45
43.5,70.0,443.14,594.83
43.5,70.5,443.17,595.2
43.5,71.0,443.19,595.55
43.5,71.5,443.22,595.89
43.5,72.0,443.24,596.21
43.5,72.5,443.26,596.51
43.5,73.0,443.28,596.8
43.5,73.5,443.3,597.08
43.5,74.0,443.32,597.35
43.5,74.5,443.34,597.6
43.5,75.0,443.35,597.85
43.5,75.5,443.37,598.08
43.5,76.0,443.38,598.3
43.5,76.5,443.4,598.52
43.5,77.0,443.41,598.72
43.5,77.5,443.42,598.92
43.5,78.0,443.44,599.1
43.5,78.5,443.45,599.28
43.5,79.0,443.46,599.46
43.5,79.5,443.47,599.62
43.5,80.0,443.48,599.78
43.5,80.5,443.49,599.94
43.5,81.0,443.5,600.08
43.5,81.5,443.51,600.22
43.5,82.0,443.52,600.36
43.5,82.5,443.53,600.49
43.5,83.0,443.54,600.62
43.5,83.5,443.55,600.74
43.5,84.0,443.55,600.85
43.5,84.5,443.56,600.96
43.5,85.0,443.57,601.07
43.5,85.5,443.58,601.18
43.5,86.0,443.58,601.28
43.5,86.5,443.59,601.37
43.5,87.0,443.6,601.46
43.5,87.5,443.6,601.55
43.5,88.0,443.61,601.64
43.5,88.5,443.61,601.72
43.5,89.0,443.62,601.8
43.5,89.5,443.62,601.88
43.5,90.0,443.63,601.96
44.0,30.0,398.1,355.84
44.0,30.5,398.13,355.93
44.0,31.0,398.34,356.58
44.0,31.5,398.74,357.79
44.0,32.0,399.31,359.54
44.0,32.5,400.22,361.96
44.0,33.0,401.18,364.79
44.0,33.5,402.29,368.12
44.0,34.0,403.54,371.91
44.0,34.5,404.91,376.13
44.0,35.0,406.39,380.75
44.0,35.5,407.95,385.73
44.0,36.0,409.59,391.04
44.0,36.5,411.29,396.63
44.0,37.0,413.21,402.65
44.0,37.5,415.02,408.75
44.0,38.0,416.85,415.03
44.0,38.5,418.68,421.43
44.0,39.0,420.49,427.93
44.0,39.5,422.28,434.49
44.0,40.0,424.03,441.06
44.0,40.5,425.73,447.6
44.0,41.0,427.53,454.27
44.0,41.5,429.14,460.72
44.0,42.0,430.67,467.06
44.0,42.5,432.12,473.26
44.0,43.0,433.49,479.31
44.0,43.5,434.78,485.18
44.0,44.0,435.97,490.87
44.0,44.5,437.07,496.36
44.0,45.0,438.09,501.65
44.0,45.5,439.02,506.73
44.0,46.0,439.87,511.6
44.0,46.5,440.64,516.26
44.0,47.0,441.34,520.71
44.0,47.5,441.98,524.95
44.0,48.0,442.55,529.0
44.0,48.5,443.08,532.85
44.0,49.0,443.56,536.51
44.0,49.5,443.99,539.99
44.0,50.0,444.55,543.51
44.0,50.5,444.91,546.65
44.0,51.0,445.25,549.63
44.0,51.5,445.56,552.45
44.0,52.0,445.84,555.12
44.0,52.5,446.1,557.64
44.0,53.0,446.34,560.03
44.0,53.5,446.56,562.29
44.0,54.0,446.77,564.42
44.0,54.5,446.96,566.44
44.0,55.0,447.13,568.35
44.0,55.5,447.29,570.15
44.0,56.0,447.45,571.85
44.0,56.5,447.59,573.46
44.0,57.0,447.72,574.98
44.0,57.5,447.84,576.41
44.0,58.0,447.96,577.77
44.0,58.5,448.06,579.05
44.0,59.0,448.16,580.26
44.0,59.5,448.26,581.4
44.0,60.0,448.34,582.49
44.0,60.5,448.43,583.51
44.0,61.0,448.5,584.48
44.0,61.5,448.57,585.4
44.0,62.0,448.64,586.27
44.0,62.5,448.71,587.09
44.0,63.0,448.77,587.87
44.0,63.5,448.82,588.61
44.0,64.0,448.88,589.31
44.0,64.5,448.93,589.97
44.0,65.0,448.97,590.6
44.0,65.5,449.02,591.2
44.0,66.0,449.06,591.77
44.0,66.5,449.1,592.31
44.0,67.0,449.14,592.82
44.0,67.5,449.18,593.31
44.0,68.0,449.21,593.77
44.0,68.5,449.24,594.22
44.0,69.0,449.27,594.64
44.0,69.5,449.3,595.04
44.0,70.0,449.33,595.42
44.0,70.5,449.36,595.78
44.0,71.0,449.38,596.13
44.0,71.5,449.41,596.46
44.0,72.0,449.43,596.77
44.0,72.5,449.45,597.07
44.0,73.0,449.47,597.36
44.0,73.5,449.49,597.64
44.0,74.0,449.51,597.9
44.0,74.5,449.53,598.15
44.0,75.0,449.54,598.39
44.0,75.5,449.56,598.62
44.0,76.0,449.57,598.84
44.0,76.5,449.59,599.05
44.0,77.0,449.6,599.25
44.0,77.5,449.62,599.45
44.0,78.0,449.63,599.63
44.0,78.5,449.64,599.81
44.0,79.0,449.65,599.98
44.0,79.5,449.67,600.14
44.0,80.0,449.68,600.3
44.0,80.5,449.69,600.45
44.0,81.0,449.7,600.6
44.0,81.5,449.71,600.74
44.0,82.0,449.72,600.87
44.0,82.5,449.73,601.0
44.0,83.0,449.73,601.12
44.0,83.5,449.74,601.24
44.0,84.0,449.75,601.36
44.0,84.5,449.76,601.47
44.0,85.0,449.77,601.57
44.0,85.5,449.77,601.68
44.0,86.0,449.78,601.77
44.0,86.5,449.79,601.87
44.0,87.0,449.79,601.96
44.0,87.5,449.8,602.05
44.0,88.0,449.8,602.13
44.0,88.5,449.81,602.22
44.0,89.0,449.82,602.3
44.0,89.5,449.82,602.37
44.0,90.0,449.83,602.45
44.5,30.0,403.99,357.57
44.5,30.5,404.02,357.65
44.5,31.0,404.39,358.43
44.5,31.5,404.8,359.65
44.5,32.0,405.4,361.43
44.5,32.5,406.17,363.74
44.5,33.0,407.11,366.56
44.5,33.5,408.19,369.87
44.5,34.0,409.42,373.64
44.5,34.5,410.76,377.84
44.5,35.0,412.2,382.43
44.5,35.5,413.73,387.39
44.5,36.0,415.33,392.66
44.5,36.5,417.17,398.39
44.5,37.0,418.91,404.25
44.5,37.5,420.69,410.32
44.5,38.0,422.48,416.56
44.5,38.5,424.28,422.94
44.5,39.0,426.06,429.41
44.5,39.5,427.81,435.93
44.5,40.0,429.53,442.46
44.5,40.5,431.36,449.15
44.5,41.0,433.01,455.65
44.5,41.5,434.6,462.07
44.5,42.0,436.12,468.38
44.5,42.5,437.57,474.56
44.5,43.0,438.94,480.59
44.5,43.5,440.23,486.44
44.5,44.0,441.43,492.12
44.5,44.5,442.55,497.59
44.5,45.0,443.59,502.87
44.5,45.5,444.54,507.93
44.5,46.0,445.42,512.79
44.5,46.5,446.22,517.43
44.5,47.0,446.95,521.86
44.5,47.5,447.77,526.3
44.5,48.0,448.39,530.34
44.5,48.5,448.94,534.18
44.5,49.0,449.45,537.83
44.5,49.5,449.91,541.3
44.5,50.0,450.33,544.59
44.5,50.5,450.72,547.71
44.5,51.0,451.07,550.66
44.5,51.5,451.39,553.46
44.5,52.0,451.69,556.1
44.5,52.5,451.96,558.6
44.5,53.0,452.21,560.97
44.5,53.5,452.44,563.21
44.5,54.0,452.65,565.32
44.5,54.5,452.85,567.32
44.5,55.0,453.03,569.21
44.5,55.5,453.2,570.99
44.5,56.0,453.36,572.67
44.5,56.5,453.5,574.26
44.5,57.0,453.64,575.76
44.5,57.5,453.77,577.18
44.5,58.0,453.88,578.52
44.5,58.5,453.99,579.79
44.5,59.0,454.1,580.99
44.5,59.5,454.19,582.12
44.5,60.0,454.28,583.19
44.5,60.5,454.37,584.2
44.5,61.0,454.45,585.16
44.5,61.5,454.52,586.07
44.5,62.0,454.59,586.93
44.5,62.5,454.66,587.74
44.5,63.0,454.72,588.51
44.5,63.5,454.78,589.24
44.5,64.0,454.83,589.93
44.5,64.5,454.88,590.59
44.5,65.0,454.93,591.21
44.5,65.5,454.98,591.8
44.5,66.0,455.02,592.36
44.5,66.5,455.06,592.9
44.5,67.0,455.1,593.4
44.5,67.5,455.14,593.88
44.5,68.0,455.17,594.34
44.5,68.5,455.21,594.78
44.5,69.0,455.24,595.19
44.5,69.5,455.27,595.59
44.5,70.0,455.3,595.97
44.5,70.5,455.32,596.32
44.5,71.0,455.35,596.67
44.5,71.5,455.37,596.99
44.5,72.0,455.4,597.3
44.5,72.5,455.42,597.6
44.5,73.0,455.44,597.89
44.5,73.5,455.46,598.16
44.5,74.0,455.48,598.42
44.5,74.5,455.5,598.66
44.5,75.0,455.51,598.9
44.5,75.5,455.53,599.13
44.5,76.0,455.55,599.35
44.5,76.5,455.56,599.55
44.5,77.0,455.58,599.75
44.5,77.5,455.59,599.94
44.5,78.0,455.6,600.13
44.5,78.5,455.62,600.3
44.5,79.0,455.63,600.47
44.5,79.5,455.64,600.63
44.5,80.0,455.65,600.79
44.5,80.5,455.66,600.94
44.5,81.0,455.67,601.08
44.5,81.5,455.68,601.22
44.5,82.0,455.69,601.35
44.5,82.5,455.7,601.48
44.5,83.0,455.71,601.6
44.5,83.5,455.72,601.72
44.5,84.0,455.73,601.83
44.5,84.5,455.73,601.94
44.5,85.0,455.74,602.04
44.5,85.5,455.75,602.14
44.5,86.0,455.76,602.24
44.5,86.5,455.76,602.34
44.5,87.0,455.77,602.43
44.5,87.5,455.78,602.51
44.5,88.0,455.78,602.6
44.5,88.5,455.79,602.68
44.5,89.0,455.79,602.76
44.5,89.5,455.8,602.83
44.5,90.0,455.8,602.91
45.0,30.0,410.01,359.42
45.0,30.5,410.04,359.51
45.0,31.0,410.26,360.17
45.0,31.5,410.67,361.39
45.0,32.0,411.25,363.16
45.0,32.5,412.01,365.46
45.0,33.0,412.93,368.27
45.0,33.5,413.99,371.56
45.0,34.0,415.18,375.31
45.0,34.5,416.49,379.48
45.0,35.0,417.9,384.05
45.0,35.5,419.39,388.98
45.0,36.0,421.13,394.38
45.0,36.5,422.79,399.96
45.0,37.0,424.5,405.79
45.0,37.5,426.24,411.83
45.0,38.0,428.0,418.04
45.0,38.5,429.75,424.38
45.0,39.0,431.5,430.82
45.0,39.5,433.22,437.3
45.0,40.0,434.9,443.8
45.0,40.5,436.74,450.48
45.0,41.0,438.36,456.95
45.0,41.5,439.93,463.34
45.0,42.0,441.43,469.63
45.0,42.5,442.87,475.79
45.0,43.0,444.23,481.79
45.0,43.5,445.52,487.63
45.0,44.0,446.72,493.28
45.0,44.5,447.85,498.74
45.0,45.0,448.9,503.99
45.0,45.5,449.87,509.04
45.0,46.0,450.76,513.88
45.0,46.5,451.75,518.72
45.0,47.0,452.51,523.16
45.0,47.5,453.21,527.38
45.0,48.0,453.85,531.41
45.0,48.5,454.43,535.23
45.0,49.0,454.96,538.87
45.0,49.5,455.44,542.31
45.0,50.0,455.88,545.58
45.0,50.5,456.28,548.68
45.0,51.0,456.65,551.62
45.0,51.5,456.99,554.39
45.0,52.0,457.3,557.02
45.0,52.5,457.58,559.5
45.0,53.0,457.84,561.85
45.0,53.5,458.08,564.07
45.0,54.0,458.31,566.16
45.0,54.5,458.51,568.14
45.0,55.0,458.7,570.01
45.0,55.5,458.88,571.77
45.0,56.0,459.04,573.44
45.0,56.5,459.19,575.02
45.0,57.0,459.33,576.5
45.0,57.5,459.46,577.91
45.0,58.0,459.58,579.23
45.0,58.5,459.7,580.49
45.0,59.0,459.8,581.67
45.0,59.5,459.9,582.79
45.0,60.0,459.99,583.85
45.0,60.5,460.08,584.85
45.0,61.0,460.16,585.8
45.0,61.5,460.24,586.7
45.0,62.0,460.31,587.54
45.0,62.5,460.38,588.35
45.0,63.0,460.44,589.11
45.0,63.5,460.5,589.83
45.0,64.0,460.56,590.51
45.0,64.5,460.61,591.16
45.0,65.0,460.66,591.78
45.0,65.5,460.71,592.36
45.0,66.0,460.75,592.92
45.0,66.5,460.8,593.44
45.0,67.0,460.84,593.95
45.0,67.5,460.87,594.42
45.0,68.0,460.91,594.87
45.0,68.5,460.94,595.31
45.0,69.0,460.98,595.72
45.0,69.5,461.01,596.11
45.0,70.0,461.03,596.48
45.0,70.5,461.06,596.83
45.0,71.0,461.09,597.17
45.0,71.5,461.11,597.49
45.0,72.0,461.14,597.8
45.0,72.5,461.16,598.09
45.0,73.0,461.18,598.38
45.0,73.5,461.2,598.64
45.0,74.0,461.22,598.9
45.0,74.5,461.24,599.14
45.0,75.0,461.26,599.38
45.0,75.5,461.27,599.6
45.0,76.0,461.29,599.82
45.0,76.5,461.31,600.02
45.0,77.0,461.32,600.22
45.0,77.5,461.34,600.41
45.0,78.0,461.35,600.59
45.0,78.5,461.36,600.76
45.0,79.0,461.37,600.93
45.0,79.5,461.39,601.09
45.0,80.0,461.4,601.24
45.0,80.5,461.41,601.39
45.0,81.0,461.42,601.53
45.0,81.5,461.43,601.67
45.0,82.0,461.44,601.8
45.0,82.5,461.45,601.92
45.0,83.0,461.46,602.04
45.0,83.5,461.47,602.16
45.0,84.0,461.47,602.27
45.0,84.5,461.48,602.38
45.0,85.0,461.49,602.48
45.0,85.5,461.5,602.58
45.0,86.0,461.5,602.68
45.0,86.5,461.51,602.77
45.0,87.0,461.52,602.86
45.0,87.5,461.52,602.95
45.0,88.0,461.53,603.03
45.0,88.5,461.54,603.11
45.0,89.0,461.54,603.19
45.0,89.5,461.55,603.26
45.0,90.0,461.55,603.33
45.5,30.0,415.76,361.1
45.5,30.5,415.79,361.18
45.5,31.0,416.01,361.84
45.5,31.5,416.4,363.05
45.5,32.0,416.98,364.82
45.5,32.5,417.72,367.1
45.5,33.0,418.61,369.9
45.5,33.5,419.65,373.18
45.5,34.0,420.81,376.91
45.5,34.5,422.09,381.06
45.5,35.0,423.46,385.6
45.5,35.5,425.09,390.65
45.5,36.0,426.66,395.91
45.5,36.5,428.29,401.47
45.5,37.0,429.96,407.27
45.5,37.5,431.66,413.28
45.5,38.0,433.38,419.46
45.5,38.5,435.1,425.76
45.5,39.0,436.8,432.16
45.5,39.5,438.49,438.61
45.5,40.0,440.33,445.27
45.5,40.5,441.97,451.76
45.5,41.0,443.57,458.2
45.5,41.5,445.11,464.56
45.5,42.0,446.6,470.82
45.5,42.5,448.01,476.95
45.5,43.0,449.36,482.93
45.5,43.5,450.64,488.74
45.5,44.0,451.84,494.37
45.5,44.5,452.97,499.81
45.5,45.0,454.02,505.04
45.5,45.5,455.16,510.28
45.5,46.0,456.08,515.12
45.5,46.5,456.93,519.75
45.5,47.0,457.71,524.17
45.5,47.5,458.43,528.38
45.5,48.0,459.08,532.39
45.5,48.5,459.68,536.2
45.5,49.0,460.23,539.82
45.5,49.5,460.74,543.25
45.5,50.0,461.19,546.5
45.5,50.5,461.61,549.59
45.5,51.0,462.0,552.5
45.5,51.5,462.35,555.26
45.5,52.0,462.67,557.87
45.5,52.5,462.97,560.33
45.5,53.0,463.24,562.66
45.5,53.5,463.49,564.86
45.5,54.0,463.72,566.94
45.5,54.5,463.93,568.9
45.5,55.0,464.13,570.76
45.5,55.5,464.31,572.51
45.5,56.0,464.48,574.16
45.5,56.5,464.64,575.72
45.5,57.0,464.78,577.19
45.5,57.5,464.92,578.58
45.5,58.0,465.04,579.89
45.5,58.5,465.16,581.14
45.5,59.0,465.27,582.31
45.5,59.5,465.37,583.42
45.5,60.0,465.47,584.46
45.5,60.5,465.56,585.46
45.5,61.0,465.64,586.39
45.5,61.5,465.72,587.28
45.5,62.0,465.8,588.12
45.5,62.5,465.87,588.92
45.5,63.0,465.93,589.67
45.5,63.5,465.99,590.38
45.5,64.0,466.05,591.06
45.5,64.5,466.11,591.7
45.5,65.0,466.16,592.31
45.5,65.5,466.21,592.89
45.5,66.0,466.25,593.44
45.5,66.5,466.29,593.96
45.5,67.0,466.34,594.45
45.5,67.5,466.37,594.92
45.5,68.0,466.41,595.37
45.5,68.5,466.45,595.8
45.5,69.0,466.48,596.2
45.5,69.5,466.51,596.59
45.5,70.0,466.54,596.96
45.5,70.5,466.57,597.31
45.5,71.0,466.6,597.64
45.5,71.5,466.62,597.96
45.5,72.0,466.64,598.26
45.5,72.5,466.67,598.55
45.5,73.0,466.69,598.83
45.5,73.5,466.71,599.1
45.5,74.0,466.73,599.35
45.5,74.5,466.75,599.59
45.5,75.0,466.77,599.82
45.5,75.5,466.79,600.04
45.5,76.0,466.8,600.26
45.5,76.5,466.82,600.46
45.5,77.0,466.83,600.65
45.5,77.5,466.85,600.84
45.5,78.0,466.86,601.02
45.5,78.5,466.88,601.19
45.5,79.0,466.89,601.36
45.5,79.5,466.9,601.51
45.5,80.0,466.91,601.67
45.5,80.5,466.92,601.81
45.5,81.0,466.93,601.95
45.5,81.5,466.94,602.08
45.5,82.0,466.95,602.21
45.5,82.5,466.96,602.34
45.5,83.0,466.97,602.46
45.5,83.5,466.98,602.57
45.5,84.0,466.99,602.68
45.5,84.5,467.0,602.79
45.5,85.0,467.01,602.89
45.5,85.5,467.01,602.99
45.5,86.0,467.02,603.09
45.5,86.5,467.03,603.18
45.5,87.0,467.04,603.27
45.5,87.5,467.04,603.35
45.5,88.0,467.05,603.43
45.5,88.5,467.05,603.51
45.5,89.0,467.06,603.59
45.5,89.5,467.07,603.66
45.5,90.0,467.07,603.73
46.0,30.0,421.37,362.7
46.0,30.5,421.4,362.79
46.0,31.0,421.61,363.44
46.0,31.5,422.0,364.65
46.0,32.0,422.55,366.4
46.0,32.5,423.28,368.68
46.0,33.0,424.15,371.47
46.0,33.5,425.16,374.73
46.0,34.0,426.3,378.44
46.0,34.5,427.54,382.57
46.0,35.0,429.05,387.23
46.0,35.5,430.51,392.15
46.0,36.0,432.05,397.39
46.0,36.5,433.64,402.91
46.0,37.0,435.28,408.68
46.0,37.5,436.94,414.66
46.0,38.0,438.62,420.81
46.0,38.5,440.3,427.09
46.0,39.0,441.97,433.45
46.0,39.5,443.8,440.05
46.0,40.0,445.45,446.52
46.0,40.5,447.06,452.98
46.0,41.0,448.63,459.39
46.0,41.5,450.15,465.72
46.0,42.0,451.61,471.95
46.0,42.5,453.0,478.05
46.0,43.0,454.33,484.0
46.0,43.5,455.6,489.79
46.0,44.0,456.79,495.39
46.0,44.5,457.91,500.81
46.0,45.0,459.13,506.23
46.0,45.5,460.13,511.26
46.0,46.0,461.05,516.09
46.0,46.5,461.91,520.7
46.0,47.0,462.7,525.11
46.0,47.5,463.43,529.3
46.0,48.0,464.1,533.3
46.0,48.5,464.72,537.09
46.0,49.0,465.28,540.7
46.0,49.5,465.8,544.11
46.0,50.0,466.27,547.35
46.0,50.5,466.71,550.42
46.0,51.0,467.11,553.32
46.0,51.5,467.47,556.06
46.0,52.0,467.8,558.65
46.0,52.5,468.11,561.1
46.0,53.0,468.39,563.41
46.0,53.5,468.66,565.6
46.0,54.0,468.89,567.66
46.0,54.5,469.12,569.61
46.0,55.0,469.32,571.45
46.0,55.5,469.51,573.18
46.0,56.0,469.68,574.82
46.0,56.5,469.85,576.37
46.0,57.0,470.0,577.83
46.0,57.5,470.14,579.21
46.0,58.0,470.27,580.51
46.0,58.5,470.39,581.74
46.0,59.0,470.5,582.9
46.0,59.5,470.61,584.0
46.0,60.0,470.71,585.04
46.0,60.5,470.8,586.02
46.0,61.0,470.89,586.95
46.0,61.5,470.97,587.82
46.0,62.0,471.04,588.65
46.0,62.5,471.12,589.44
46.0,63.0,471.18,590.19
46.0,63.5,471.25,590.89
46.0,64.0,471.31,591.56
46.0,64.5,471.36,592.2
46.0,65.0,471.42,592.8
46.0,65.5,471.47,593.37
46.0,66.0,471.51,593.92
46.0,66.5,471.56,594.43
46.0,67.0,471.6,594.92
46.0,67.5,471.64,595.39
46.0,68.0,471.68,595.83
46.0,68.5,471.71,596.25
46.0,69.0,471.75,596.65
46.0,69.5,471.78,597.04
46.0,70.0,471.81,597.4
46.0,70.5,471.84,597.75
46.0,71.0,471.87,598.08
46.0,71.5,471.89,598.39
46.0,72.0,471.92,598.69
46.0,72.5,471.94,598.98
46.0,73.0,471.96,599.25
46.0,73.5,471.98,599.52
46.0,74.0,472.01,599.77
46.0,74.5,472.02,600.01
46.0,75.0,472.04,600.24
46.0,75.5,472.06,600.46
46.0,76.0,472.08,600.66
46.0,76.5,472.09,600.87
46.0,77.0,472.11,601.06
46.0,77.5,472.12,601.24
46.0,78.0,472.14,601.42
46.0,78.5,472.15,601.59
46.0,79.0,472.17,601.75
46.0,79.5,472.18,601.91
46.0,80.0,472.19,602.06
46.0,80.5,472.2,602.2
46.0,81.0,472.21,602.34
46.0,81.5,472.22,602.47
46.0,82.0,472.23,602.6
46.0,82.5,472.24,602.72
46.0,83.0,472.25,602.84
46.0,83.5,472.26,602.95
46.0,84.0,472.27,603.06
46.0,84.5,472.28,603.17
46.0,85.0,472.29,603.27
46.0,85.5,472.29,603.37
46.0,86.0,472.3,603.46
46.0,86.5,472.31,603.55
46.0,87.0,472.32,603.64
46.0,87.5,472.32,603.72
46.0,88.0,472.33,603.81
46.0,88.5,472.34,603.88
46.0,89.0,472.34,603.96
46.0,89.5,472.35,604.03
46.0,90.0,472.35,604.1
46.5,30.0,426.82,364.24
46.5,30.5,426.85,364.32
46.5,31.0,427.05,364.97
46.5,31.5,427.43,366.18
46.5,32.0,427.98,367.92
46.5,32.5,428.68,370.19
46.5,33.0,429.53,372.96
46.5,33.5,430.52,376.21
46.5,34.0,431.63,379.9
46.5,34.5,433.0,384.15
46.5,35.0,434.35,388.69
46.5,35.5,435.79,393.58
46.5,36.0,437.29,398.79
46.5,36.5,438.85,404.29
46.5,37.0,440.45,410.04
46.5,37.5,442.08,415.99
46.5,38.0,443.72,422.11
46.5,38.5,445.36,428.35
46.5,39.0,447.16,434.85
46.5,39.5,448.8,441.27
46.5,40.0,450.42,447.71
46.5,40.5,452.0,454.14
46.5,41.0,453.54,460.51
46.5,41.5,455.03,466.82
46.5,42.0,456.46,473.02
46.5,42.5,457.84,479.09
46.5,43.0,459.15,485.01
46.5,43.5,460.39,490.77
46.5,44.0,461.57,496.35
46.5,44.5,462.86,501.96
46.5,45.0,463.92,507.17
46.5,45.5,464.91,512.19
46.5,46.0,465.83,516.99
46.5,46.5,466.69,521.59
46.5,47.0,467.49,525.98
46.5,47.5,468.22,530.16
46.5,48.0,468.9,534.14
46.5,48.5,469.53,537.92
46.5,49.0,470.11,541.51
46.5,49.5,470.64,544.91
46.5,50.0,471.12,548.13
46.5,50.5,471.57,551.18
46.5,51.0,471.98,554.07
46.5,51.5,472.36,556.8
46.5,52.0,472.7,559.37
46.5,52.5,473.02,561.81
46.5,53.0,473.31,564.11
46.5,53.5,473.58,566.28
46.5,54.0,473.83,568.33
46.5,54.5,474.06,570.26
46.5,55.0,474.27,572.09
46.5,55.5,474.47,573.81
46.5,56.0,474.65,575.43
46.5,56.5,474.82,576.97
46.5,57.0,474.97,578.42
46.5,57.5,475.12,579.78
46.5,58.0,475.25,581.07
46.5,58.5,475.38,582.29
46.5,59.0,475.5,583.45
46.5,59.5,475.61,584.53
46.5,60.0,475.71,585.56
46.5,60.5,475.8,586.54
46.5,61.0,475.89,587.46
46.5,61.5,475.98,588.33
46.5,62.0,476.05,589.15
46.5,62.5,476.13,589.93
46.5,63.0,476.2,590.67
46.5,63.5,476.26,591.37
46.5,64.0,476.32,592.03
46.5,64.5,476.38,592.66
46.5,65.0,476.44,593.26
46.5,65.5,476.49,593.82
46.5,66.0,476.54,594.36
46.5,66.5,476.58,594.87
46.5,67.0,476.63,595.36
46.5,67.5,476.67,595.82
46.5,68.0,476.71,596.26
46.5,68.5,476.74,596.67
46.5,69.0,476.78,597.07
46.5,69.5,476.81,597.45
46.5,70.0,476.84,597.81
46.5,70.5,476.87,598.15
46.5,71.0,476.9,598.48
46.5,71.5,476.93,598.79
46.5,72.0,476.95,599.09
46.5,72.5,476.98,599.37
46.5,73.0,477.0,599.65
46.5,73.5,477.02,599.91
46.5,74.0,477.04,600.15
46.5,74.5,477.06,600.39
46.5,75.0,477.08,600.62
46.5,75.5,477.1,600.83
46.5,76.0,477.12,601.04
46.5,76.5,477.13,601.24
46.5,77.0,477.15,601.43
46.5,77.5,477.17,601.61
46.5,78.0,477.18,601.79
46.5,78.5,477.19,601.96
46.5,79.0,477.21,602.12
46.5,79.5,477.22,602.27
46.5,80.0,477.23,602.42
46.5,80.5,477.24,602.56
46.5,81.0,477.26,602.7
46.5,81.5,477.27,602.83
46.5,82.0,477.28,602.96
46.5,82.5,477.29,603.08
46.5,83.0,477.3,603.2
46.5,83.5,477.31,603.31
46.5,84.0,477.31,603.42
46.5,84.5,477.32,603.52
46.5,85.0,477.33,603.62
46.5,85.5,477.34,603.72
46.5,86.0,477.35,603.81
46.5,86.5,477.35,603.9
46.5,87.0,477.36,603.99
46.5,87.5,477.37,604.07
46.5,88.0,477.37,604.15
46.5,88.5,477.38,604.23
46.5,89.0,477.39,604.3
46.5,89.5,477.39,604.37
46.5,90.0,477.4,604.44
47.0,30.0,432.11,365.7
47.0,30.5,432.13,365.79
47.0,31.0,432.33,366.43
47.0,31.5,432.7,367.64
47.0,32.0,433.24,369.37
47.0,32.5,433.93,371.63
47.0,33.0,434.76,374.39
47.0,33.5,435.72,377.62
47.0,34.0,436.79,381.3
47.0,34.5,438.18,385.56
47.0,35.0,439.5,390.07
47.0,35.5,440.9,394.95
47.0,36.0,442.37,400.14
47.0,36.5,443.9,405.61
47.0,37.0,445.46,411.33
47.0,37.5,447.05,417.25
47.0,38.0,448.65,423.34
47.0,38.5,450.25,429.55
47.0,39.0,452.04,436.04
47.0,39.5,453.65,442.44
47.0,40.0,455.24,448.85
47.0,40.5,456.79,455.24
47.0,41.0,458.29,461.59
47.0,41.5,459.75,467.86
47.0,42.0,461.16,474.03
47.0,42.5,462.51,480.07
47.0,43.0,463.79,485.97
47.0,43.5,465.02,491.7
47.0,44.0,466.36,497.47
47.0,44.5,467.48,502.86
47.0,45.0,468.53,508.06
47.0,45.5,469.51,513.05
47.0,46.0,470.43,517.84
47.0,46.5,471.29,522.41
47.0,47.0,472.08,526.79
47.0,47.5,472.82,530.95
47.0,48.0,473.51,534.91
47.0,48.5,474.14,538.68
47.0,49.0,474.72,542.25
47.0,49.5,475.26,545.64
47.0,50.0,475.76,548.85
47.0,50.5,476.21,551.89
47.0,51.0,476.63,554.76
47.0,51.5,477.02,557.47
47.0,52.0,477.37,560.04
47.0,52.5,477.7,562.46
47.0,53.0,478.0,564.74
47.0,53.5,478.28,566.9
47.0,54.0,478.53,568.94
47.0,54.5,478.77,570.86
47.0,55.0,478.99,572.67
47.0,55.5,479.19,574.38
47.0,56.0,479.38,576.0
47.0,56.5,479.55,577.52
47.0,57.0,479.71,578.96
47.0,57.5,479.86,580.31
47.0,58.0,480.0,581.6
47.0,58.5,480.13,582.81
47.0,59.0,480.25,583.95
47.0,59.5,480.37,585.03
47.0,60.0,480.47,586.05
47.0,60.5,480.57,587.01
47.0,61.0,480.83,588.16
47.0,61.5,480.92,589.03
47.0,62.0,481.0,589.85
47.0,62.5,481.08,590.62
47.0,63.0,481.15,591.36
47.0,63.5,481.22,592.05
47.0,64.0,481.29,592.71
47.0,64.5,481.35,593.34
47.0,65.0,481.4,593.93
47.0,65.5,481.46,594.49
47.0,66.0,481.51,595.02
47.0,66.5,481.55,595.53
47.0,67.0,481.6,596.01
47.0,67.5,481.64,596.47
47.0,68.0,481.68,596.91
47.0,68.5,481.72,597.32
47.0,69.0,481.76,597.72
47.0,69.5,481.79,598.09
47.0,70.0,481.82,598.45
47.0,70.5,481.86,598.79
47.0,71.0,481.88,599.12
47.0,71.5,481.91,599.43
47.0,72.0,481.94,599.72
47.0,72.5,481.96,600.0
47.0,73.0,481.99,600.27
47.0,73.5,482.01,600.53
47.0,74.0,482.03,600.78
47.0,74.5,482.05,601.01
47.0,75.0,482.07,601.24
47.0,75.5,482.09,601.45
47.0,76.0,482.11,601.66
47.0,76.5,482.13,601.86
47.0,77.0,482.15,602.04
47.0,77.5,482.16,602.23
47.0,78.0,482.18,602.4
47.0,78.5,482.19,602.57
47.0,79.0,482.2,602.73
47.0,79.5,482.22,602.88
47.0,80.0,482.23,603.03
47.0,80.5,482.24,603.17
47.0,81.0,482.26,603.3
47.0,81.5,482.27,603.43
47.0,82.0,482.28,603.56
47.0,82.5,482.29,603.68
47.0,83.0,482.3,603.8
47.0,83.5,482.31,603.91
47.0,84.0,482.32,604.01
47.0,84.5,482.33,604.12
47.0,85.0,482.33,604.22
47.0,85.5,482.34,604.31
47.0,86.0,482.35,604.41
47.0,86.5,482.36,604.49
47.0,87.0,482.37,604.58
47.0,87.5,482.37,604.66
47.0,88.0,482.38,604.74
47.0,88.5,482.39,604.82
47.0,89.0,482.39,604.89
47.0,89.5,482.4,604.97
47.0,90.0,482.4,605.04
47.5,30.0,437.22,367.1
47.5,30.5,437.25,367.18
47.5,31.0,437.45,367.83
47.5,31.5,437.81,369.02
47.5,32.0,438.33,370.76
47.5,32.5,439.0,373.01
47.5,33.0,439.81,375.75
47.5,33.5,440.74,378.97
47.5,34.0,442.0,382.79
47.5,34.5,443.19,386.9
47.5,35.0,444.48,391.4
47.5,35.5,445.86,396.25
47.5,36.0,447.29,401.42
47.5,36.5,448.78,406.87
47.5,37.0,450.31,412.57
47.5,37.5,451.86,418.46
47.5,38.0,453.42,424.52
47.5,38.5,455.18,430.87
47.5,39.0,456.77,437.18
47.5,39.5,458.34,443.55
47.5,40.0,459.89,449.93
47.5,40.5,461.41,456.29
47.5,41.0,462.89,462.61
47.5,41.5,464.31,468.85
47.5,42.0,465.69,474.99
47.5,42.5,467.01,481.01
47.5,43.0,468.27,486.88
47.5,43.5,469.67,492.79
47.5,44.0,470.83,498.34
47.5,44.5,471.92,503.71
47.5,45.0,472.96,508.89
47.5,45.5,473.93,513.86
47.5,46.0,474.84,518.63
47.5,46.5,475.7,523.19
47.5,47.0,476.49,527.54
47.5,47.5,477.23,531.69
47.5,48.0,477.91,535.64
47.5,48.5,478.55,539.39
47.5,49.0,479.14,542.94
47.5,49.5,479.68,546.32
47.5,50.0,480.18,549.51
47.5,50.5,480.64,552.53
47.5,51.0,481.07,555.39
47.5,51.5,481.46,558.09
47.5,52.0,481.82,560.65
47.5,52.5,482.16,563.05
47.5,53.0,482.46,565.33
47.5,53.5,482.75,567.47
47.5,54.0,483.01,569.5
47.5,54.5,483.25,571.41
47.5,55.0,483.48,573.21
47.5,55.5,483.86,575.14
47.5,56.0,484.06,576.75
47.5,56.5,484.24,578.27
47.5,57.0,484.4,579.7
47.5,57.5,484.56,581.05
47.5,58.0,484.71,582.32
47.5,58.5,484.84,583.53
47.5,59.0,484.97,584.67
47.5,59.5,485.09,585.74
47.5,60.0,485.2,586.76
47.5,60.5,485.3,587.72
47.5,61.0,485.39,588.62
47.5,61.5,485.48,589.48
47.5,62.0,485.57,590.3
47.5,62.5,485.65,591.06
47.5,63.0,485.72,591.79
47.5,63.5,485.79,592.48
47.5,64.0,485.86,593.14
47.5,64.5,485.92,593.76
47.5,65.0,485.98,594.34
47.5,65.5,486.04,594.9
47.5,66.0,486.09,595.43
47.5,66.5,486.14,595.94
47.5,67.0,486.18,596.41
47.5,67.5,486.23,596.87
47.5,68.0,486.27,597.3
47.5,68.5,486.31,597.71
47.5,69.0,486.34,598.1
47.5,69.5,486.38,598.47
47.5,70.0,486.41,598.83
47.5,70.5,486.45,599.17
47.5,71.0,486.48,599.49
47.5,71.5,486.5,599.8
47.5,72.0,486.53,600.09
47.5,72.5,486.56,600.37
47.5,73.0,486.58,600.64
47.5,73.5,486.61,600.89
47.5,74.0,486.63,601.14
47.5,74.5,486.65,601.37
47.5,75.0,486.67,601.59
47.5,75.5,486.69,601.81
47.5,76.0,486.71,602.01
47.5,76.5,486.73,602.21
47.5,77.0,486.74,602.39
47.5,77.5,486.76,602.57
47.5,78.0,486.78,602.75
47.5,78.5,486.79,602.91
47.5,79.0,486.81,603.07
47.5,79.5,486.82,603.22
47.5,80.0,486.83,603.37
47.5,80.5,486.84,603.51
47.5,81.0,486.86,603.64
47.5,81.5,486.87,603.77
47.5,82.0,486.88,603.89
47.5,82.5,486.89,604.01
47.5,83.0,486.9,604.13
47.5,83.5,486.91,604.24
47.5,84.0,486.92,604.35
47.5,84.5,486.93,604.45
47.5,85.0,486.94,604.55
47.5,85.5,486.95,604.64
47.5,86.0,486.95,604.73
47.5,86.5,486.96,604.82
47.5,87.0,486.97,604.91
47.5,87.5,486.98,604.99
47.5,88.0,486.98,605.07
47.5,88.5,486.99,605.14
47.5,89.0,487.0,605.22
47.5,89.5,487.0,605.29
47.5,90.0,487.01,605.36
48.0,30.0,442.17,368.43
48.0,30.5,442.19,368.51
48.0,31.0,442.38,369.15
48.0,31.5,442.73,370.34
48.0,32.0,443.24,372.07
48.0,32.5,443.89,374.31
48.0,33.0,444.68,377.04
48.0,33.5,445.8,380.4
48.0,34.0,446.86,384.08
48.0,34.5,448.03,388.18
48.0,35.0,449.3,392.66
48.0,35.5,450.64,397.49
48.0,36.0,452.04,402.64
48.0,36.5,453.5,408.07
48.0,37.0,454.99,413.74
48.0,37.5,456.5,419.61
48.0,38.0,458.21,425.8
48.0,38.5,459.77,431.99
48.0,39.0,461.33,438.27
48.0,39.5,462.87,444.6
48.0,40.0,464.39,450.95
48.0,40.5,465.87,457.29
48.0,41.0,467.31,463.58
48.0,41.5,468.71,469.79
48.0,42.0,470.06,475.91
48.0,42.5,471.35,481.89
48.0,43.0,472.78,487.93
48.0,43.5,473.98,493.64
48.0,44.0,475.12,499.17
48.0,44.5,476.2,504.52
48.0,45.0,477.22,509.67
48.0,45.5,478.18,514.62
48.0,46.0,479.08,519.37
48.0,46.5,479.93,523.91
48.0,47.0,480.71,528.24
48.0,47.5,481.45,532.38
48.0,48.0,482.13,536.31
48.0,48.5,482.77,540.04
48.0,49.0,483.35,543.58
48.0,49.5,483.9,546.94
48.0,50.0,484.4,550.12
48.0,50.5,484.87,553.13
48.0,51.0,485.3,555.98
48.0,51.5,485.69,558.67
48.0,52.0,486.06,561.21
48.0,52.5,486.4,563.6
48.0,53.0,486.89,566.09
48.0,53.5,487.18,568.23
48.0,54.0,487.45,570.25
48.0,54.5,487.71,572.16
48.0,55.0,487.94,573.95
48.0,55.5,488.15,575.65
48.0,56.0,488.35,577.25
48.0,56.5,488.54,578.76
48.0,57.0,488.71,580.18
48.0,57.5,488.87,581.52
48.0,58.0,489.02,582.79
48.0,58.5,489.16,583.99
48.0,59.0,489.29,585.12
48.0,59.5,489.41,586.19
48.0,60.0,489.52,587.19
48.0,60.5,489.63,588.15
48.0,61.0,489.73,589.05
48.0,61.5,489.82,589.9
48.0,62.0,489.91,590.71
48.0,62.5,489.99,591.47
48.0,63.0,490.07,592.2
48.0,63.5,490.14,592.88
48.0,64.0,490.21,593.53
48.0,64.5,490.27,594.15
48.0,65.0,490.33,594.73
48.0,65.5,490.39,595.28
48.0,66.0,490.44,595.81
48.0,66.5,490.49,596.31
48.0,67.0,490.54,596.78
48.0,67.5,490.58,597.23
48.0,68.0,490.63,597.66
48.0,68.5,490.67,598.07
48.0,69.0,490.71,598.46
48.0,69.5,490.74,598.83
48.0,70.0,490.78,599.18
48.0,70.5,490.81,599.51
48.0,71.0,490.84,599.83
48.0,71.5,490.87,600.14
48.0,72.0,490.9,600.43
48.0,72.5,490.92,600.71
48.0,73.0,490.95,600.97
48.0,73.5,490.97,601.23
48.0,74.0,491.0,601.47
48.0,74.5,491.02,601.7
48.0,75.0,491.04,601.92
48.0,75.5,491.06,602.13
48.0,76.0,491.08,602.34
48.0,76.5,491.1,602.53
48.0,77.0,491.12,602.72
48.0,77.5,491.13,602.89
48.0,78.0,491.15,603.06
48.0,78.5,491.16,603.23
48.0,79.0,491.18,603.38
48.0,79.5,491.19,603.54
48.0,80.0,491.21,603.68
48.0,80.5,491.22,603.82
48.0,81.0,491.23,603.95
48.0,81.5,491.24,604.08
48.0,82.0,491.25,604.2
48.0,82.5,491.27,604.32
48.0,83.0,491.28,604.44
48.0,83.5,491.29,604.55
48.0,84.0,491.3,604.65
48.0,84.5,491.31,604.75
48.0,85.0,491.31,604.85
48.0,85.5,491.32,604.95
48.0,86.0,491.33,605.04
48.0,86.5,491.34,605.12
48.0,87.0,491.35,605.21
48.0,87.5,491.35,605.29
48.0,88.0,491.36,605.37
48.0,88.5,491.37,605.44
48.0,89.0,491.38,605.52
48.0,89.5,491.38,605.59
48.0,90.0,491.39,605.65
48.5,30.0,446.93,369.69
48.5,30.5,446.95,369.77
48.5,31.0,447.14,370.41
48.5,31.5,447.48,371.6
48.5,32.0,447.98,373.31
48.5,32.5,448.61,375.55
48.5,33.0,449.58,378.42
48.5,33.5,450.51,381.64
48.5,34.0,451.55,385.31
48.5,34.5,452.7,389.39
48.5,35.0,453.93,393.86
48.5,35.5,455.25,398.68
48.5,36.0,456.62,403.81
48.5,36.5,458.04,409.21
48.5,37.0,459.5,414.86
48.5,37.5,460.98,420.7
48.5,38.0,462.67,426.88
48.5,38.5,464.2,433.04
48.5,39.0,465.72,439.3
48.5,39.5,467.23,445.61
48.5,40.0,468.71,451.93
48.5,40.5,470.16,458.24
48.5,41.0,471.57,464.5
48.5,41.5,472.94,470.69
48.5,42.0,474.26,476.77
48.5,42.5,475.71,482.92
48.5,43.0,476.95,488.76
48.5,43.5,478.12,494.44
48.5,44.0,479.25,499.95
48.5,44.5,480.31,505.28
48.5,45.0,481.31,510.41
48.5,45.5,482.26,515.34
48.5,46.0,483.15,520.06
48.5,46.5,483.98,524.59
48.5,47.0,484.76,528.9
48.5,47.5,485.49,533.02
48.5,48.0,486.17,536.93
48.5,48.5,486.8,540.65
48.5,49.0,487.38,544.18
48.5,49.5,487.93,547.52
48.5,50.0,488.43,550.69
48.5,50.5,488.9,553.69
48.5,51.0,489.33,556.52
48.5,51.5,489.91,559.42
48.5,52.0,490.28,561.95
48.5,52.5,490.63,564.35
48.5,53.0,490.95,566.61
48.5,53.5,491.25,568.74
48.5,54.0,491.52,570.75
48.5,54.5,491.78,572.64
48.5,55.0,492.02,574.43
48.5,55.5,492.24,576.12
48.5,56.0,492.44,577.71
48.5,56.5,492.63,579.21
48.5,57.0,492.8,580.62
48.5,57.5,492.97,581.96
48.5,58.0,493.12,583.22
48.5,58.5,493.26,584.41
48.5,59.0,493.4,585.53
48.5,59.5,493.52,586.6
48.5,60.0,493.64,587.6
48.5,60.5,493.74,588.55
48.5,61.0,493.85,589.44
48.5,61.5,493.94,590.29
48.5,62.0,494.03,591.09
48.5,62.5,494.11,591.85
48.5,63.0,494.19,592.57
48.5,63.5,494.27,593.25
48.5,64.0,494.33,593.89
48.5,64.5,494.4,594.5
48.5,65.0,494.46,595.08
48.5,65.5,494.52,595.63
48.5,66.0,494.57,596.16
48.5,66.5,494.63,596.65
48.5,67.0,494.68,597.12
48.5,67.5,494.72,597.57
48.5,68.0,494.77,598.0
48.5,68.5,494.81,598.4
48.5,69.0,494.85,598.79
48.5,69.5,494.88,599.15
48.5,70.0,494.92,599.5
48.5,70.5,494.95,599.84
48.5,71.0,494.98,600.15
48.5,71.5,495.01,600.46
48.5,72.0,495.04,600.74
48.5,72.5,495.07,601.02
48.5,73.0,495.1,601.28
48.5,73.5,495.12,601.53
48.5,74.0,495.15,601.77
48.5,74.5,495.17,602.0
48.5,75.0,495.19,602.22
48.5,75.5,495.21,602.43
48.5,76.0,495.23,602.64
48.5,76.5,495.25,602.83
48.5,77.0,495.27,603.01
48.5,77.5,495.28,603.19
48.5,78.0,495.3,603.36
48.5,78.5,495.32,603.52
48.5,79.0,495.33,603.68
48.5,79.5,495.35,603.83
48.5,80.0,495.36,603.97
48.5,80.5,495.37,604.11
48.5,81.0,495.38,604.24
48.5,81.5,495.4,604.37
48.5,82.0,495.41,604.49
48.5,82.5,495.42,604.61
48.5,83.0,495.43,604.72
48.5,83.5,495.44,604.83
48.5,84.0,495.45,604.93
48.5,84.5,495.46,605.03
48.5,85.0,495.47,605.13
48.5,85.5,495.48,605.23
48.5,86.0,495.49,605.32
48.5,86.5,495.5,605.4
48.5,87.0,495.5,605.49
48.5,87.5,495.51,605.57
48.5,88.0,495.52,605.64
48.5,88.5,495.53,605.72
48.5,89.0,495.53,605.79
48.5,89.5,495.54,605.86
48.5,90.0,495.55,605.93
49.0,30.0,451.51,370.88
49.0,30.5,451.53,370.96
49.0,31.0,451.71,371.6
49.0,31.5,452.05,372.78
49.0,32.0,452.71,374.63
49.0,32.5,453.36,376.87
49.0,33.0,454.14,379.61
49.0,33.5,455.05,382.82
49.0,34.0,456.07,386.48
49.0,34.5,457.19,390.55
49.0,35.0,458.4,395.0
49.0,35.5,459.68,399.8
49.0,36.0,461.02,404.91
49.0,36.5,462.41,410.29
49.0,37.0,463.83,415.91
49.0,37.5,465.46,421.89
49.0,38.0,466.96,427.91
49.0,38.5,468.45,434.05
49.0,39.0,469.94,440.28
49.0,39.5,471.42,446.56
49.0,40.0,472.87,452.86
49.0,40.5,474.29,459.14
49.0,41.0,475.67,465.37
49.0,41.5,477.01,471.53
49.0,42.0,478.3,477.59
49.0,42.5,479.74,483.73
49.0,43.0,480.95,489.54
49.0,43.5,482.11,495.2
49.0,44.0,483.21,500.69
49.0,44.5,484.25,505.99
49.0,45.0,485.24,511.1
49.0,45.5,486.17,516.01
49.0,46.0,487.04,520.72
49.0,46.5,487.87,525.22
49.0,47.0,488.63,529.52
49.0,47.5,489.35,533.62
49.0,48.0,490.02,537.51
49.0,48.5,490.65,541.22
49.0,49.0,491.23,544.73
49.0,49.5,491.77,548.06
49.0,50.0,492.27,551.22
49.0,50.5,492.92,554.42
49.0,51.0,493.36,557.25
49.0,51.5,493.77,559.93
49.0,52.0,494.14,562.45
49.0,52.5,494.49,564.83
49.0,53.0,494.82,567.08
49.0,53.5,495.12,569.2
49.0,54.0,495.39,571.21
49.0,54.5,495.65,573.09
49.0,55.0,495.89,574.87
49.0,55.5,496.11,576.55
49.0,56.0,496.32,578.13
49.0,56.5,496.51,579.63
49.0,57.0,496.69,581.03
49.0,57.5,496.86,582.36
49.0,58.0,497.01,583.62
49.0,58.5,497.16,584.8
49.0,59.0,497.29,585.92
49.0,59.5,497.42,586.97
49.0,60.0,497.54,587.97
49.0,60.5,497.65,588.91
49.0,61.0,497.75,589.8
49.0,61.5,497.85,590.64
49.0,62.0,497.94,591.44
49.0,62.5,498.02,592.2
49.0,63.0,498.1,592.91
49.0,63.5,498.18,593.59
49.0,64.0,498.25,594.23
49.0,64.5,498.32,594.83
49.0,65.0,498.38,595.41
49.0,65.5,498.44,595.96
49.0,66.0,498.5,596.48
49.0,66.5,498.55,596.97
49.0,67.0,498.6,597.44
49.0,67.5,498.65,597.88
49.0,68.0,498.69,598.3
49.0,68.5,498.73,598.71
49.0,69.0,498.77,599.09
49.0,69.5,498.81,599.45
49.0,70.0,498.85,599.8
49.0,70.5,498.88,600.13
49.0,71.0,498.91,600.45
49.0,71.5,498.95,600.75
49.0,72.0,498.97,601.03
49.0,72.5,499.0,601.31
49.0,73.0,499.03,601.57
49.0,73.5,499.06,601.82
49.0,74.0,499.08,602.06
49.0,74.5,499.1,602.28
49.0,75.0,499.12,602.5
49.0,75.5,499.15,602.71
49.0,76.0,499.17,602.91
49.0,76.5,499.18,603.1
49.0,77.0,499.2,603.29
49.0,77.5,499.22,603.46
49.0,78.0,499.24,603.63
49.0,78.5,499.25,603.79
49.0,79.0,499.27,603.95
49.0,79.5,499.28,604.09
49.0,80.0,499.3,604.24
49.0,80.5,499.31,604.37
49.0,81.0,499.32,604.5
49.0,81.5,499.34,604.63
49.0,82.0,499.35,604.75
49.0,82.5,499.36,604.87
49.0,83.0,499.37,604.98
49.0,83.5,499.38,605.09
49.0,84.0,499.39,605.19
49.0,84.5,499.4,605.29
49.0,85.0,499.41,605.39
49.0,85.5,499.42,605.48
49.0,86.0,499.43,605.57
49.0,86.5,499.44,605.66
49.0,87.0,499.45,605.74
49.0,87.5,499.45,605.82
49.0,88.0,499.46,605.9
49.0,88.5,499.47,605.97
49.0,89.0,499.48,606.05
49.0,89.5,499.48,606.11
49.0,90.0,499.49,606.18
49.5,30.0,455.9,372.01
49.5,30.5,455.93,372.1
49.5,31.0,456.28,372.86
49.5,31.5,456.62,374.05
49.5,32.0,457.12,375.77
49.5,32.5,457.75,378.01
49.5,33.0,458.52,380.74
49.5,33.5,459.4,383.94
49.5,34.0,460.4,387.59
49.5,34.5,461.5,391.65
49.5,35.0,462.68,396.08
49.5,35.5,463.94,400.86
49.5,36.0,465.25,405.96
49.5,36.5,466.61,411.32
49.5,37.0,468.0,416.92
49.5,37.5,469.62,422.89
49.5,38.0,471.08,428.88
49.5,38.5,472.54,435.0
49.5,39.0,474.0,441.21
49.5,39.5,475.44,447.46
49.5,40.0,476.86,453.74
49.5,40.5,478.25,459.99
49.5,41.0,479.6,466.2
49.5,41.5,480.91,472.33
49.5,42.0,482.36,478.55
49.5,42.5,483.6,484.49
49.5,43.0,484.79,490.28
49.5,43.5,485.92,495.92
49.5,44.0,487.0,501.38
49.5,44.5,488.03,506.66
49.5,45.0,488.99,511.75
49.5,45.5,489.91,516.64
49.5,46.0,490.77,521.33
49.5,46.5,491.58,525.82
49.5,47.0,492.34,530.1
49.5,47.5,493.05,534.18
49.5,48.0,493.71,538.06
49.5,48.5,494.33,541.75
49.5,49.0,494.9,545.25
49.5,49.5,495.62,548.78
49.5,50.0,496.13,551.93
49.5,50.5,496.6,554.92
49.5,51.0,497.04,557.73
49.5,51.5,497.44,560.4
49.5,52.0,497.82,562.91
49.5,52.5,498.17,565.28
49.5,53.0,498.49,567.52
49.5,53.5,498.79,569.64
49.5,54.0,499.07,571.63
49.5,54.5,499.33,573.51
49.5,55.0,499.58,575.28
49.5,55.5,499.8,576.95
49.5,56.0,500.01,578.52
49.5,56.5,500.2,580.01
49.5,57.0,500.38,581.41
49.5,57.5,500.55,582.73
49.5,58.0,500.71,583.98
49.5,58.5,500.85,585.16
49.5,59.0,500.99,586.27
49.5,59.5,501.12,587.32
49.5,60.0,501.24,588.31
49.5,60.5,501.35,589.25
49.5,61.0,501.46,590.13
49.5,61.5,501.55,590.97
49.5,62.0,501.65,591.76
49.5,62.5,501.73,592.51
49.5,63.0,501.82,593.22
49.5,63.5,501.89,593.9
49.5,64.0,501.96,594.53
49.5,64.5,502.03,595.14
49.5,65.0,502.1,595.71
49.5,65.5,502.16,596.25
49.5,66.0,502.21,596.77
49.5,66.5,502.27,597.26
49.5,67.0,502.32,597.72
49.5,67.5,502.37,598.17
49.5,68.0,502.41,598.59
49.5,68.5,502.46,598.99
49.5,69.0,502.5,599.37
49.5,69.5,502.54,599.73
49.5,70.0,502.57,600.07
49.5,70.5,502.61,600.4
49.5,71.0,502.64,600.72
49.5,71.5,502.67,601.01
49.5,72.0,502.7,601.3
49.5,72.5,502.73,601.57
49.5,73.0,502.76,601.83
49.5,73.5,502.78,602.08
49.5,74.0,502.81,602.32
49.5,74.5,502.83,602.54
49.5,75.0,502.85,602.76
49.5,75.5,502.88,602.97
49.5,76.0,502.9,603.17
49.5,76.5,502.92,603.36
49.5,77.0,502.93,603.54
49.5,77.5,502.95,603.71
49.5,78.0,502.97,603.88
49.5,78.5,502.99,604.04
49.5,79.0,503.0,604.19
49.5,79.5,503.02,604.34
49.5,80.0,503.03,604.48
49.5,80.5,503.04,604.62
49.5,81.0,503.06,604.75
49.5,81.5,503.07,604.87
49.5,82.0,503.08,604.99
49.5,82.5,503.09,605.11
49.5,83.0,503.11,605.22
49.5,83.5,503.12,605.33
49.5,84.0,503.13,605.43
49.5,84.5,503.14,605.53
49.5,85.0,503.15,605.63
49.5,85.5,503.16,605.72
49.5,86.0,503.16,605.81
49.5,86.5,503.17,605.89
49.5,87.0,503.18,605.98
49.5,87.5,503.19,606.06
49.5,88.0,503.2,606.13
49.5,88.5,503.2,606.21
49.5,89.0,503.21,606.28
49.5,89.5,503.22,606.35
49.5,90.0,503.23,606.41
50.0,30.0,460.32,373.23
50.0,30.5,460.35,373.31
50.0,31.0,460.53,373.95
50.0,31.5,460.86,375.14
50.0,32.0,461.34,376.86
50.0,32.5,461.96,379.09
50.0,33.0,462.71,381.81
50.0,33.5,463.58,385.01
50.0,34.0,464.56,388.64
50.0,34.5,465.64,392.68
50.0,35.0,466.79,397.11
50.0,35.5,468.02,401.87
50.0,36.0,469.3,406.95
50.0,36.5,470.63,412.29
50.0,37.0,472.18,418.03
50.0,37.5,473.6,423.84
50.0,38.0,475.03,429.81
50.0,38.5,476.46,435.9
50.0,39.0,477.89,442.09
50.0,39.5,479.3,448.32
50.0,40.0,480.68,454.57
50.0,40.5,482.04,460.8
50.0,41.0,483.36,466.98
50.0,41.5,484.83,473.27
50.0,42.0,486.09,479.3
50.0,42.5,487.3,485.21
50.0,43.0,488.46,490.99
50.0,43.5,489.57,496.6
50.0,44.0,490.63,502.04
50.0,44.5,491.64,507.3
50.0,45.0,492.59,512.37
50.0,45.5,493.49,517.24
50.0,46.0,494.33,521.91
50.0,46.5,495.13,526.38
50.0,47.0,495.88,530.64
50.0,47.5,496.58,534.7
50.0,48.0,497.23,538.57
50.0,48.5,497.84,542.24
50.0,49.0,498.6,545.95
50.0,49.5,499.14,549.27
50.0,50.0,499.64,552.41
50.0,50.5,500.11,555.38
50.0,51.0,500.54,558.18
50.0,51.5,500.94,560.83
50.0,52.0,501.32,563.34
50.0,52.5,501.67,565.7
50.0,53.0,501.99,567.93
50.0,53.5,502.29,570.04
50.0,54.0,502.57,572.02
50.0,54.5,502.83,573.89
50.0,55.0,503.07,575.65
50.0,55.5,503.3,577.32
50.0,56.0,503.51,578.89
50.0,56.5,503.7,580.37
50.0,57.0,503.89,581.76
50.0,57.5,504.06,583.08
50.0,58.0,504.21,584.32
50.0,58.5,504.36,585.49
50.0,59.0,504.5,586.6
50.0,59.5,504.63,587.64
50.0,60.0,504.75,588.63
50.0,60.5,504.86,589.56
50.0,61.0,504.97,590.44
50.0,61.5,505.07,591.27
50.0,62.0,505.16,592.06
50.0,62.5,505.25,592.81
50.0,63.0,505.33,593.51
50.0,63.5,505.41,594.18
50.0,64.0,505.48,594.82
50.0,64.5,505.55,595.42
50.0,65.0,505.62,595.99
50.0,65.5,505.68,596.53
50.0,66.0,505.74,597.04
50.0,66.5,505.79,597.53
50.0,67.0,505.84,597.99
50.0,67.5,505.89,598.43
50.0,68.0,505.94,598.85
50.0,68.5,505.98,599.24
50.0,69.0,506.02,599.62
50.0,69.5,506.06,599.98
50.0,70.0,506.1,600.33
50.0,70.5,506.14,600.65
50.0,71.0,506.17,600.96
50.0,71.5,506.2,601.26
50.0,72.0,506.23,601.54
50.0,72.5,506.26,601.81
50.0,73.0,506.29,602.07
50.0,73.5,506.32,602.32
50.0,74.0,506.34,602.55
50.0,74.5,506.36,602.78
50.0,75.0,506.39,603.0
50.0,75.5,506.41,603.2
50.0,76.0,506.43,603.4
50.0,76.5,506.45,603.59
50.0,77.0,506.47,603.77
50.0,77.5,506.49,603.94
50.0,78.0,506.5,604.11
50.0,78.5,506.52,604.27
50.0,79.0,506.54,604.42
50.0,79.5,506.55,604.57
50.0,80.0,506.57,604.71
50.0,80.5,506.58,604.84
50.0,81.0,506.59,604.97
50.0,81.5,506.61,605.1
50.0,82.0,506.62,605.22
50.0,82.5,506.63,605.33
50.0,83.0,506.64,605.44
50.0,83.5,506.65,605.55
50.0,84.0,506.66,605.65
50.0,84.5,506.67,605.75
50.0,85.0,506.68,605.85
50.0,85.5,506.69,605.94
50.0,86.0,506.7,606.03
50.0,86.5,506.71,606.11
50.0,87.0,506.72,606.19
50.0,87.5,506.73,606.27
50.0,88.0,506.74,606.35
50.0,88.5,506.74,606.42
50.0,89.0,506.75,606.49
50.0,89.5,506.76,606.56
50.0,90.0,506.76,606.63
50.5,30.0,464.39,374.26
50.5,30.5,464.42,374.35
50.5,31.0,464.59,374.99
50.5,31.5,464.92,376.17
50.5,32.0,465.39,377.88
50.5,32.5,466.0,380.11
50.5,33.0,466.74,382.83
50.5,33.5,467.59,386.01
50.5,34.0,468.55,389.64
50.5,34.5,469.6,393.67
50.5,35.0,470.73,398.08
50.5,35.5,471.93,402.83
50.5,36.0,473.19,407.89
50.5,36.5,474.48,413.21
50.5,37.0,476.02,418.94
50.5,37.5,477.41,424.74
50.5,38.0,478.81,430.69
50.5,38.5,480.21,436.76
50.5,39.0,481.61,442.92
50.5,39.5,482.99,449.13
50.5,40.0,484.34,455.35
50.5,40.5,485.67,461.56
50.5,41.0,486.96,467.72
50.5,41.5,488.41,473.99
50.5,42.0,489.65,480.01
50.5,42.5,490.84,485.9
50.5,43.0,491.98,491.65
50.5,43.5,493.07,497.24
50.5,44.0,494.11,502.66
50.5,44.5,495.09,507.9
50.5,45.0,496.02,512.95
50.5,45.5,496.91,517.8
50.5,46.0,497.74,522.45
50.5,46.5,498.52,526.9
50.5,47.0,499.25,531.15
50.5,47.5,499.94,535.2
50.5,48.0,500.58,539.05
50.5,48.5,501.38,542.93
50.5,49.0,501.95,546.41
50.5,49.5,502.49,549.72
50.5,50.0,502.98,552.85
50.5,50.5,503.44,555.8
50.5,51.0,503.88,558.6
50.5,51.5,504.28,561.24
50.5,52.0,504.65,563.74
50.5,52.5,505.0,566.09
50.5,53.0,505.32,568.31
50.5,53.5,505.62,570.41
50.5,54.0,505.9,572.38
50.5,54.5,506.16,574.25
50.5,55.0,506.4,576.0
50.5,55.5,506.62,577.66
50.5,56.0,506.83,579.22
50.5,56.5,507.03,580.69
50.5,57.0,507.21,582.08
50.5,57.5,507.38,583.39
50.5,58.0,507.54,584.63
50.5,58.5,507.69,585.79
50.5,59.0,507.83,586.9
50.5,59.5,507.96,587.94
50.5,60.0,508.08,588.92
50.5,60.5,508.19,589.84
50.5,61.0,508.3,590.72
50.5,61.5,508.4,591.55
50.5,62.0,508.5,592.34
50.5,62.5,508.58,593.08
50.5,63.0,508.67,593.78
50.5,63.5,508.75,594.45
50.5,64.0,508.82,595.08
50.5,64.5,508.89,595.67
50.5,65.0,508.95,596.24
50.5,65.5,509.02,596.78
50.5,66.0,509.08,597.29
50.5,66.5,509.13,597.77
50.5,67.0,509.18,598.23
50.5,67.5,509.23,598.67
50.5,68.0,509.28,599.09
50.5,68.5,509.32,599.48
50.5,69.0,509.37,599.86
50.5,69.5,509.4,600.22
50.5,70.0,509.44,600.56
50.5,70.5,509.48,600.88
50.5,71.0,509.51,601.19
50.5,71.5,509.55,601.49
50.5,72.0,509.58,601.77
50.5,72.5,509.61,602.04
50.5,73.0,509.63,602.29
50.5,73.5,509.66,602.54
50.5,74.0,509.69,602.77
50.5,74.5,509.71,603.0
50.5,75.0,509.73,603.21
50.5,75.5,509.76,603.42
50.5,76.0,509.78,603.61
50.5,76.5,509.8,603.8
50.5,77.0,509.82,603.98
50.5,77.5,509.83,604.15
50.5,78.0,509.85,604.32
50.5,78.5,509.87,604.48
50.5,79.0,509.88,604.63
50.5,79.5,509.9,604.77
50.5,80.0,509.92,604.91
50.5,80.5,509.93,605.05
50.5,81.0,509.94,605.18
50.5,81.5,509.96,605.3
50.5,82.0,509.97,605.42
50.5,82.5,509.98,605.54
50.5,83.0,509.99,605.65
50.5,83.5,510.0,605.75
50.5,84.0,510.01,605.85
50.5,84.5,510.02,605.95
50.5,85.0,510.03,606.05
50.5,85.5,510.04,606.14
50.5,86.0,510.05,606.23
50.5,86.5,510.06,606.31
50.5,87.0,510.07,606.39
50.5,87.5,510.08,606.47
50.5,88.0,510.09,606.55
50.5,88.5,510.09,606.62
50.5,89.0,510.1,606.69
50.5,89.5,510.11,606.76
50.5,90.0,510.12,606.82
51.0,30.0,468.29,375.24
51.0,30.5,468.31,375.33
51.0,31.0,468.48,375.96
51.0,31.5,468.8,377.14
51.0,32.0,469.27,378.85
51.0,32.5,469.86,381.08
51.0,33.0,470.58,383.79
51.0,33.5,471.42,386.96
51.0,34.0,472.36,390.58
51.0,34.5,473.39,394.6
51.0,35.0,474.5,399.0
51.0,35.5,475.67,403.73
51.0,36.0,476.9,408.77
51.0,36.5,478.36,414.24
51.0,37.0,479.69,419.81
51.0,37.5,481.05,425.58
51.0,38.0,482.42,431.52
51.0,38.5,483.8,437.57
51.0,39.0,485.16,443.71
51.0,39.5,486.52,449.9
51.0,40.0,487.84,456.1
51.0,40.5,489.14,462.28
51.0,41.0,490.59,468.59
51.0,41.5,491.84,474.68
51.0,42.0,493.05,480.67
51.0,42.5,494.22,486.54
51.0,43.0,495.34,492.27
51.0,43.5,496.4,497.84
51.0,44.0,497.42,503.25
51.0,44.5,498.39,508.47
51.0,45.0,499.3,513.5
51.0,45.5,500.17,518.33
51.0,46.0,500.99,522.96
51.0,46.5,501.75,527.4
51.0,47.0,502.47,531.63
51.0,47.5,503.15,535.66
51.0,48.0,503.98,539.72
51.0,48.5,504.58,543.38
51.0,49.0,505.15,546.85
51.0,49.5,505.67,550.14
51.0,50.0,506.16,553.26
51.0,50.5,506.62,556.2
51.0,51.0,507.05,558.99
51.0,51.5,507.45,561.62
51.0,52.0,507.82,564.11
51.0,52.5,508.16,566.45
51.0,53.0,508.48,568.67
51.0,53.5,508.78,570.75
51.0,54.0,509.06,572.72
51.0,54.5,509.31,574.58
51.0,55.0,509.56,576.33
51.0,55.5,509.78,577.98
51.0,56.0,509.99,579.53
51.0,56.5,510.18,581.0
51.0,57.0,510.37,582.38
51.0,57.5,510.54,583.68
51.0,58.0,510.7,584.92
51.0,58.5,510.85,586.08
51.0,59.0,510.98,587.17
51.0,59.5,511.11,588.21
51.0,60.0,511.24,589.19
51.0,60.5,511.35,590.11
51.0,61.0,511.46,590.98
51.0,61.5,511.56,591.81
51.0,62.0,511.65,592.59
51.0,62.5,511.74,593.33
51.0,63.0,511.83,594.03
51.0,63.5,511.91,594.69
51.0,64.0,511.98,595.32
51.0,64.5,512.05,595.91
51.0,65.0,512.12,596.48
51.0,65.5,512.18,597.01
51.0,66.0,512.24,597.52
51.0,66.5,512.29,598.0
51.0,67.0,512.35,598.46
51.0,67.5,512.4,598.89
51.0,68.0,512.44,599.31
51.0,68.5,512.49,599.7
51.0,69.0,512.53,600.07
51.0,69.5,512.57,600.43
51.0,70.0,512.61,600.77
51.0,70.5,512.64,601.09
51.0,71.0,512.68,601.4
51.0,71.5,512.71,601.7
51.0,72.0,512.74,601.98
51.0,72.5,512.77,602.24
51.0,73.0,512.8,602.5
51.0,73.5,512.83,602.74
51.0,74.0,512.85,602.98
51.0,74.5,512.88,603.2
51.0,75.0,512.9,603.41
51.0,75.5,512.92,603.62
51.0,76.0,512.94,603.81
51.0,76.5,512.96,604.0
51.0,77.0,512.98,604.18
51.0,77.5,513.0,604.35
51.0,78.0,513.02,604.51
51.0,78.5,513.04,604.67
51.0,79.0,513.05,604.82
51.0,79.5,513.07,604.97
51.0,80.0,513.08,605.11
51.0,80.5,513.1,605.24
51.0,81.0,513.11,605.37
51.0,81.5,513.13,605.49
51.0,82.0,513.14,605.61
51.0,82.5,513.15,605.72
51.0,83.0,513.16,605.83
51.0,83.5,513.17,605.94
51.0,84.0,513.18,606.04
51.0,84.5,513.19,606.14
51.0,85.0,513.2,606.23
51.0,85.5,513.21,606.32
51.0,86.0,513.22,606.41
51.0,86.5,513.23,606.49
51.0,87.0,513.24,606.57
51.0,87.5,513.25,606.65
51.0,88.0,513.26,606.73
51.0,88.5,513.27,606.8
51.0,89.0,513.27,606.87
51.0,89.5,513.28,606.94
51.0,90.0,513.29,607.0
51.5,30.0,472.01,376.17
51.5,30.5,472.03,376.25
51.5,31.0,472.2,376.89
51.5,31.5,472.51,378.07
51.5,32.0,472.97,379.77
51.5,32.5,473.55,381.99
51.5,33.0,474.26,384.69
51.5,33.5,475.08,387.86
51.5,34.0,476.0,391.47
51.5,34.5,477.01,395.48
51.5,35.0,478.09,399.86
51.5,35.5,479.24,404.59
51.5,36.0,480.44,409.61
51.5,36.5,481.89,415.07
51.5,37.0,483.2,420.63
51.5,37.5,484.54,426.39
51.5,38.0,485.88,432.3
51.5,38.5,487.22,438.34
51.5,39.0,488.56,444.45
51.5,39.5,489.88,450.62
51.5,40.0,491.18,456.8
51.5,40.5,492.45,462.96
51.5,41.0,493.89,469.27
51.5,41.5,495.12,475.33
51.5,42.0,496.3,481.3
51.5,42.5,497.45,487.15
51.5,43.0,498.54,492.86
51.5,43.5,499.59,498.42
51.5,44.0,500.59,503.8
51.5,44.5,501.53,509.0
51.5,45.0,502.43,514.01
51.5,45.5,503.28,518.83
51.5,46.0,504.08,523.44
51.5,46.5,504.84,527.86
51.5,47.0,505.54,532.08
51.5,47.5,506.41,536.31
51.5,48.0,507.04,540.15
51.5,48.5,507.64,543.8
51.5,49.0,508.19,547.26
51.5,49.5,508.71,550.54
51.5,50.0,509.19,553.64
51.5,50.5,509.65,556.58
51.5,51.0,510.07,559.36
51.5,51.5,510.46,561.98
51.5,52.0,510.83,564.45
51.5,52.5,511.17,566.79
51.5,53.0,511.48,569.0
51.5,53.5,511.78,571.07
51.5,54.0,512.06,573.04
51.5,54.5,512.31,574.88
51.5,55.0,512.55,576.63
51.5,55.5,512.78,578.27
51.5,56.0,512.99,579.82
51.5,56.5,513.18,581.28
51.5,57.0,513.36,582.66
51.5,57.5,513.53,583.96
51.5,58.0,513.69,585.18
51.5,58.5,513.84,586.34
51.5,59.0,513.98,587.43
51.5,59.5,514.11,588.46
51.5,60.0,514.23,589.43
51.5,60.5,514.34,590.35
51.5,61.0,514.45,591.22
51.5,61.5,514.55,592.05
51.5,62.0,514.65,592.82
51.5,62.5,514.74,593.56
51.5,63.0,514.82,594.25
51.5,63.5,514.9,594.91
51.5,64.0,514.97,595.54
51.5,64.5,515.04,596.13
51.5,65.0,515.11,596.69
51.5,65.5,515.17,597.22
51.5,66.0,515.23,597.73
51.5,66.5,515.29,598.21
51.5,67.0,515.34,598.67
51.5,67.5,515.39,599.1
51.5,68.0,515.44,599.51
51.5,68.5,515.48,599.9
51.5,69.0,515.53,600.27
51.5,69.5,515.57,600.63
51.5,70.0,515.6,600.97
51.5,70.5,515.64,601.29
51.5,71.0,515.68,601.59
51.5,71.5,515.71,601.89
51.5,72.0,515.74,602.17
51.5,72.5,515.77,602.43
51.5,73.0,515.8,602.69
51.5,73.5,515.82,602.93
51.5,74.0,515.85,603.16
51.5,74.5,515.88,603.38
51.5,75.0,515.9,603.6
51.5,75.5,515.92,603.8
51.5,76.0,515.94,603.99
51.5,76.5,515.96,604.18
51.5,77.0,515.98,604.36
51.5,77.5,516.0,604.53
51.5,78.0,516.02,604.69
51.5,78.5,516.04,604.85
51.5,79.0,516.05,605.0
51.5,79.5,516.07,605.14
51.5,80.0,516.08,605.28
51.5,80.5,516.1,605.41
51.5,81.0,516.11,605.54
51.5,81.5,516.13,605.66
51.5,82.0,516.14,605.78
51.5,82.5,516.15,605.9
51.5,83.0,516.16,606.0
51.5,83.5,516.17,606.11
51.5,84.0,516.18,606.21
51.5,84.5,516.2,606.31
51.5,85.0,516.21,606.4
51.5,85.5,516.22,606.49
51.5,86.0,516.22,606.58
51.5,86.5,516.23,606.66
51.5,87.0,516.24,606.74
51.5,87.5,516.25,606.82
51.5,88.0,516.26,606.9
51.5,88.5,516.27,606.97
51.5,89.0,516.27,607.04
51.5,89.5,516.28,607.1
51.5,90.0,516.29,607.17
52.0,30.0,475.56,377.04
52.0,30.5,475.58,377.13
52.0,31.0,475.75,377.76
52.0,31.5,476.06,378.94
52.0,32.0,476.5,380.64
52.0,32.5,477.08,382.85
52.0,33.0,477.77,385.55
52.0,33.5,478.57,388.71
52.0,34.0,479.47,392.31
52.0,34.5,480.46,396.31
52.0,35.0,481.52,400.68
52.0,35.5,482.65,405.4
52.0,36.0,484.02,410.56
52.0,36.5,485.27,415.87
52.0,37.0,486.55,421.41
52.0,37.5,487.86,427.15
52.0,38.0,489.17,433.04
52.0,38.5,490.49,439.06
52.0,39.0,491.8,445.16
52.0,39.5,493.1,451.31
52.0,40.0,494.37,457.47
52.0,40.5,495.61,463.61
52.0,41.0,497.04,469.9
52.0,41.5,498.24,475.95
52.0,42.0,499.4,481.9
52.0,42.5,500.52,487.73
52.0,43.0,501.6,493.42
52.0,43.5,502.62,498.95
52.0,44.0,503.6,504.32
52.0,44.5,504.53,509.5
52.0,45.0,505.41,514.5
52.0,45.5,506.24,519.3
52.0,46.0,507.03,523.9
52.0,46.5,507.77,528.3
52.0,47.0,508.66,532.71
52.0,47.5,509.33,536.73
52.0,48.0,509.95,540.56
52.0,48.5,510.54,544.19
52.0,49.0,511.09,547.64
52.0,49.5,511.6,550.91
52.0,50.0,512.08,554.0
52.0,50.5,512.52,556.93
52.0,51.0,512.94,559.7
52.0,51.5,513.33,562.31
52.0,52.0,513.69,564.78
52.0,52.5,514.02,567.11
52.0,53.0,514.34,569.3
52.0,53.5,514.63,571.37
52.0,54.0,514.91,573.33
52.0,54.5,515.16,575.17
52.0,55.0,515.4,576.91
52.0,55.5,515.62,578.54
52.0,56.0,515.83,580.09
52.0,56.5,516.02,581.54
52.0,57.0,516.2,582.91
52.0,57.5,516.37,584.21
52.0,58.0,516.53,585.43
52.0,58.5,516.68,586.58
52.0,59.0,516.82,587.67
52.0,59.5,516.94,588.69
52.0,60.0,517.07,589.66
52.0,60.5,517.18,590.58
52.0,61.0,517.29,591.45
52.0,61.5,517.39,592.26
52.0,62.0,517.48,593.04
52.0,62.5,517.57,593.77
52.0,63.0,517.66,594.46
52.0,63.5,517.74,595.12
52.0,64.0,517.81,595.74
52.0,64.5,517.88,596.33
52.0,65.0,517.95,596.89
52.0,65.5,518.01,597.42
52.0,66.0,518.07,597.93
52.0,66.5,518.12,598.4
52.0,67.0,518.18,598.86
52.0,67.5,518.23,599.29
52.0,68.0,518.27,599.7
52.0,68.5,518.32,600.09
52.0,69.0,518.36,600.46
52.0,69.5,518.4,600.81
52.0,70.0,518.44,601.15
52.0,70.5,518.48,601.47
52.0,71.0,518.51,601.77
52.0,71.5,518.55,602.06
52.0,72.0,518.58,602.34
52.0,72.5,518.61,602.61
52.0,73.0,518.64,602.86
52.0,73.5,518.66,603.1
52.0,74.0,518.69,603.33
52.0,74.5,518.71,603.55
52.0,75.0,518.74,603.77
52.0,75.5,518.76,603.97
52.0,76.0,518.78,604.16
52.0,76.5,518.8,604.35
52.0,77.0,518.82,604.52
52.0,77.5,518.84,604.69
52.0,78.0,518.86,604.86
52.0,78.5,518.88,605.01
52.0,79.0,518.89,605.16
52.0,79.5,518.91,605.3
52.0,80.0,518.92,605.44
52.0,80.5,518.94,605.57
52.0,81.0,518.95,605.7
52.0,81.5,518.96,605.82
52.0,82.0,518.98,605.94
52.0,82.5,518.99,606.05
52.0,83.0,519.0,606.16
52.0,83.5,519.01,606.27
52.0,84.0,519.02,606.37
52.0,84.5,519.03,606.46
52.0,85.0,519.04,606.56
52.0,85.5,519.05,606.65
52.0,86.0,519.06,606.73
52.0,86.5,519.07,606.82
52.0,87.0,519.08,606.9
52.0,87.5,519.09,606.97
52.0,88.0,519.1,607.05
52.0,88.5,519.11,607.12
52.0,89.0,519.11,607.19
52.0,89.5,519.12,607.26
52.0,90.0,519.13,607.32
52.5,30.0,478.95,377.87
52.5,30.5,478.97,377.95
52.5,31.0,479.13,378.59
52.5,31.5,479.43,379.76
52.5,32.0,479.87,381.46
52.5,32.5,480.43,383.67
52.5,33.0,481.11,386.36
52.5,33.5,481.9,389.52
52.5,34.0,482.79,393.11
52.5,34.5,483.75,397.1
52.5,35.0,484.8,401.46
52.5,35.5,485.9,406.16
52.5,36.0,487.26,411.32
52.5,36.5,488.49,416.61
52.5,37.0,489.74,422.14
52.5,37.5,491.02,427.87
52.5,38.0,492.31,433.75
52.5,38.5,493.61,439.74
52.5,39.0,494.89,445.83
52.5,39.5,496.16,451.95
52.5,40.0,497.41,458.1
52.5,40.5,498.82,464.4
52.5,41.0,500.04,470.5
52.5,41.5,501.22,476.53
52.5,42.0,502.36,482.46
52.5,42.5,503.45,488.27
52.5,43.0,504.51,493.95
52.5,43.5,505.51,499.46
52.5,44.0,506.47,504.81
52.5,44.5,507.38,509.98
52.5,45.0,508.25,514.95
52.5,45.5,509.07,519.74
52.5,46.0,509.84,524.32
52.5,46.5,510.76,528.91
52.5,47.0,511.46,533.12
52.5,47.5,512.11,537.13
52.5,48.0,512.73,540.94
52.5,48.5,513.3,544.56
52.5,49.0,513.84,548.0
52.5,49.5,514.34,551.26
52.5,50.0,514.81,554.34
52.5,50.5,515.25,557.26
52.5,51.0,515.66,560.02
52.5,51.5,516.05,562.62
52.5,52.0,516.41,565.08
52.5,52.5,516.74,567.4
52.5,53.0,517.05,569.59
52.5,53.5,517.34,571.65
52.5,54.0,517.61,573.6
52.5,54.5,517.86,575.44
52.5,55.0,518.1,577.17
52.5,55.5,518.32,578.8
52.5,56.0,518.52,580.33
52.5,56.5,518.72,581.78
52.5,57.0,518.9,583.15
52.5,57.5,519.06,584.44
52.5,58.0,519.22,585.66
52.5,58.5,519.37,586.81
52.5,59.0,519.51,587.89
52.5,59.5,519.63,588.91
52.5,60.0,519.76,589.88
52.5,60.5,519.87,590.79
52.5,61.0,519.98,591.65
52.5,61.5,520.08,592.47
52.5,62.0,520.17,593.24
52.5,62.5,520.26,593.97
52.5,63.0,520.34,594.66
52.5,63.5,520.42,595.31
52.5,64.0,520.5,595.93
52.5,64.5,520.57,596.52
52.5,65.0,520.63,597.08
52.5,65.5,520.7,597.61
52.5,66.0,520.75,598.11
52.5,66.5,520.81,598.58
52.5,67.0,520.86,599.03
52.5,67.5,520.91,599.46
52.5,68.0,520.96,599.87
52.5,68.5,521.01,600.26
52.5,69.0,521.05,600.63
52.5,69.5,521.09,600.98
52.5,70.0,521.13,601.32
52.5,70.5,521.16,601.63
52.5,71.0,521.2,601.94
52.5,71.5,521.23,602.23
52.5,72.0,521.26,602.51
52.5,72.5,521.29,602.77
52.5,73.0,521.32,603.02
52.5,73.5,521.35,603.26
52.5,74.0,521.37,603.49
52.5,74.5,521.4,603.71
52.5,75.0,521.42,603.92
52.5,75.5,521.45,604.12
52.5,76.0,521.47,604.32
52.5,76.5,521.49,604.5
52.5,77.0,521.51,604.68
52.5,77.5,521.53,604.85
52.5,78.0,521.54,605.01
52.5,78.5,521.56,605.16
52.5,79.0,521.58,605.31
52.5,79.5,521.59,605.45
52.5,80.0,521.61,605.59
52.5,80.5,521.62,605.72
52.5,81.0,521.64,605.85
52.5,81.5,521.65,605.97
52.5,82.0,521.66,606.09
52.5,82.5,521.68,606.2
52.5,83.0,521.69,606.31
52.5,83.5,521.7,606.41
52.5,84.0,521.71,606.51
52.5,84.5,521.72,606.61
52.5,85.0,521.73,606.7
52.5,85.5,521.74,606.79
52.5,86.0,521.75,606.88
52.5,86.5,521.76,606.96
52.5,87.0,521.77,607.04
52.5,87.5,521.78,607.12
52.5,88.0,521.78,607.19
52.5,88.5,521.79,607.26
52.5,89.0,521.8,607.33
52.5,89.5,521.81,607.4
52.5,90.0,521.81,607.46
53.0,30.0,482.17,378.65
53.0,30.5,482.19,378.73
53.0,31.0,482.36,379.37
53.0,31.5,482.65,380.54
53.0,32.0,483.08,382.23
53.0,32.5,483.63,384.44
53.0,33.0,484.3,387.13
53.0,33.5,485.07,390.28
53.0,34.0,485.94,393.86
53.0,34.5,486.89,397.84
53.0,35.0,487.91,402.19
53.0,35.5,488.99,406.88
53.0,36.0,490.34,412.04
53.0,36.5,491.55,417.32
53.0,37.0,492.79,422.84
53.0,37.5,494.04,428.54
53.0,38.0,495.31,434.41
53.0,38.5,496.57,440.39
53.0,39.0,497.83,446.45
53.0,39.5,499.07,452.57
53.0,40.0,500.3,458.69
53.0,40.5,501.7,464.98
53.0,41.0,502.89,471.07
53.0,41.5,504.05,477.08
53.0,42.0,505.17,482.99
53.0,42.5,506.24,488.79
53.0,43.0,507.28,494.44
53.0,43.5,508.26,499.94
53.0,44.0,509.21,505.27
53.0,44.5,510.1,510.42
53.0,45.0,510.95,515.38
53.0,45.5,511.75,520.15
53.0,46.0,512.51,524.72
53.0,46.5,513.43,529.31
53.0,47.0,514.11,533.5
53.0,47.5,514.76,537.5
53.0,48.0,515.36,541.3
53.0,48.5,515.93,544.91
53.0,49.0,516.46,548.34
53.0,49.5,516.95,551.58
53.0,50.0,517.42,554.66
53.0,50.5,517.85,557.57
53.0,51.0,518.26,560.31
53.0,51.5,518.63,562.91
53.0,52.0,518.99,565.36
53.0,52.5,519.32,567.68
53.0,53.0,519.62,569.86
53.0,53.5,519.91,571.92
53.0,54.0,520.18,573.86
53.0,54.5,520.43,575.68
53.0,55.0,520.66,577.41
53.0,55.5,520.88,579.03
53.0,56.0,521.08,580.57
53.0,56.5,521.27,582.01
53.0,57.0,521.45,583.37
53.0,57.5,521.62,584.66
53.0,58.0,521.77,585.87
53.0,58.5,521.92,587.02
53.0,59.0,522.05,588.09
53.0,59.5,522.18,589.11
53.0,60.0,522.3,590.08
53.0,60.5,522.42,590.99
53.0,61.0,522.52,591.85
53.0,61.5,522.62,592.66
53.0,62.0,522.72,593.43
53.0,62.5,522.8,594.15
53.0,63.0,522.89,594.84
53.0,63.5,522.97,595.49
53.0,64.0,523.04,596.11
53.0,64.5,523.11,596.69
53.0,65.0,523.18,597.25
53.0,65.5,523.24,597.78
53.0,66.0,523.3,598.27
53.0,66.5,523.35,598.75
53.0,67.0,523.41,599.2
53.0,67.5,523.46,599.63
53.0,68.0,523.5,600.03
53.0,68.5,523.55,600.42
53.0,69.0,523.59,600.79
53.0,69.5,523.63,601.14
53.0,70.0,523.67,601.47
53.0,70.5,523.71,601.79
53.0,71.0,523.74,602.09
53.0,71.5,523.77,602.38
53.0,72.0,523.8,602.66
53.0,72.5,523.83,602.92
53.0,73.0,523.86,603.17
53.0,73.5,523.89,603.41
53.0,74.0,523.92,603.64
53.0,74.5,523.94,603.86
53.0,75.0,523.96,604.07
53.0,75.5,523.99,604.27
53.0,76.0,524.01,604.46
53.0,76.5,524.03,604.64
53.0,77.0,524.05,604.82
53.0,77.5,524.07,604.99
53.0,78.0,524.09,605.15
53.0,78.5,524.1,605.3
53.0,79.0,524.12,605.45
53.0,79.5,524.13,605.59
53.0,80.0,524.15,605.73
53.0,80.5,524.16,605.86
53.0,81.0,524.18,605.99
53.0,81.5,524.19,606.11
53.0,82.0,524.2,606.22
53.0,82.5,524.22,606.34
53.0,83.0,524.23,606.44
53.0,83.5,524.24,606.55
53.0,84.0,524.25,606.65
53.0,84.5,524.26,606.74
53.0,85.0,524.27,606.84
53.0,85.5,524.28,606.92
53.0,86.0,524.29,607.01
53.0,86.5,524.3,607.09
53.0,87.0,524.31,607.17
53.0,87.5,524.32,607.25
53.0,88.0,524.33,607.32
53.0,88.5,524.33,607.39
53.0,89.0,524.34,607.46
53.0,89.5,524.35,607.53
53.0,90.0,524.36,607.59
53.5,30.0,485.25,379.39
53.5,30.5,485.27,379.47
53.5,31.0,485.43,380.1
53.5,31.5,485.72,381.27
53.5,32.0,486.14,382.97
53.5,32.5,486.68,385.17
53.5,33.0,487.34,387.85
53.5,33.5,488.09,390.99
53.5,34.0,488.95,394.57
53.5,34.5,489.88,398.54
53.5,35.0,490.88,402.88
53.5,35.5,492.14,407.71
53.5,36.0,493.28,412.72
53.5,36.5,494.47,417.99
53.5,37.0,495.68,423.49
53.5,37.5,496.91,429.18
53.5,38.0,498.15,435.03
53.5,38.5,499.4,441.0
53.5,39.0,500.63,447.05
53.5,39.5,501.85,453.14
53.5,40.0,503.24,459.42
53.5,40.5,504.44,465.53
53.5,41.0,505.61,471.6
53.5,41.5,506.75,477.6
53.5,42.0,507.84,483.5
53.5,42.5,508.9,489.27
53.5,43.0,509.91,494.91
53.5,43.5,510.88,500.39
53.5,44.0,511.8,505.71
53.5,44.5,512.68,510.84
53.5,45.0,513.52,515.79
53.5,45.5,514.3,520.54
53.5,46.0,515.25,525.31
53.5,46.5,515.96,529.68
53.5,47.0,516.64,533.86
53.5,47.5,517.27,537.85
53.5,48.0,517.86,541.64
53.5,48.5,518.42,545.24
53.5,49.0,518.94,548.65
53.5,49.5,519.43,551.89
53.5,50.0,519.89,554.95
53.5,50.5,520.32,557.85
53.5,51.0,520.72,560.59
53.5,51.5,521.09,563.18
53.5,52.0,521.44,565.63
53.5,52.5,521.76,567.93
53.5,53.0,522.06,570.11
53.5,53.5,522.35,572.16
53.5,54.0,522.61,574.09
53.5,54.5,522.86,575.92
53.5,55.0,523.09,577.64
53.5,55.5,523.31,579.26
53.5,56.0,523.51,580.78
53.5,56.5,523.7,582.22
53.5,57.0,523.87,583.58
53.5,57.5,524.04,584.86
53.5,58.0,524.19,586.07
53.5,58.5,524.34,587.21
53.5,59.0,524.47,588.29
53.5,59.5,524.6,589.3
53.5,60.0,524.72,590.26
53.5,60.5,524.83,591.17
53.5,61.0,524.94,592.02
53.5,61.5,525.03,592.83
53.5,62.0,525.13,593.6
53.5,62.5,525.22,594.32
53.5,63.0,525.3,595.01
53.5,63.5,525.38,595.66
53.5,64.0,525.45,596.27
53.5,64.5,525.52,596.86
53.5,65.0,525.59,597.41
53.5,65.5,525.65,597.93
53.5,66.0,525.71,598.43
53.5,66.5,525.76,598.9
53.5,67.0,525.81,599.35
53.5,67.5,525.86,599.78
53.5,68.0,525.91,600.18
53.5,68.5,525.95,600.57
53.5,69.0,526.0,600.93
53.5,69.5,526.04,601.28
53.5,70.0,526.08,601.62
53.5,70.5,526.11,601.93
53.5,71.0,526.15,602.23
53.5,71.5,526.18,602.52
53.5,72.0,526.21,602.8
53.5,72.5,526.24,603.06
53.5,73.0,526.27,603.31
53.5,73.5,526.3,603.55
53.5,74.0,526.32,603.77
53.5,74.5,526.35,603.99
53.5,75.0,526.37,604.2
53.5,75.5,526.39,604.4
53.5,76.0,526.41,604.59
53.5,76.5,526.43,604.77
53.5,77.0,526.45,604.95
53.5,77.5,526.47,605.12
53.5,78.0,526.49,605.28
53.5,78.5,526.51,605.43
53.5,79.0,526.52,605.58
53.5,79.5,526.54,605.72
53.5,80.0,526.56,605.86
53.5,80.5,526.57,605.99
53.5,81.0,526.58,606.11
53.5,81.5,526.79,606.48
53.5,82.0,526.8,606.59
53.5,82.5,526.82,606.7
53.5,83.0,526.83,606.81
53.5,83.5,526.84,606.91
53.5,84.0,526.85,607.01
53.5,84.5,526.86,607.11
53.5,85.0,526.87,607.2
53.5,85.5,526.88,607.29
53.5,86.0,526.89,607.38
53.5,86.5,526.9,607.46
53.5,87.0,526.91,607.54
53.5,87.5,526.92,607.61
53.5,88.0,526.93,607.69
53.5,88.5,526.93,607.76
53.5,89.0,526.94,607.83
53.5,89.5,526.95,607.9
53.5,90.0,526.96,607.96
54.0,30.0,488.17,380.08
54.0,30.5,488.19,380.16
54.0,31.0,488.35,380.8
54.0,31.5,488.63,381.96
54.0,32.0,489.05,383.65
54.0,32.5,489.58,385.85
54.0,33.0,490.22,388.53
54.0,33.5,490.97,391.67
54.0,34.0,491.8,395.23
54.0,34.5,492.72,399.2
54.0,35.0,493.7,403.53
54.0,35.5,494.96,408.36
54.0,36.0,496.08,413.36
54.0,36.5,497.24,418.62
54.0,37.0,498.43,424.11
54.0,37.5,499.64,429.79
54.0,38.0,500.86,435.62
54.0,38.5,502.08,441.58
54.0,39.0,503.29,447.61
54.0,39.5,504.49,453.69
54.0,40.0,505.87,459.95
54.0,40.5,507.05,466.05
54.0,41.0,508.19,472.11
54.0,41.5,509.31,478.09
54.0,42.0,510.39,483.97
54.0,42.5,511.42,489.73
54.0,43.0,512.42,495.35
54.0,43.5,513.37,500.82
54.0,44.0,514.28,506.12
54.0,44.5,515.14,511.24
54.0,45.0,515.95,516.17
54.0,45.5,516.73,520.91
54.0,46.0,517.67,525.67
54.0,46.5,518.37,530.04
54.0,47.0,519.03,534.2
54.0,47.5,519.66,538.17
54.0,48.0,520.24,541.95
54.0,48.5,520.79,545.54
54.0,49.0,521.3,548.95
54.0,49.5,521.79,552.18
54.0,50.0,522.24,555.23
54.0,50.5,522.66,558.13
54.0,51.0,523.05,560.86
54.0,51.5,523.42,563.44
54.0,52.0,523.76,565.87
54.0,52.5,524.08,568.17
54.0,53.0,524.38,570.34
54.0,53.5,524.66,572.39
54.0,54.0,524.92,574.32
54.0,54.5,525.17,576.13
54.0,55.0,525.39,577.85
54.0,55.5,525.61,579.46
54.0,56.0,525.81,580.99
54.0,56.5,525.99,582.42
54.0,57.0,526.17,583.78
54.0,57.5,526.33,585.05
54.0,58.0,526.48,586.26
54.0,58.5,526.63,587.39
54.0,59.0,526.76,588.46
54.0,59.5,526.89,589.48
54.0,60.0,527.01,590.43
54.0,60.5,527.12,591.34
54.0,61.0,527.22,592.19
54.0,61.5,527.32,593.0
54.0,62.0,527.41,593.76
54.0,62.5,527.5,594.48
54.0,63.0,527.58,595.17
54.0,63.5,527.66,595.81
54.0,64.0,527.73,596.43
54.0,64.5,527.8,597.01
54.0,65.0,527.87,597.56
54.0,65.5,527.93,598.08
54.0,66.0,527.99,598.57
54.0,66.5,528.04,599.05
54.0,67.0,528.09,599.49
54.0,67.5,528.14,599.92
54.0,68.0,528.19,600.32
54.0,68.5,528.23,600.7
54.0,69.0,528.28,601.07
54.0,69.5,528.32,601.42
54.0,70.0,528.35,601.75
54.0,70.5,528.39,602.06
54.0,71.0,528.62,602.6
54.0,71.5,528.65,602.89
54.0,72.0,528.68,603.17
54.0,72.5,528.71,603.43
54.0,73.0,528.74,603.68
54.0,73.5,528.77,603.92
54.0,74.0,528.8,604.14
54.0,74.5,528.82,604.36
54.0,75.0,528.84,604.57
54.0,75.5,528.87,604.77
54.0,76.0,528.89,604.96
54.0,76.5,528.91,605.14
54.0,77.0,528.93,605.32
54.0,77.5,528.95,605.49
54.0,78.0,528.97,605.65
54.0,78.5,528.98,605.8
54.0,79.0,529.0,605.95
54.0,79.5,529.02,606.09
54.0,80.0,529.03,606.23
54.0,80.5,529.05,606.36
54.0,81.0,529.06,606.48
54.0,81.5,529.07,606.6
54.0,82.0,529.09,606.72
54.0,82.5,529.1,606.83
54.0,83.0,529.11,606.94
54.0,83.5,529.12,607.04
54.0,84.0,529.13,607.14
54.0,84.5,529.15,607.23
54.0,85.0,529.16,607.33
54.0,85.5,529.17,607.41
54.0,86.0,529.18,607.5
54.0,86.5,529.18,607.58
54.0,87.0,529.19,607.66
54.0,87.5,529.2,607.74
54.0,88.0,529.21,607.81
54.0,88.5,529.22,607.88
54.0,89.0,529.23,607.95
54.0,89.5,529.23,608.02
54.0,90.0,529.24,608.08
54.5,30.0,490.95,380.74
54.5,30.5,490.97,380.82
54.5,31.0,491.12,381.45
54.5,31.5,491.41,382.62
54.5,32.0,491.81,384.31
54.5,32.5,492.34,386.5
54.5,33.0,492.97,389.17
54.5,33.5,493.7,392.3
54.5,34.0,494.52,395.87
54.5,34.5,495.42,399.82
54.5,35.0,496.58,404.29
54.5,35.5,497.63,408.98
54.5,36.0,498.74,413.96
54.5,36.5,499.88,419.21
54.5,37.0,501.05,424.69
54.5,37.5,502.24,430.36
54.5,38.0,503.43,436.18
54.5,38.5,504.63,442.12
54.5,39.0,505.82,448.14
54.5,39.5,506.99,454.2
54.5,40.0,508.36,460.46
54.5,40.5,509.52,466.54
54.5,41.0,510.65,472.58
54.5,41.5,511.74,478.55
54.5,42.0,512.8,484.41
54.5,42.5,513.82,490.16
54.5,43.0,514.8,495.77
54.5,43.5,515.73,501.22
54.5,44.0,516.62,506.51
54.5,44.5,517.47,511.61
54.5,45.0,518.27,516.53
54.5,45.5,519.23,521.46
54.5,46.0,519.97,526.01
54.5,46.5,520.66,530.37
54.5,47.0,521.31,534.52
54.5,47.5,521.92,538.48
54.5,48.0,522.5,542.25
54.5,48.5,523.04,545.83
54.5,49.0,523.55,549.23
54.5,49.5,524.02,552.45
54.5,50.0,524.46,555.5
54.5,50.5,524.88,558.38
54.5,51.0,525.27,561.1
54.5,51.5,525.63,563.68
54.5,52.0,525.97,566.11
54.5,52.5,526.28,568.4
54.5,53.0,526.58,570.56
54.5,53.5,526.85,572.6
54.5,54.0,527.11,574.52
54.5,54.5,527.35,576.34
54.5,55.0,527.58,578.05
54.5,55.5,527.79,579.66
54.5,56.0,527.99,581.17
54.5,56.5,528.17,582.61
54.5,57.0,528.34,583.96
54.5,57.5,528.5,585.23
54.5,58.0,528.65,586.43
54.5,58.5,528.8,587.56
54.5,59.0,528.93,588.63
54.5,59.5,529.05,589.64
54.5,60.0,529.17,590.59
54.5,60.5,529.28,591.49
54.5,61.0,529.39,592.35
54.5,61.5,529.48,593.15
54.5,62.0,529.58,593.91
54.5,62.5,529.66,594.63
54.5,63.0,529.74,595.31
54.5,63.5,529.82,595.96
54.5,64.0,529.89,596.57
54.5,64.5,529.96,597.15
54.5,65.0,530.03,597.7
54.5,65.5,530.09,598.22
54.5,66.0,530.14,598.71
54.5,66.5,530.39,599.42
54.5,67.0,530.45,599.86
54.5,67.5,530.5,600.29
54.5,68.0,530.54,600.69
54.5,68.5,530.59,601.07
54.5,69.0,530.63,601.44
54.5,69.5,530.67,601.79
54.5,70.0,530.71,602.12
54.5,70.5,530.75,602.43
54.5,71.0,530.78,602.73
54.5,71.5,530.82,603.02
54.5,72.0,530.85,603.29
54.5,72.5,530.88,603.56
54.5,73.0,530.91,603.8
54.5,73.5,530.93,604.04
54.5,74.0,530.96,604.27
54.5,74.5,530.98,604.49
54.5,75.0,531.01,604.69
54.5,75.5,531.03,604.89
54.5,76.0,531.05,605.08
54.5,76.5,531.07,605.27
54.5,77.0,531.09,605.44
54.5,77.5,531.11,605.61
54.5,78.0,531.13,605.77
54.5,78.5,531.15,605.92
54.5,79.0,531.16,606.07
54.5,79.5,531.18,606.21
54.5,80.0,531.19,606.34
54.5,80.5,531.21,606.47
54.5,81.0,531.22,606.6
54.5,81.5,531.24,606.72
54.5,82.0,531.25,606.84
54.5,82.5,531.26,606.95
54.5,83.0,531.27,607.05
54.5,83.5,531.28,607.16
54.5,84.0,531.3,607.25
54.5,84.5,531.31,607.35
54.5,85.0,531.32,607.44
54.5,85.5,531.33,607.53
54.5,86.0,531.34,607.61
54.5,86.5,531.35,607.7
54.5,87.0,531.35,607.78
54.5,87.5,531.36,607.85
54.5,88.0,531.37,607.93
54.5,88.5,531.38,608.0
54.5,89.0,531.39,608.06
54.5,89.5,531.39,608.13
54.5,90.0,531.4,608.19
55.0,30.0,493.59,381.36
55.0,30.5,493.61,381.44
55.0,31.0,493.76,382.07
55.0,31.5,494.04,383.23
55.0,32.0,494.44,384.92
55.0,32.5,494.96,387.11
55.0,33.0,495.58,389.78
55.0,33.5,496.3,392.91
55.0,34.0,497.1,396.46
55.0,34.5,497.98,400.41
55.0,35.0,499.14,404.88
55.0,35.5,500.18,409.56
55.0,36.0,501.26,414.53
55.0,36.5,502.39,419.77
55.0,37.0,503.54,425.24
55.0,37.5,504.7,430.9
55.0,38.0,505.88,436.71
55.0,38.5,507.06,442.63
55.0,39.0,508.22,448.64
55.0,39.5,509.38,454.68
55.0,40.0,510.73,460.94
55.0,40.5,511.87,467.01
55.0,41.0,512.98,473.03
55.0,41.5,514.06,478.98
55.0,42.0,515.1,484.84
55.0,42.5,516.1,490.57
55.0,43.0,517.06,496.16
55.0,43.5,517.98,501.6
55.0,44.0,518.85,506.87
55.0,44.5,519.68,511.96
55.0,45.0,520.47,516.87
55.0,45.5,521.43,521.8
55.0,46.0,522.15,526.34
55.0,46.5,522.83,530.68
55.0,47.0,523.47,534.82
55.0,47.5,524.08,538.77
55.0,48.0,524.64,542.53
55.0,48.5,525.17,546.1
55.0,49.0,525.67,549.49
55.0,49.5,526.14,552.7
55.0,50.0,526.58,555.74
55.0,50.5,526.98,558.62
55.0,51.0,527.37,561.34
55.0,51.5,527.72,563.9
55.0,52.0,528.06,566.33
55.0,52.5,528.37,568.61
55.0,53.0,528.66,570.77
55.0,53.5,528.93,572.8
55.0,54.0,529.19,574.72
55.0,54.5,529.43,576.53
55.0,55.0,529.65,578.23
55.0,55.5,529.86,579.84
55.0,56.0,530.05,581.35
55.0,56.5,530.23,582.78
55.0,57.0,530.4,584.13
55.0,57.5,530.56,585.39
55.0,58.0,530.71,586.59
55.0,58.5,530.85,587.72
55.0,59.0,530.98,588.79
55.0,59.5,531.11,589.79
55.0,60.0,531.22,590.74
55.0,60.5,531.33,591.64
55.0,61.0,531.44,592.49
55.0,61.5,531.53,593.29
55.0,62.0,531.62,594.05
55.0,62.5,531.71,594.77
55.0,63.0,531.79,595.45
55.0,63.5,532.06,596.33
55.0,64.0,532.14,596.94
55.0,64.5,532.2,597.52
55.0,65.0,532.27,598.06
55.0,65.5,532.33,598.59
55.0,66.0,532.39,599.08
55.0,66.5,532.45,599.55
55.0,67.0,532.5,599.99
55.0,67.5,532.55,600.42
55.0,68.0,532.59,600.82
55.0,68.5,532.64,601.2
55.0,69.0,532.68,601.57
55.0,69.5,532.72,601.91
55.0,70.0,532.76,602.24
55.0,70.5,532.8,602.56
55.0,71.0,532.83,602.86
55.0,71.5,532.86,603.14
55.0,72.0,532.89,603.41
55.0,72.5,532.92,603.67
55.0,73.0,532.95,603.92
55.0,73.5,532.98,604.16
55.0,74.0,533.01,604.39
55.0,74.5,533.03,604.6
55.0,75.0,533.05,604.81
55.0,75.5,533.08,605.01
55.0,76.0,533.1,605.2
55.0,76.5,533.12,605.38
55.0,77.0,533.14,605.55
55.0,77.5,533.16,605.72
55.0,78.0,533.17,605.88
55.0,78.5,533.19,606.03
55.0,79.0,533.21,606.18
55.0,79.5,533.22,606.32
55.0,80.0,533.24,606.46
55.0,80.5,533.25,606.59
55.0,81.0,533.27,606.71
55.0,81.5,533.28,606.83
55.0,82.0,533.29,606.94
55.0,82.5,533.31,607.06
55.0,83.0,533.32,607.16
55.0,83.5,533.33,607.26
55.0,84.0,533.34,607.36
55.0,84.5,533.35,607.46
55.0,85.0,533.36,607.55
55.0,85.5,533.37,607.64
55.0,86.0,533.38,607.72
55.0,86.5,533.39,607.8
55.0,87.0,533.4,607.88
55.0,87.5,533.41,607.96
55.0,88.0,533.42,608.03
55.0,88.5,533.42,608.1
55.0,89.0,533.43,608.17
55.0,89.5,533.44,608.24
55.0,90.0,533.45,608.3
55.5,30.0,496.1,381.94
55.5,30.5,496.12,382.02
55.5,31.0,496.27,382.65
55.5,31.5,496.54,383.81
55.5,32.0,496.94,385.5
55.5,32.5,497.44,387.68
55.5,33.0,498.05,390.35
55.5,33.5,498.76,393.47
55.5,34.0,499.55,397.02
55.5,34.5,500.42,400.97
55.5,35.0,501.57,405.43
55.5,35.5,502.59,410.1
55.5,36.0,503.66,415.07
55.5,36.5,504.77,420.3
55.5,37.0,505.9,425.76
55.5,37.5,507.05,431.41
55.5,38.0,508.2,437.2
55.5,38.5,509.36,443.12
55.5,39.0,510.51,449.11
55.5,39.5,511.84,455.31
55.5,40.0,512.99,461.39
55.5,40.5,514.11,467.45
55.5,41.0,515.2,473.46
55.5,41.5,516.25,479.39
55.5,42.0,517.28,485.23
55.5,42.5,518.26,490.95
55.5,43.0,519.2,496.53
55.5,43.5,520.11,501.96
55.5,44.0,520.97,507.22
55.5,44.5,521.78,512.3
55.5,45.0,522.76,517.39
55.5,45.5,523.51,522.11
55.5,46.0,524.22,526.64
55.5,46.5,524.89,530.97
55.5,47.0,525.52,535.11
55.5,47.5,526.12,539.05
55.5,48.0,526.67,542.8
55.5,48.5,527.2,546.36
55.5,49.0,527.69,549.74
55.5,49.5,528.15,552.94
55.5,50.0,528.58,555.98
55.5,50.5,528.98,558.84
55.5,51.0,529.36,561.55
55.5,51.5,529.71,564.11
55.5,52.0,530.04,566.53
55.5,52.5,530.35,568.81
55.5,53.0,530.64,570.96
55.5,53.5,530.9,572.99
55.5,54.0,531.16,574.9
55.5,54.5,531.39,576.71
55.5,55.0,531.61,578.41
55.5,55.5,531.82,580.01
55.5,56.0,532.01,581.52
55.5,56.5,532.19,582.94
55.5,57.0,532.36,584.28
55.5,57.5,532.51,585.55
55.5,58.0,532.66,586.74
55.5,58.5,532.8,587.87
55.5,59.0,532.93,588.93
55.5,59.5,533.05,589.94
55.5,60.0,533.17,590.88
55.5,60.5,533.28,591.78
55.5,61.0,533.38,592.63
55.5,61.5,533.67,593.66
55.5,62.0,533.76,594.42
55.5,62.5,533.85,595.14
55.5,63.0,533.93,595.81
55.5,63.5,534.01,596.46
55.5,64.0,534.08,597.07
55.5,64.5,534.15,597.64
55.5,65.0,534.21,598.19
55.5,65.5,534.27,598.71
55.5,66.0,534.33,599.2
55.5,66.5,534.39,599.67
55.5,67.0,534.44,600.12
55.5,67.5,534.49,600.54
55.5,68.0,534.53,600.94
55.5,68.5,534.58,601.32
55.5,69.0,534.62,601.68
55.5,69.5,534.66,602.03
55.5,70.0,534.7,602.36
55.5,70.5,534.73,602.67
55.5,71.0,534.77,602.97
55.5,71.5,534.8,603.26
55.5,72.0,534.83,603.53
55.5,72.5,534.86,603.79
55.5,73.0,534.89,604.03
55.5,73.5,534.92,604.27
55.5,74.0,534.94,604.5
55.5,74.5,534.97,604.71
55.5,75.0,534.99,604.92
55.5,75.5,535.01,605.12
55.5,76.0,535.03,605.31
55.5,76.5,535.05,605.49
55.5,77.0,535.07,605.66
55.5,77.5,535.09,605.83
55.5,78.0,535.11,605.98
55.5,78.5,535.13,606.14
55.5,79.0,535.14,606.28
55.5,79.5,535.16,606.42
55.5,80.0,535.18,606.56
55.5,80.5,535.19,606.69
55.5,81.0,535.2,606.81
55.5,81.5,535.22,606.93
55.5,82.0,535.23,607.05
55.5,82.5,535.24,607.16
55.5,83.0,535.25,607.26
55.5,83.5,535.27,607.37
55.5,84.0,535.28,607.46
55.5,84.5,535.29,607.56
55.5,85.0,535.3,607.65
55.5,85.5,535.31,607.74
55.5,86.0,535.32,607.82
55.5,86.5,535.33,607.9
55.5,87.0,535.33,607.98
55.5,87.5,535.34,608.06
55.5,88.0,535.35,608.13
55.5,88.5,535.36,608.2
55.5,89.0,535.37,608.27
55.5,89.5,535.37,608.33
55.5,90.0,535.38,608.4
56.0,30.0,498.49,382.49
56.0,30.5,498.51,382.57
56.0,31.0,498.65,383.2
56.0,31.5,498.92,384.36
56.0,32.0,499.31,386.04
56.0,32.5,499.81,388.23
56.0,33.0,500.41,390.89
56.0,33.5,501.1,394.01
56.0,34.0,501.88,397.55
56.0,34.5,502.93,401.63
56.0,35.0,503.88,405.96
56.0,35.5,504.89,410.62
56.0,36.0,505.94,415.58
56.0,36.5,507.03,420.8
56.0,37.0,508.14,426.25
56.0,37.5,509.27,431.89
56.0,38.0,510.41,437.67
56.0,38.5,511.54,443.57
56.0,39.0,512.67,449.55
56.0,39.5,514.0,455.75
56.0,40.0,515.12,461.81
56.0,40.5,516.22,467.86
56.0,41.0,517.3,473.86
56.0,41.5,518.34,479.78
56.0,42.0,519.34,485.61
56.0,42.5,520.31,491.31
56.0,43.0,521.24,496.88
56.0,43.5,522.13,502.29
56.0,44.0,522.97,507.54
56.0,44.5,523.78,512.61
56.0,45.0,524.75,517.7
56.0,45.5,525.49,522.41
56.0,46.0,526.19,526.93
56.0,46.5,526.85,531.25
56.0,47.0,527.47,535.37
56.0,47.5,528.05,539.31
56.0,48.0,528.6,543.05
56.0,48.5,529.12,546.6
56.0,49.0,529.6,549.97
56.0,49.5,530.06,553.17
56.0,50.0,530.48,556.19
56.0,50.5,530.88,559.05
56.0,51.0,531.25,561.76
56.0,51.5,531.6,564.31
56.0,52.0,531.92,566.72
56.0,52.5,532.22,569.0
56.0,53.0,532.51,571.14
56.0,53.5,532.77,573.17
56.0,54.0,533.02,575.08
56.0,54.5,533.25,576.87
56.0,55.0,533.47,578.57
56.0,55.5,533.67,580.17
56.0,56.0,533.86,581.67
56.0,56.5,534.04,583.09
56.0,57.0,534.21,584.43
56.0,57.5,534.36,585.69
56.0,58.0,534.51,586.89
56.0,58.5,534.65,588.01
56.0,59.0,534.77,589.07
56.0,59.5,534.9,590.07
56.0,60.0,535.21,591.25
56.0,60.5,535.32,592.14
56.0,61.0,535.42,592.99
56.0,61.5,535.52,593.79
56.0,62.0,535.61,594.55
56.0,62.5,535.69,595.26
56.0,63.0,535.77,595.94
56.0,63.5,535.85,596.58
56.0,64.0,535.92,597.19
56.0,64.5,535.99,597.77
56.0,65.0,536.05,598.31
56.0,65.5,536.11,598.83
56.0,66.0,536.17,599.32
56.0,66.5,536.22,599.79
56.0,67.0,536.28,600.23
56.0,67.5,536.33,600.65
56.0,68.0,536.37,601.05
56.0,68.5,536.42,601.43
56.0,69.0,536.46,601.79
56.0,69.5,536.5,602.14
56.0,70.0,536.53,602.47
56.0,70.5,536.57,602.78
56.0,71.0,536.6,603.08
56.0,71.5,536.64,603.36
56.0,72.0,536.67,603.63
56.0,72.5,536.7,603.89
56.0,73.0,536.72,604.14
56.0,73.5,536.75,604.37
56.0,74.0,536.78,604.6
56.0,74.5,536.8,604.81
56.0,75.0,536.82,605.02
56.0,75.5,536.85,605.22
56.0,76.0,536.87,605.41
56.0,76.5,536.89,605.59
56.0,77.0,536.91,605.76
56.0,77.5,536.93,605.92
56.0,78.0,536.94,606.08
56.0,78.5,536.96,606.24
56.0,79.0,536.98,606.38
56.0,79.5,536.99,606.52
56.0,80.0,537.01,606.66
56.0,80.5,537.02,606.78
56.0,81.0,537.04,606.91
56.0,81.5,537.05,607.03
56.0,82.0,537.06,607.14
56.0,82.5,537.07,607.25
56.0,83.0,537.09,607.36
56.0,83.5,537.1,607.46
56.0,84.0,537.11,607.56
56.0,84.5,537.12,607.65
56.0,85.0,537.13,607.74
56.0,85.5,537.14,607.83
56.0,86.0,537.15,607.91
56.0,86.5,537.16,608.0
56.0,87.0,537.16,608.07
56.0,87.5,537.17,608.15
56.0,88.0,537.18,608.22
56.0,88.5,537.19,608.29
56.0,89.0,537.2,608.36
56.0,89.5,537.2,608.43
56.0,90.0,537.21,608.49
56.5,30.0,500.75,383.01
56.5,30.5,500.77,383.09
56.5,31.0,500.91,383.72
56.5,31.5,501.18,384.88
56.5,32.0,501.56,386.56
56.5,32.5,502.05,388.74
56.5,33.0,502.64,391.4
56.5,33.5,503.32,394.51
56.5,34.0,504.09,398.05
56.5,34.5,505.14,402.13
56.5,35.0,506.08,406.45
56.5,35.5,507.07,411.11
56.5,36.0,508.1,416.06
56.5,36.5,509.17,421.27
56.5,37.0,510.27,426.71
56.5,37.5,511.38,432.34
56.5,38.0,512.5,438.11
56.5,38.5,513.62,444.0
56.5,39.0,514.73,449.97
56.5,39.5,516.05,456.16
56.5,40.0,517.15,462.22
56.5,40.5,518.24,468.25
56.5,41.0,519.29,474.24
56.5,41.5,520.32,480.15
56.5,42.0,521.31,485.96
56.5,42.5,522.26,491.65
56.5,43.0,523.17,497.21
56.5,43.5,524.05,502.61
56.5,44.0,524.88,507.85
56.5,44.5,525.87,513.1
56.5,45.0,526.64,517.99
56.5,45.5,527.36,522.69
56.5,46.0,528.05,527.2
56.5,46.5,528.7,531.51
56.5,47.0,529.31,535.63
56.5,47.5,529.89,539.55
56.5,48.0,530.43,543.28
56.5,48.5,530.94,546.83
56.5,49.0,531.42,550.19
56.5,49.5,531.86,553.38
56.5,50.0,532.28,556.4
56.5,50.5,532.67,559.25
56.5,51.0,533.04,561.95
56.5,51.5,533.38,564.5
56.5,52.0,533.7,566.9
56.5,52.5,534.0,569.17
56.5,53.0,534.28,571.32
56.5,53.5,534.54,573.33
56.5,54.0,534.79,575.24
56.5,54.5,535.02,577.03
56.5,55.0,535.23,578.72
56.5,55.5,535.43,580.32
56.5,56.0,535.62,581.82
56.5,56.5,535.79,583.24
56.5,57.0,535.96,584.57
56.5,57.5,536.11,585.83
56.5,58.0,536.26,587.02
56.5,58.5,536.39,588.14
56.5,59.0,536.72,589.43
56.5,59.5,536.84,590.43
56.5,60.0,536.96,591.38
56.5,60.5,537.07,592.27
56.5,61.0,537.17,593.11
56.5,61.5,537.26,593.91
56.5,62.0,537.35,594.67
56.5,62.5,537.44,595.38
56.5,63.0,537.52,596.06
56.5,63.5,537.59,596.7
56.5,64.0,537.66,597.3
56.5,64.5,537.73,597.88
56.5,65.0,537.79,598.42
56.5,65.5,537.85,598.94
56.5,66.0,537.91,599.43
56.5,66.5,537.97,599.89
56.5,67.0,538.02,600.34
56.5,67.5,538.06,600.76
56.5,68.0,538.11,601.16
56.5,68.5,538.15,601.54
56.5,69.0,538.19,601.9
56.5,69.5,538.23,602.24
56.5,70.0,538.27,602.57
56.5,70.5,538.31,602.88
56.5,71.0,538.34,603.18
56.5,71.5,538.37,603.46
56.5,72.0,538.4,603.73
56.5,72.5,538.43,603.99
56.5,73.0,538.46,604.23
56.5,73.5,538.49,604.47
56.5,74.0,538.51,604.69
56.5,74.5,538.54,604.91
56.5,75.0,538.56,605.11
56.5,75.5,538.58,605.31
56.5,76.0,538.6,605.5
56.5,76.5,538.62,605.68
56.5,77.0,538.64,605.85
56.5,77.5,538.66,606.02
56.5,78.0,538.68,606.17
56.5,78.5,538.69,606.33
56.5,79.0,538.71,606.47
56.5,79.5,538.73,606.61
56.5,80.0,538.74,606.75
56.5,80.5,538.76,606.87
56.5,81.0,538.77,607.0
56.5,81.5,538.78,607.12
56.5,82.0,538.79,607.23
56.5,82.5,538.81,607.34
56.5,83.0,538.82,607.45
56.5,83.5,538.83,607.55
56.5,84.0,538.84,607.65
56.5,84.5,538.85,607.74
56.5,85.0,538.86,607.83
56.5,85.5,538.87,607.92
56.5,86.0,538.88,608.0
56.5,86.5,538.89,608.08
56.5,87.0,538.9,608.16
56.5,87.5,538.91,608.24
56.5,88.0,538.91,608.31
56.5,88.5,538.92,608.38
56.5,89.0,538.93,608.45
56.5,89.5,538.94,608.51
56.5,90.0,538.94,608.57
57.0,30.0,502.9,383.5
57.0,30.5,502.92,383.58
57.0,31.0,503.06,384.21
57.0,31.5,503.32,385.37
57.0,32.0,503.7,387.05
57.0,32.5,504.18,389.22
57.0,33.0,504.76,391.88
57.0,33.5,505.43,394.99
57.0,34.0,506.19,398.52
57.0,34.5,507.24,402.6
57.0,35.0,508.16,406.92
57.0,35.5,509.13,411.57
57.0,36.0,510.15,416.51
57.0,36.5,511.21,421.72
57.0,37.0,512.29,427.15
57.0,37.5,513.38,432.77
57.0,38.0,514.49,438.53
57.0,38.5,515.59,444.41
57.0,39.0,516.68,450.37
57.0,39.5,517.99,456.56
57.0,40.0,519.08,462.6
57.0,40.5,520.15,468.62
57.0,41.0,521.19,474.59
57.0,41.5,522.19,480.49
57.0,42.0,523.17,486.29
57.0,42.5,524.11,491.98
57.0,43.0,525.01,497.52
57.0,43.5,525.86,502.91
57.0,44.0,526.68,508.14
57.0,44.5,527.67,513.38
57.0,45.0,528.43,518.26
57.0,45.5,529.14,522.95
57.0,46.0,529.82,527.45
57.0,46.5,530.46,531.75
57.0,47.0,531.06,535.86
57.0,47.5,531.63,539.78
57.0,48.0,532.17,543.5
57.0,48.5,532.67,547.04
57.0,49.0,533.14,550.4
57.0,49.5,533.58,553.58
57.0,50.0,533.99,556.59
57.0,50.5,534.38,559.44
57.0,51.0,534.74,562.13
57.0,51.5,535.07,564.67
57.0,52.0,535.39,567.07
57.0,52.5,535.69,569.34
57.0,53.0,535.96,571.48
57.0,53.5,536.22,573.49
57.0,54.0,536.46,575.39
57.0,54.5,536.69,577.18
57.0,55.0,536.9,578.87
57.0,55.5,537.1,580.46
57.0,56.0,537.28,581.96
57.0,56.5,537.46,583.37
57.0,57.0,537.62,584.7
57.0,57.5,537.77,585.96
57.0,58.0,538.12,587.37
57.0,58.5,538.25,588.5
57.0,59.0,538.38,589.55
57.0,59.5,538.5,590.55
57.0,60.0,538.62,591.5
57.0,60.5,538.72,592.39
57.0,61.0,538.82,593.23
57.0,61.5,538.92,594.03
57.0,62.0,539.01,594.78
57.0,62.5,539.09,595.49
57.0,63.0,539.17,596.17
57.0,63.5,539.24,596.81
57.0,64.0,539.31,597.41
57.0,64.5,539.38,597.98
57.0,65.0,539.44,598.53
57.0,65.5,539.5,599.04
57.0,66.0,539.56,599.53
57.0,66.5,539.61,600.0
57.0,67.0,539.66,600.44
57.0,67.5,539.71,600.86
57.0,68.0,539.76,601.25
57.0,68.5,539.8,601.63
57.0,69.0,539.84,601.99
57.0,69.5,539.88,602.34
57.0,70.0,539.92,602.66
57.0,70.5,539.95,602.97
57.0,71.0,539.98,603.27
57.0,71.5,540.02,603.55
57.0,72.0,540.05,603.82
57.0,72.5,540.08,604.08
57.0,73.0,540.1,604.33
57.0,73.5,540.13,604.56
57.0,74.0,540.15,604.78
57.0,74.5,540.18,605.0
57.0,75.0,540.2,605.2
57.0,75.5,540.22,605.4
57.0,76.0,540.24,605.59
57.0,76.5,540.26,605.77
57.0,77.0,540.28,605.94
57.0,77.5,540.3,606.1
57.0,78.0,540.32,606.26
57.0,78.5,540.34,606.41
57.0,79.0,540.35,606.56
57.0,79.5,540.37,606.7
57.0,80.0,540.38,606.83
57.0,80.5,540.4,606.96
57.0,81.0,540.41,607.08
57.0,81.5,540.42,607.2
57.0,82.0,540.44,607.31
57.0,82.5,540.45,607.42
57.0,83.0,540.46,607.53
57.0,83.5,540.47,607.63
57.0,84.0,540.48,607.73
57.0,84.5,540.49,607.82
57.0,85.0,540.5,607.91
57.0,85.5,540.51,608.0
57.0,86.0,540.52,608.08
57.0,86.5,540.53,608.16
57.0,87.0,540.54,608.24
57.0,87.5,540.55,608.32
57.0,88.0,540.55,608.39
57.0,88.5,540.56,608.46
57.0,89.0,540.57,608.53
57.0,89.5,540.58,608.59
57.0,90.0,540.58,608.65
57.5,30.0,504.94,383.96
57.5,30.5,504.96,384.04
57.5,31.0,505.1,384.67
57.5,31.5,505.35,385.83
57.5,32.0,505.72,387.5
57.5,32.5,506.2,389.68
57.5,33.0,506.77,392.33
57.5,33.5,507.44,395.44
57.5,34.0,508.18,398.97
57.5,34.5,509.22,403.05
57.5,35.0,510.13,407.36
57.5,35.5,511.09,412.0
57.5,36.0,512.1,416.94
57.5,36.5,513.14,422.14
57.5,37.0,514.21,427.56
57.5,37.5,515.28,433.17
57.5,38.0,516.37,438.93
57.5,38.5,517.45,444.79
57.5,39.0,518.74,450.91
57.5,39.5,519.83,456.92
57.5,40.0,520.9,462.95
57.5,40.5,521.96,468.97
57.5,41.0,522.98,474.93
57.5,41.5,523.97,480.82
57.5,42.0,524.93,486.61
57.5,42.5,525.86,492.28
57.5,43.0,526.74,497.81
57.5,43.5,527.59,503.19
57.5,44.0,528.4,508.41
57.5,44.5,529.38,513.65
57.5,45.0,530.12,518.52
57.5,45.5,530.83,523.2
57.5,46.0,531.5,527.69
57.5,46.5,532.13,531.99
57.5,47.0,532.72,536.09
57.5,47.5,533.28,539.99
57.5,48.0,533.81,543.71
57.5,48.5,534.3,547.24
57.5,49.0,534.77,550.59
57.5,49.5,535.2,553.77
57.5,50.0,535.61,556.77
57.5,50.5,535.99,559.62
57.5,51.0,536.35,562.3
57.5,51.5,536.68,564.84
57.5,52.0,536.99,567.24
57.5,52.5,537.28,569.49
57.5,53.0,537.56,571.63
57.5,53.5,537.81,573.64
57.5,54.0,538.05,575.53
57.5,54.5,538.27,577.32
57.5,55.0,538.48,579.0
57.5,55.5,538.68,580.59
57.5,56.0,538.86,582.08
57.5,56.5,539.03,583.49
57.5,57.0,539.39,585.05
57.5,57.5,539.55,586.31
57.5,58.0,539.69,587.5
57.5,58.5,539.83,588.62
57.5,59.0,539.95,589.67
57.5,59.5,540.07,590.67
57.5,60.0,540.19,591.61
57.5,60.5,540.29,592.5
57.5,61.0,540.39,593.34
57.5,61.5,540.48,594.14
57.5,62.0,540.57,594.89
57.5,62.5,540.65,595.6
57.5,63.0,540.73,596.27
57.5,63.5,540.81,596.91
57.5,64.0,540.88,597.51
57.5,64.5,540.94,598.08
57.5,65.0,541.01,598.63
57.5,65.5,541.06,599.14
57.5,66.0,541.12,599.63
57.5,66.5,541.17,600.09
57.5,67.0,541.22,600.53
57.5,67.5,541.27,600.95
57.5,68.0,541.32,601.35
57.5,68.5,541.36,601.72
57.5,69.0,541.4,602.08
57.5,69.5,541.44,602.43
57.5,70.0,541.47,602.75
57.5,70.5,541.51,603.06
57.5,71.0,541.54,603.36
57.5,71.5,541.57,603.64
57.5,72.0,541.6,603.91
57.5,72.5,541.63,604.16
57.5,73.0,541.66,604.41
57.5,73.5,541.68,604.64
57.5,74.0,541.71,604.87
57.5,74.5,541.73,605.08
57.5,75.0,541.76,605.29
57.5,75.5,541.78,605.48
57.5,76.0,541.8,605.67
57.5,76.5,541.82,605.85
57.5,77.0,541.84,606.02
57.5,77.5,541.86,606.18
57.5,78.0,541.87,606.34
57.5,78.5,541.89,606.49
57.5,79.0,541.91,606.64
57.5,79.5,541.92,606.78
57.5,80.0,541.94,606.91
57.5,80.5,541.95,607.04
57.5,81.0,541.96,607.16
57.5,81.5,541.98,607.28
57.5,82.0,541.99,607.39
57.5,82.5,542.0,607.5
57.5,83.0,542.01,607.61
57.5,83.5,542.02,607.71
57.5,84.0,542.03,607.8
57.5,84.5,542.04,607.9
57.5,85.0,542.05,607.99
57.5,85.5,542.06,608.08
57.5,86.0,542.07,608.16
57.5,86.5,542.08,608.24
57.5,87.0,542.09,608.32
57.5,87.5,542.1,608.39
57.5,88.0,542.1,608.46
57.5,88.5,542.11,608.53
57.5,89.0,542.12,608.6
57.5,89.5,542.13,608.67
57.5,90.0,542.13,608.73
58.0,30.0,506.87,384.4
58.0,30.5,506.89,384.48
58.0,31.0,507.03,385.11
58.0,31.5,507.28,386.26
58.0,32.0,507.65,387.94
58.0,32.5,508.12,390.11
58.0,33.0,508.68,392.76
58.0,33.5,509.34,395.86
58.0,34.0,510.28,399.53
58.0,34.5,511.11,403.47
58.0,35.0,512.01,407.78
58.0,35.5,512.96,412.41
58.0,36.0,513.95,417.35
58.0,36.5,514.97,422.54
58.0,37.0,516.02,427.95
58.0,37.5,517.09,433.55
58.0,38.0,518.16,439.3
58.0,38.5,519.22,445.16
58.0,39.0,520.5,451.26
58.0,39.5,521.58,457.27
58.0,40.0,522.64,463.29
58.0,40.5,523.67,469.29
58.0,41.0,524.68,475.25
58.0,41.5,525.66,481.13
58.0,42.0,526.61,486.91
58.0,42.5,527.52,492.57
58.0,43.0,528.39,498.09
58.0,43.5,529.23,503.46
58.0,44.0,530.02,508.67
58.0,44.5,531.0,513.9
58.0,45.0,531.73,518.76
58.0,45.5,532.43,523.44
58.0,46.0,533.09,527.92
58.0,46.5,533.71,532.21
58.0,47.0,534.3,536.3
58.0,47.5,534.85,540.2
58.0,48.0,535.37,543.91
58.0,48.5,535.86,547.43
58.0,49.0,536.31,550.78
58.0,49.5,536.74,553.94
58.0,50.0,537.14,556.94
58.0,50.5,537.52,559.78
58.0,51.0,537.87,562.46
58.0,51.5,538.2,565.0
58.0,52.0,538.51,567.39
58.0,52.5,538.8,569.64
58.0,53.0,539.07,571.77
58.0,53.5,539.32,573.77
58.0,54.0,539.55,575.67
58.0,54.5,539.77,577.45
58.0,55.0,539.98,579.13
58.0,55.5,540.17,580.71
58.0,56.0,540.35,582.2
58.0,56.5,540.73,583.84
58.0,57.0,540.89,585.17
58.0,57.5,541.04,586.43
58.0,58.0,541.18,587.61
58.0,58.5,541.32,588.73
58.0,59.0,541.44,589.78
58.0,59.5,541.56,590.78
58.0,60.0,541.67,591.72
58.0,60.5,541.78,592.61
58.0,61.0,541.87,593.44
58.0,61.5,541.97,594.24
58.0,62.0,542.05,594.99
58.0,62.5,542.14,595.7
58.0,63.0,542.21,596.37
58.0,63.5,542.29,597.0
58.0,64.0,542.36,597.61
58.0,64.5,542.42,598.18
58.0,65.0,542.48,598.72
58.0,65.5,542.54,599.23
58.0,66.0,542.6,599.72
58.0,66.5,542.65,600.18
58.0,67.0,542.7,600.62
58.0,67.5,542.75,601.04
58.0,68.0,542.79,601.43
58.0,68.5,542.83,601.81
58.0,69.0,542.87,602.17
58.0,69.5,542.91,602.51
58.0,70.0,542.95,602.83
58.0,70.5,542.98,603.14
58.0,71.0,543.02,603.44
58.0,71.5,543.05,603.72
58.0,72.0,543.08,603.99
58.0,72.5,543.1,604.25
58.0,73.0,543.13,604.49
58.0,73.5,543.16,604.72
58.0,74.0,543.18,604.95
58.0,74.5,543.21,605.16
58.0,75.0,543.23,605.36
58.0,75.5,543.25,605.56
58.0,76.0,543.27,605.75
58.0,76.5,543.29,605.92
58.0,77.0,543.31,606.1
58.0,77.5,543.33,606.26
58.0,78.0,543.34,606.42
58.0,78.5,543.36,606.57
58.0,79.0,543.38,606.71
58.0,79.5,543.39,606.85
58.0,80.0,543.41,606.98
58.0,80.5,543.42,607.11
58.0,81.0,543.43,607.23
58.0,81.5,543.45,607.35
58.0,82.0,543.46,607.47
58.0,82.5,543.47,607.57
58.0,83.0,543.48,607.68
58.0,83.5,543.49,607.78
58.0,84.0,543.5,607.88
58.0,84.5,543.51,607.97
58.0,85.0,543.52,608.06
58.0,85.5,543.53,608.15
58.0,86.0,543.54,608.23
58.0,86.5,543.55,608.31
58.0,87.0,543.56,608.39
58.0,87.5,543.57,608.46
58.0,88.0,543.57,608.54
58.0,88.5,543.58,608.6
58.0,89.0,543.59,608.67
58.0,89.5,543.6,608.74
58.0,90.0,543.6,608.8
58.5,30.0,508.71,384.81
58.5,30.5,508.73,384.89
58.5,31.0,508.86,385.52
58.5,31.5,509.11,386.67
58.5,32.0,509.47,388.35
58.5,32.5,509.94,390.52
58.5,33.0,510.49,393.16
58.5,33.5,511.14,396.26
58.5,34.0,512.08,399.93
58.5,34.5,512.9,403.87
58.5,35.0,513.79,408.17
58.5,35.5,514.72,412.8
58.5,36.0,515.7,417.73
58.5,36.5,516.71,422.91
58.5,37.0,517.75,428.32
58.5,37.5,518.8,433.91
58.5,38.0,519.85,439.65
58.5,38.5,520.9,445.5
58.5,39.0,522.17,451.6
58.5,39.5,523.23,457.6
58.5,40.0,524.28,463.61
58.5,40.5,525.3,469.6
58.5,41.0,526.3,475.55
58.5,41.5,527.27,481.42
58.5,42.0,528.2,487.19
58.5,42.5,529.1,492.84
58.5,43.0,529.96,498.35
58.5,43.5,530.78,503.71
58.5,44.0,531.77,509.1
58.5,44.5,532.53,514.14
58.5,45.0,533.26,518.99
58.5,45.5,533.95,523.66
58.5,46.0,534.6,528.13
58.5,46.5,535.21,532.41
58.5,47.0,535.79,536.5
58.5,47.5,536.33,540.39
58.5,48.0,536.85,544.09
58.5,48.5,537.33,547.61
58.5,49.0,537.78,550.95
58.5,49.5,538.2,554.11
58.5,50.0,538.6,557.11
58.5,50.5,538.97,559.94
58.5,51.0,539.32,562.61
58.5,51.5,539.64,565.14
58.5,52.0,539.95,567.53
58.5,52.5,540.23,569.78
58.5,53.0,540.5,571.9
58.5,53.5,540.75,573.9
58.5,54.0,540.98,575.79
58.5,54.5,541.2,577.57
58.5,55.0,541.4,579.25
58.5,55.5,541.59,580.83
58.5,56.0,541.97,582.55
58.5,56.5,542.15,583.96
58.5,57.0,542.31,585.29
58.5,57.5,542.46,586.54
58.5,58.0,542.6,587.72
58.5,58.5,542.73,588.84
58.5,59.0,542.85,589.89
58.5,59.5,542.97,590.88
58.5,60.0,543.08,591.82
58.5,60.5,543.18,592.7
58.5,61.0,543.28,593.54
58.5,61.5,543.37,594.33
58.5,62.0,543.46,595.08
58.5,62.5,543.54,595.79
58.5,63.0,543.62,596.46
58.5,63.5,543.69,597.09
58.5,64.0,543.76,597.69
58.5,64.5,543.82,598.26
58.5,65.0,543.88,598.8
58.5,65.5,543.94,599.32
58.5,66.0,544.0,599.8
58.5,66.5,544.05,600.26
58.5,67.0,544.1,600.7
58.5,67.5,544.14,601.12
58.5,68.0,544.19,601.51
58.5,68.5,544.23,601.89
58.5,69.0,544.27,602.25
58.5,69.5,544.31,602.59
58.5,70.0,544.34,602.91
58.5,70.5,544.38,603.22
58.5,71.0,544.41,603.52
58.5,71.5,544.44,603.8
58.5,72.0,544.47,604.06
58.5,72.5,544.5,604.32
58.5,73.0,544.53,604.56
58.5,73.5,544.55,604.8
58.5,74.0,544.58,605.02
58.5,74.5,544.6,605.23
58.5,75.0,544.62,605.44
58.5,75.5,544.64,605.63
58.5,76.0,544.66,605.82
58.5,76.5,544.68,606.0
58.5,77.0,544.7,606.17
58.5,77.5,544.72,606.33
58.5,78.0,544.74,606.49
58.5,78.5,544.75,606.64
58.5,79.0,544.77,606.78
58.5,79.5,544.78,606.92
58.5,80.0,544.8,607.05
58.5,80.5,544.81,607.18
58.5,81.0,544.82,607.3
58.5,81.5,544.84,607.42
58.5,82.0,544.85,607.53
58.5,82.5,544.86,607.64
58.5,83.0,544.87,607.75
58.5,83.5,544.88,607.85
58.5,84.0,544.89,607.94
58.5,84.5,544.9,608.04
58.5,85.0,544.91,608.13
58.5,85.5,544.92,608.21
58.5,86.0,544.93,608.3
58.5,86.5,544.94,608.38
58.5,87.0,544.95,608.45
58.5,87.5,544.96,608.53
58.5,88.0,544.96,608.6
58.5,88.5,544.97,608.67
58.5,89.0,544.98,608.74
58.5,89.5,544.99,608.8
58.5,90.0,544.99,608.86
59.0,30.0,510.45,385.2
59.0,30.5,510.47,385.28
59.0,31.0,510.6,385.91
59.0,31.5,510.85,387.06
59.0,32.0,511.2,388.73
59.0,32.5,511.66,390.9
59.0,33.0,512.21,393.55
59.0,33.5,512.85,396.64
59.0,34.0,513.79,400.31
59.0,34.5,514.6,404.24
59.0,35.0,515.47,408.54
59.0,35.5,516.4,413.17
59.0,36.0,517.37,418.09
59.0,36.5,518.36,423.27
59.0,37.0,519.38,428.67
59.0,37.5,520.42,434.25
59.0,38.0,521.46,439.98
59.0,38.5,522.5,445.82
59.0,39.0,523.76,451.92
59.0,39.5,524.81,457.91
59.0,40.0,525.84,463.91
59.0,40.5,526.85,469.9
59.0,41.0,527.83,475.83
59.0,41.5,528.78,481.69
59.0,42.0,529.71,487.45
59.0,42.5,530.59,493.1
59.0,43.0,531.44,498.6
59.0,43.5,532.25,503.95
59.0,44.0,533.24,509.33
59.0,44.5,533.99,514.36
59.0,45.0,534.71,519.21
59.0,45.5,535.39,523.87
59.0,46.0,536.03,528.33
59.0,46.5,536.63,532.61
59.0,47.0,537.2,536.68
59.0,47.5,537.74,540.57
59.0,48.0,538.25,544.27
59.0,48.5,538.72,547.78
59.0,49.0,539.17,551.11
59.0,49.5,539.59,554.27
59.0,50.0,539.98,557.26
59.0,50.5,540.34,560.09
59.0,51.0,540.69,562.76
59.0,51.5,541.01,565.28
59.0,52.0,541.31,567.66
59.0,52.5,541.59,569.91
59.0,53.0,541.85,572.03
59.0,53.5,542.1,574.03
59.0,54.0,542.33,575.91
59.0,54.5,542.54,577.69
59.0,55.0,542.75,579.36
59.0,55.5,543.14,581.17
59.0,56.0,543.32,582.66
59.0,56.5,543.49,584.07
59.0,57.0,543.65,585.39
59.0,57.5,543.8,586.64
59.0,58.0,543.94,587.82
59.0,58.5,544.07,588.93
59.0,59.0,544.19,589.99
59.0,59.5,544.31,590.98
59.0,60.0,544.42,591.91
59.0,60.5,544.52,592.8
59.0,61.0,544.61,593.63
59.0,61.5,544.7,594.42
59.0,62.0,544.79,595.17
59.0,62.5,544.87,595.88
59.0,63.0,544.95,596.55
59.0,63.5,545.02,597.18
59.0,64.0,545.09,597.78
59.0,64.5,545.15,598.35
59.0,65.0,545.21,598.89
59.0,65.5,545.27,599.4
59.0,66.0,545.32,599.88
59.0,66.5,545.37,600.34
59.0,67.0,545.42,600.78
59.0,67.5,545.47,601.19
59.0,68.0,545.51,601.59
59.0,68.5,545.55,601.96
59.0,69.0,545.59,602.32
59.0,69.5,545.63,602.66
59.0,70.0,545.67,602.99
59.0,70.5,545.7,603.29
59.0,71.0,545.73,603.59
59.0,71.5,545.76,603.87
59.0,72.0,545.79,604.14
59.0,72.5,545.82,604.39
59.0,73.0,545.85,604.63
59.0,73.5,545.87,604.87
59.0,74.0,545.9,605.09
59.0,74.5,545.92,605.3
59.0,75.0,545.94,605.5
59.0,75.5,545.96,605.7
59.0,76.0,545.98,605.89
59.0,76.5,546.0,606.06
59.0,77.0,546.02,606.23
59.0,77.5,546.04,606.4
59.0,78.0,546.06,606.55
59.0,78.5,546.07,606.7
59.0,79.0,546.09,606.85
59.0,79.5,546.1,606.99
59.0,80.0,546.12,607.12
59.0,80.5,546.13,607.25
59.0,81.0,546.14,607.37
59.0,81.5,546.16,607.49
59.0,82.0,546.17,607.6
59.0,82.5,546.18,607.71
59.0,83.0,546.19,607.81
59.0,83.5,546.2,607.91
59.0,84.0,546.21,608.01
59.0,84.5,546.22,608.1
59.0,85.0,546.23,608.19
59.0,85.5,546.24,608.28
59.0,86.0,546.25,608.36
59.0,86.5,546.26,608.44
59.0,87.0,546.27,608.52
59.0,87.5,546.27,608.59
59.0,88.0,546.28,608.66
59.0,88.5,546.29,608.73
59.0,89.0,546.3,608.8
59.0,89.5,546.3,608.86
59.0,90.0,546.31,608.93
59.5,30.0,512.11,385.57
59.5,30.5,512.12,385.65
59.5,31.0,512.25,386.27
59.5,31.5,512.5,387.43
59.5,32.0,512.85,389.1
59.5,32.5,513.3,391.26
59.5,33.0,513.84,393.9
59.5,33.5,514.68,397.13
59.5,34.0,515.41,400.67
59.5,34.5,516.21,404.6
59.5,35.0,517.07,408.89
59.5,35.5,517.99,413.51
59.5,36.0,518.94,418.43
59.5,36.5,519.93,423.6
59.5,37.0,520.94,428.99
59.5,37.5,521.96,434.57
59.5,38.0,522.99,440.29
59.5,38.5,524.01,446.13
59.5,39.0,525.26,452.22
59.5,39.5,526.3,458.21
59.5,40.0,527.32,464.2
59.5,40.5,528.31,470.17
59.5,41.0,529.29,476.1
59.5,41.5,530.23,481.95
59.5,42.0,531.13,487.7
59.5,42.5,532.01,493.34
59.5,43.0,532.85,498.83
59.5,43.5,533.65,504.18
59.5,44.0,534.63,509.55
59.5,44.5,535.37,514.58
59.5,45.0,536.08,519.42
59.5,45.5,536.75,524.07
59.5,46.0,537.38,528.53
59.5,46.5,537.98,532.79
59.5,47.0,538.55,536.86
59.5,47.5,539.08,540.74
59.5,48.0,539.58,544.43
59.5,48.5,540.05,547.94
59.5,49.0,540.49,551.27
59.5,49.5,540.9,554.42
59.5,50.0,541.29,557.4
59.5,50.5,541.65,560.22
59.5,51.0,541.99,562.89
59.5,51.5,542.3,565.41
59.5,52.0,542.6,567.79
59.5,52.5,542.88,570.03
59.5,53.0,543.14,572.15
59.5,53.5,543.38,574.14
59.5,54.0,543.61,576.02
59.5,54.5,543.82,577.8
59.5,55.0,544.23,579.69
59.5,55.5,544.42,581.27
59.5,56.0,544.6,582.76
59.5,56.5,544.76,584.17
59.5,57.0,544.92,585.49
59.5,57.5,545.07,586.74
59.5,58.0,545.21,587.92
59.5,58.5,545.34,589.03
59.5,59.0,545.46,590.08
59.5,59.5,545.57,591.07
59.5,60.0,545.68,592.0
59.5,60.5,545.78,592.88
59.5,61.0,545.88,593.72
59.5,61.5,545.97,594.51
59.5,62.0,546.05,595.25
59.5,62.5,546.13,595.96
59.5,63.0,546.21,596.63
59.5,63.5,546.28,597.26
59.5,64.0,546.34,597.86
59.5,64.5,546.41,598.42
59.5,65.0,546.47,598.96
59.5,65.5,546.52,599.47
59.5,66.0,546.58,599.96
59.5,66.5,546.63,600.42
59.5,67.0,546.68,600.85
59.5,67.5,546.72,601.27
59.5,68.0,546.77,601.66
59.5,68.5,546.81,602.04
59.5,69.0,546.85,602.39
59.5,69.5,546.88,602.73
59.5,70.0,546.92,603.05
59.5,70.5,546.95,603.36
59.5,71.0,546.98,603.66
59.5,71.5,547.02,603.94
59.5,72.0,547.04,604.2
59.5,72.5,547.07,604.46
59.5,73.0,547.1,604.7
59.5,73.5,547.12,604.93
59.5,74.0,547.15,605.15
59.5,74.5,547.17,605.37
59.5,75.0,547.19,605.57
59.5,75.5,547.21,605.76
59.5,76.0,547.23,605.95
59.5,76.5,547.25,606.13
59.5,77.0,547.27,606.3
59.5,77.5,547.29,606.46
59.5,78.0,547.3,606.62
59.5,78.5,547.32,606.77
59.5,79.0,547.34,606.91
59.5,79.5,547.35,607.05
59.5,80.0,547.36,607.18
59.5,80.5,547.38,607.31
59.5,81.0,547.39,607.43
59.5,81.5,547.4,607.55
59.5,82.0,547.42,607.66
59.5,82.5,547.43,607.77
59.5,83.0,547.44,607.87
59.5,83.5,547.45,607.97
59.5,84.0,547.46,608.07
59.5,84.5,547.47,608.16
59.5,85.0,547.48,608.25
59.5,85.5,547.49,608.34
59.5,86.0,547.5,608.42
59.5,86.5,547.51,608.5
59.5,87.0,547.51,608.58
59.5,87.5,547.52,608.65
59.5,88.0,547.53,608.72
59.5,88.5,547.54,608.79
59.5,89.0,547.54,608.86
59.5,89.5,547.55,608.92
59.5,90.0,547.56,608.98
60.0,30.0,513.67,385.92
60.0,30.5,513.69,386.0
60.0,31.0,513.82,386.62
60.0,31.5,514.06,387.77
60.0,32.0,514.41,389.44
60.0,32.5,514.85,391.6
60.0,33.0,515.39,394.24
60.0,33.5,516.22,397.48
60.0,34.0,516.95,401.01
60.0,34.5,517.74,404.93
60.0,35.0,518.59,409.22
60.0,35.5,519.5,413.84
60.0,36.0,520.44,418.75
60.0,36.5,521.41,423.92
60.0,37.0,522.41,429.3
60.0,37.5,523.42,434.87
60.0,38.0,524.43,440.59
60.0,38.5,525.65,446.58
60.0,39.0,526.69,452.51
60.0,39.5,527.71,458.48
60.0,40.0,528.72,464.47
60.0,40.5,529.71,470.43
60.0,41.0,530.66,476.35
60.0,41.5,531.59,482.19
60.0,42.0,532.49,487.94
60.0,42.5,533.35,493.57
60.0,43.0,534.18,499.05
60.0,43.5,534.97,504.39
60.0,44.0,535.95,509.76
60.0,44.5,536.68,514.78
60.0,45.0,537.38,519.61
60.0,45.5,538.04,524.25
60.0,46.0,538.67,528.71
60.0,46.5,539.26,532.96
60.0,47.0,539.82,537.03
60.0,47.5,540.34,540.9
60.0,48.0,540.84,544.59
60.0,48.5,541.3,548.09
60.0,49.0,541.74,551.41
60.0,49.5,542.14,554.56
60.0,50.0,542.53,557.54
60.0,50.5,542.88,560.35
60.0,51.0,543.22,563.02
60.0,51.5,543.53,565.53
60.0,52.0,543.83,567.91
60.0,52.5,544.1,570.15
60.0,53.0,544.36,572.26
60.0,53.5,544.6,574.25
60.0,54.0,544.82,576.13
60.0,54.5,545.24,578.12
60.0,55.0,545.44,579.8
60.0,55.5,545.63,581.38
60.0,56.0,545.81,582.86
60.0,56.5,545.97,584.26
60.0,57.0,546.13,585.59
60.0,57.5,546.27,586.83
60.0,58.0,546.41,588.01
60.0,58.5,546.54,589.12
60.0,59.0,546.66,590.16
60.0,59.5,546.77,591.15
60.0,60.0,546.88,592.09
60.0,60.5,546.98,592.97
60.0,61.0,547.07,593.8
60.0,61.5,547.16,594.59
60.0,62.0,547.25,595.33
60.0,62.5,547.32,596.03
60.0,63.0,547.4,596.7
60.0,63.5,547.47,597.33
60.0,64.0,547.54,597.93
60.0,64.5,547.6,598.5
60.0,65.0,547.66,599.03
60.0,65.5,547.71,599.54
60.0,66.0,547.77,600.03
60.0,66.5,547.82,600.48
60.0,67.0,547.87,600.92
60.0,67.5,547.91,601.33
60.0,68.0,547.95,601.73
60.0,68.5,548.0,602.1
60.0,69.0,548.03,602.46
60.0,69.5,548.07,602.8
60.0,70.0,548.11,603.12
60.0,70.5,548.14,603.43
60.0,71.0,548.17,603.72
60.0,71.5,548.2,604.0
60.0,72.0,548.23,604.27
60.0,72.5,548.26,604.52
60.0,73.0,548.28,604.76
60.0,73.5,548.31,604.99
60.0,74.0,548.33,605.22
60.0,74.5,548.35,605.43
60.0,75.0,548.38,605.63
60.0,75.5,548.4,605.82
60.0,76.0,548.42,606.01
60.0,76.5,548.44,606.19
60.0,77.0,548.45,606.36
60.0,77.5,548.47,606.52
60.0,78.0,548.49,606.67
60.0,78.5,548.5,606.82
60.0,79.0,548.52,606.97
60.0,79.5,548.53,607.11
60.0,80.0,548.55,607.24
60.0,80.5,548.56,607.36
60.0,81.0,548.57,607.49
60.0,81.5,548.59,607.6
60.0,82.0,548.6,607.72
60.0,82.5,548.61,607.82
60.0,83.0,548.62,607.93
60.0,83.5,548.63,608.03
60.0,84.0,548.64,608.12
60.0,84.5,548.65,608.22
60.0,85.0,548.66,608.31
60.0,85.5,548.67,608.39
60.0,86.0,548.68,608.47
60.0,86.5,548.69,608.55
60.0,87.0,548.7,608.63
60.0,87.5,548.7,608.71
60.0,88.0,548.71,608.78
60.0,88.5,548.72,608.85
60.0,89.0,548.72,608.91
60.0,89.5,548.73,608.98
60.0,90.0,548.74,609.04
60.5,30.0,515.16,386.24
60.5,30.5,515.18,386.32
60.5,31.0,515.31,386.95
60.5,31.5,515.55,388.1
60.5,32.0,515.89,389.76
60.5,32.5,516.33,391.93
60.5,33.0,516.86,394.57
60.5,33.5,517.69,397.8
60.5,34.0,518.41,401.33
60.5,34.5,519.19,405.25
60.5,35.0,520.03,409.54
60.5,35.5,520.93,414.15
60.5,36.0,521.86,419.05
60.5,36.5,522.82,424.22
60.5,37.0,523.81,429.6
60.5,37.5,524.8,435.16
60.5,38.0,525.81,440.87
60.5,38.5,527.02,446.85
60.5,39.0,528.04,452.78
60.5,39.5,529.06,458.74
60.5,40.0,530.05,464.72
60.5,40.5,531.02,470.68
60.5,41.0,531.97,476.59
60.5,41.5,532.89,482.43
60.5,42.0,533.78,488.16
60.5,42.5,534.63,493.78
60.5,43.0,535.45,499.26
60.5,43.5,536.43,504.78
60.5,44.0,537.2,509.96
60.5,44.5,537.92,514.97
60.5,45.0,538.62,519.79
60.5,45.5,539.27,524.43
60.5,46.0,539.89,528.88
60.5,46.5,540.47,533.13
60.5,47.0,541.03,537.19
60.5,47.5,541.54,541.06
60.5,48.0,542.03,544.74
60.5,48.5,542.49,548.23
60.5,49.0,542.92,551.55
60.5,49.5,543.32,554.69
60.5,50.0,543.7,557.66
60.5,50.5,544.06,560.48
60.5,51.0,544.39,563.14
60.5,51.5,544.7,565.65
60.5,52.0,544.99,568.02
60.5,52.5,545.26,570.25
60.5,53.0,545.51,572.36
60.5,53.5,545.75,574.35
60.5,54.0,546.18,576.45
60.5,54.5,546.39,578.22
60.5,55.0,546.59,579.9
60.5,55.5,546.78,581.47
60.5,56.0,546.95,582.96
60.5,56.5,547.12,584.36
60.5,57.0,547.27,585.67
60.5,57.5,547.41,586.92
60.5,58.0,547.55,588.09
60.5,58.5,547.68,589.2
60.5,59.0,547.8,590.25
60.5,59.5,547.91,591.23
60.5,60.0,548.01,592.16
60.5,60.5,548.11,593.04
60.5,61.0,548.21,593.88
60.5,61.5,548.29,594.66
60.5,62.0,548.38,595.4
60.5,62.5,548.46,596.11
60.5,63.0,548.53,596.77
60.5,63.5,548.6,597.4
60.5,64.0,548.67,598.0
60.5,64.5,548.73,598.57
60.5,65.0,548.79,599.1
60.5,65.5,548.84,599.61
60.5,66.0,548.9,600.09
60.5,66.5,548.95,600.55
60.5,67.0,548.99,600.99
60.5,67.5,549.04,601.4
60.5,68.0,549.08,601.79
60.5,68.5,549.12,602.16
60.5,69.0,549.16,602.52
60.5,69.5,549.2,602.86
60.5,70.0,549.23,603.18
60.5,70.5,549.26,603.49
60.5,71.0,549.3,603.78
60.5,71.5,549.33,604.06
60.5,72.0,549.35,604.32
60.5,72.5,549.38,604.58
60.5,73.0,549.41,604.82
60.5,73.5,549.43,605.05
60.5,74.0,549.45,605.27
60.5,74.5,549.48,605.48
60.5,75.0,549.5,605.69
60.5,75.5,549.52,605.88
60.5,76.0,549.54,606.06
60.5,76.5,549.56,606.24
60.5,77.0,549.58,606.41
60.5,77.5,549.59,606.57
60.5,78.0,549.61,606.73
60.5,78.5,549.63,606.88
60.5,79.0,549.64,607.02
60.5,79.5,549.65,607.16
60.5,80.0,549.67,607.29
60.5,80.5,549.68,607.42
60.5,81.0,549.69,607.54
60.5,81.5,549.71,607.66
60.5,82.0,549.72,607.77
60.5,82.5,549.73,607.88
60.5,83.0,549.74,607.98
60.5,83.5,549.75,608.08
60.5,84.0,549.76,608.18
60.5,84.5,549.77,608.27
60.5,85.0,549.78,608.36
60.5,85.5,549.79,608.44
60.5,86.0,549.8,608.53
60.5,86.5,549.81,608.61
60.5,87.0,549.81,608.68
60.5,87.5,549.82,608.76
60.5,88.0,549.83,608.83
60.5,88.5,549.84,608.9
60.5,89.0,549.84,608.96
60.5,89.5,549.85,609.03
60.5,90.0,549.86,609.09
61.0,30.0,516.57,386.55
61.0,30.5,516.59,386.63
61.0,31.0,516.72,387.26
61.0,31.5,516.95,388.41
61.0,32.0,517.29,390.07
61.0,32.5,517.73,392.23
61.0,33.0,518.25,394.87
61.0,33.5,519.08,398.1
61.0,34.0,519.79,401.63
61.0,34.5,520.57,405.55
61.0,35.0,521.4,409.83
61.0,35.5,522.29,414.44
61.0,36.0,523.21,419.34
61.0,36.5,524.16,424.5
61.0,37.0,525.13,429.87
61.0,37.5,526.12,435.43
61.0,38.0,527.11,441.13
61.0,38.5,528.32,447.12
61.0,39.0,529.33,453.03
61.0,39.5,530.33,458.99
61.0,40.0,531.31,464.96
61.0,40.5,532.28,470.91
61.0,41.0,533.21,476.82
61.0,41.5,534.12,482.65
61.0,42.0,535.0,488.37
61.0,42.5,535.84,493.99
61.0,43.0,536.65,499.46
61.0,43.5,537.63,504.97
61.0,44.0,538.38,510.15
61.0,44.5,539.1,515.15
61.0,45.0,539.79,519.97
61.0,45.5,540.43,524.6
61.0,46.0,541.05,529.04
61.0,46.5,541.63,533.28
61.0,47.0,542.17,537.34
61.0,47.5,542.68,541.2
61.0,48.0,543.17,544.87
61.0,48.5,543.62,548.37
61.0,49.0,544.04,551.68
61.0,49.5,544.44,554.82
61.0,50.0,544.82,557.79
61.0,50.5,545.17,560.6
61.0,51.0,545.49,563.25
61.0,51.5,545.8,565.76
61.0,52.0,546.09,568.12
61.0,52.5,546.36,570.36
61.0,53.0,546.61,572.46
61.0,53.5,546.84,574.45
61.0,54.0,547.27,576.55
61.0,54.5,547.48,578.32
61.0,55.0,547.68,579.99
61.0,55.5,547.87,581.56
61.0,56.0,548.04,583.04
61.0,56.5,548.2,584.44
61.0,57.0,548.35,585.76
61.0,57.5,548.5,587.0
61.0,58.0,548.63,588.17
61.0,58.5,548.76,589.28
61.0,59.0,548.87,590.32
61.0,59.5,548.99,591.31
61.0,60.0,549.09,592.24
61.0,60.5,549.19,593.12
61.0,61.0,549.28,593.95
61.0,61.5,549.37,594.73
61.0,62.0,549.45,595.47
61.0,62.5,549.53,596.18
61.0,63.0,549.6,596.84
61.0,63.5,549.67,597.47
61.0,64.0,549.74,598.07
61.0,64.5,549.8,598.63
61.0,65.0,549.86,599.17
61.0,65.5,549.91,599.67
61.0,66.0,549.96,600.15
61.0,66.5,550.01,600.61
61.0,67.0,550.06,601.05
61.0,67.5,550.11,601.46
61.0,68.0,550.15,601.85
61.0,68.5,550.19,602.22
61.0,69.0,550.23,602.58
61.0,69.5,550.26,602.92
61.0,70.0,550.3,603.24
61.0,70.5,550.33,603.54
61.0,71.0,550.36,603.84
61.0,71.5,550.39,604.11
61.0,72.0,550.42,604.38
61.0,72.5,550.45,604.63
61.0,73.0,550.47,604.88
61.0,73.5,550.5,605.11
61.0,74.0,550.52,605.33
61.0,74.5,550.54,605.54
61.0,75.0,550.56,605.74
61.0,75.5,550.58,605.93
61.0,76.0,550.6,606.12
61.0,76.5,550.62,606.29
61.0,77.0,550.64,606.46
61.0,77.5,550.66,606.63
61.0,78.0,550.67,606.78
61.0,78.5,550.69,606.93
61.0,79.0,550.7,607.07
61.0,79.5,550.72,607.21
61.0,80.0,550.73,607.34
61.0,80.5,550.74,607.47
61.0,81.0,550.76,607.59
61.0,81.5,550.77,607.71
61.0,82.0,550.78,607.82
61.0,82.5,550.79,607.93
61.0,83.0,550.8,608.03
61.0,83.5,550.81,608.13
61.0,84.0,550.82,608.23
61.0,84.5,550.83,608.32
61.0,85.0,550.84,608.41
61.0,85.5,550.85,608.49
61.0,86.0,550.86,608.58
61.0,86.5,550.87,608.65
61.0,87.0,550.88,608.73
61.0,87.5,550.88,608.81
61.0,88.0,550.89,608.88
61.0,88.5,550.9,608.95
61.0,89.0,550.91,609.01
61.0,89.5,550.91,609.08
61.0,90.0,550.92,609.14
61.5,30.0,517.92,386.85
61.5,30.5,517.93,386.93
61.5,31.0,518.06,387.55
61.5,31.5,518.29,388.7
61.5,32.0,518.62,390.36
61.5,32.5,519.05,392.52
61.5,33.0,519.57,395.16
61.5,33.5,520.41,398.39
61.5,34.0,521.11,401.92
61.5,34.5,521.88,405.83
61.5,35.0,522.7,410.11
61.5,35.5,523.58,414.72
61.5,36.0,524.49,419.61
61.5,36.5,525.43,424.77
61.5,37.0,526.39,430.14
61.5,37.5,527.37,435.69
61.5,38.0,528.35,441.38
61.5,38.5,529.55,447.36
61.5,39.0,530.55,453.27
61.5,39.5,531.54,459.23
61.5,40.0,532.51,465.19
61.5,40.5,533.46,471.14
61.5,41.0,534.39,477.03
61.5,41.5,535.29,482.85
61.5,42.0,536.15,488.57
61.5,42.5,536.99,494.18
61.5,43.0,537.79,499.64
61.5,43.5,538.76,505.15
61.5,44.0,539.51,510.32
61.5,44.5,540.22,515.32
61.5,45.0,540.9,520.13
61.5,45.5,541.54,524.75
61.5,46.0,542.15,529.19
61.5,46.5,542.72,533.43
61.5,47.0,543.26,537.48
61.5,47.5,543.76,541.34
61.5,48.0,544.24,545.01
61.5,48.5,544.69,548.49
61.5,49.0,545.11,551.8
61.5,49.5,545.5,554.93
61.5,50.0,545.87,557.9
61.5,50.5,546.22,560.71
61.5,51.0,546.54,563.36
61.5,51.5,546.85,565.86
61.5,52.0,547.13,568.22
61.5,52.5,547.4,570.45
61.5,53.0,547.65,572.56
61.5,53.5,548.09,574.76
61.5,54.0,548.31,576.64
61.5,54.5,548.52,578.41
61.5,55.0,548.71,580.07
61.5,55.5,548.9,581.65
61.5,56.0,549.07,583.13
61.5,56.5,549.23,584.52
61.5,57.0,549.38,585.84
61.5,57.5,549.52,587.08
61.5,58.0,549.66,588.25
61.5,58.5,549.78,589.35
61.5,59.0,549.9,590.4
61.5,59.5,550.01,591.38
61.5,60.0,550.11,592.31
61.5,60.5,550.21,593.19
61.5,61.0,550.3,594.01
61.5,61.5,550.39,594.8
61.5,62.0,550.47,595.54
61.5,62.5,550.55,596.24
61.5,63.0,550.62,596.9
61.5,63.5,550.69,597.53
61.5,64.0,550.75,598.13
61.5,64.5,550.81,598.69
61.5,65.0,550.87,599.23
61.5,65.5,550.93,599.73
61.5,66.0,550.98,600.21
61.5,66.5,551.03,600.67
61.5,67.0,551.07,601.1
61.5,67.5,551.12,601.52
61.5,68.0,551.16,601.91
61.5,68.5,551.2,602.28
61.5,69.0,551.24,602.63
61.5,69.5,551.27,602.97
61.5,70.0,551.31,603.29
61.5,70.5,551.34,603.6
61.5,71.0,551.37,603.89
61.5,71.5,551.4,604.17
61.5,72.0,551.43,604.43
61.5,72.5,551.45,604.69
61.5,73.0,551.48,604.93
61.5,73.5,551.5,605.16
61.5,74.0,551.53,605.38
61.5,74.5,551.55,605.59
61.5,75.0,551.57,605.79
61.5,75.5,551.59,605.98
61.5,76.0,551.61,606.17
61.5,76.5,551.63,606.34
61.5,77.0,551.65,606.51
61.5,77.5,551.66,606.68
61.5,78.0,551.68,606.83
61.5,78.5,551.7,606.98
61.5,79.0,551.71,607.12
61.5,79.5,551.72,607.26
61.5,80.0,551.74,607.39
61.5,80.5,551.75,607.52
61.5,81.0,551.76,607.64
61.5,81.5,551.78,607.75
61.5,82.0,551.79,607.87
61.5,82.5,551.8,607.97
61.5,83.0,551.81,608.08
61.5,83.5,551.82,608.18
61.5,84.0,551.83,608.27
61.5,84.5,551.84,608.36
61.5,85.0,551.85,608.45
61.5,85.5,551.86,608.54
61.5,86.0,551.87,608.62
61.5,86.5,551.87,608.7
61.5,87.0,551.88,608.78
61.5,87.5,551.89,608.85
61.5,88.0,551.9,608.92
61.5,88.5,551.9,608.99
61.5,89.0,551.91,609.06
61.5,89.5,551.92,609.12
61.5,90.0,551.92,609.18
62.0,30.0,519.19,387.12
62.0,30.5,519.21,387.2
62.0,31.0,519.33,387.82
62.0,31.5,519.56,388.97
62.0,32.0,519.89,390.64
62.0,32.5,520.32,392.8
62.0,33.0,521.04,395.57
62.0,33.5,521.66,398.67
62.0,34.0,522.36,402.19
62.0,34.5,523.12,406.1
62.0,35.0,523.93,410.38
62.0,35.5,524.8,414.98
62.0,36.0,525.7,419.87
62.0,36.5,526.64,425.02
62.0,37.0,527.59,430.38
62.0,37.5,528.55,435.93
62.0,38.0,529.52,441.62
62.0,38.5,530.72,447.6
62.0,39.0,531.71,453.5
62.0,39.5,532.69,459.45
62.0,40.0,533.65,465.41
62.0,40.5,534.59,471.34
62.0,41.0,535.51,477.23
62.0,41.5,536.4,483.05
62.0,42.0,537.25,488.76
62.0,42.5,538.08,494.36
62.0,43.0,538.87,499.82
62.0,43.5,539.84,505.32
62.0,44.0,540.58,510.49
62.0,44.5,541.29,515.48
62.0,45.0,541.95,520.28
62.0,45.5,542.59,524.9
62.0,46.0,543.19,529.33
62.0,46.5,543.75,533.57
62.0,47.0,544.29,537.61
62.0,47.5,544.79,541.46
62.0,48.0,545.26,545.13
62.0,48.5,545.71,548.61
62.0,49.0,546.12,551.92
62.0,49.5,546.51,555.04
62.0,50.0,546.88,558.01
62.0,50.5,547.22,560.81
62.0,51.0,547.54,563.46
62.0,51.5,547.84,565.96
62.0,52.0,548.12,568.32
62.0,52.5,548.39,570.55
62.0,53.0,548.63,572.65
62.0,53.5,549.07,574.85
62.0,54.0,549.3,576.73
62.0,54.5,549.5,578.49
62.0,55.0,549.7,580.16
62.0,55.5,549.88,581.73
62.0,56.0,550.05,583.2
62.0,56.5,550.21,584.6
62.0,57.0,550.36,585.91
62.0,57.5,550.5,587.15
62.0,58.0,550.63,588.32
62.0,58.5,550.75,589.42
62.0,59.0,550.87,590.46
62.0,59.5,550.98,591.45
62.0,60.0,551.08,592.37
62.0,60.5,551.18,593.25
62.0,61.0,551.27,594.08
62.0,61.5,551.35,594.86
62.0,62.0,551.44,595.6
62.0,62.5,551.51,596.3
62.0,63.0,551.58,596.96
62.0,63.5,551.65,597.59
62.0,64.0,551.72,598.19
62.0,64.5,551.78,598.75
62.0,65.0,551.83,599.28
62.0,65.5,551.89,599.79
62.0,66.0,551.94,600.27
62.0,66.5,551.99,600.72
62.0,67.0,552.03,601.16
62.0,67.5,552.08,601.57
62.0,68.0,552.12,601.96
62.0,68.5,552.16,602.33
62.0,69.0,552.2,602.69
62.0,69.5,552.23,603.02
62.0,70.0,552.27,603.34
62.0,70.5,552.3,603.65
62.0,71.0,552.33,603.94
62.0,71.5,552.36,604.22
62.0,72.0,552.39,604.48
62.0,72.5,552.41,604.73
62.0,73.0,552.44,604.98
62.0,73.5,552.46,605.21
62.0,74.0,552.48,605.43
62.0,74.5,552.51,605.64
62.0,75.0,552.53,605.84
62.0,75.5,552.55,606.03
62.0,76.0,552.57,606.21
62.0,76.5,552.58,606.39
62.0,77.0,552.6,606.56
62.0,77.5,552.62,606.72
62.0,78.0,552.64,606.88
62.0,78.5,552.65,607.03
62.0,79.0,552.67,607.17
62.0,79.5,552.68,607.3
62.0,80.0,552.69,607.44
62.0,80.5,552.71,607.56
62.0,81.0,552.72,607.68
62.0,81.5,552.73,607.8
62.0,82.0,552.74,607.91
62.0,82.5,552.75,608.02
62.0,83.0,552.76,608.12
62.0,83.5,552.77,608.22
62.0,84.0,552.78,608.32
62.0,84.5,552.79,608.41
62.0,85.0,552.8,608.5
62.0,85.5,552.81,608.58
62.0,86.0,552.82,608.67
62.0,86.5,552.83,608.74
62.0,87.0,552.84,608.82
62.0,87.5,552.84,608.89
62.0,88.0,552.85,608.97
62.0,88.5,552.86,609.03
62.0,89.0,552.86,609.1
62.0,89.5,552.87,609.16
62.0,90.0,552.88,609.23
62.5,30.0,520.4,387.39
62.5,30.5,520.41,387.47
62.5,31.0,520.54,388.09
62.5,31.5,520.76,389.24
62.5,32.0,521.09,390.9
62.5,32.5,521.51,393.06
62.5,33.0,522.24,395.83
62.5,33.5,522.85,398.93
62.5,34.0,523.54,402.45
62.5,34.5,524.3,406.36
62.5,35.0,525.11,410.63
62.5,35.5,525.96,415.23
62.5,36.0,526.86,420.11
62.5,36.5,527.78,425.26
62.5,37.0,528.72,430.62
62.5,37.5,529.68,436.16
62.5,38.0,530.63,441.85
62.5,38.5,531.83,447.82
62.5,39.0,532.81,453.72
62.5,39.5,533.78,459.66
62.5,40.0,534.73,465.61
62.5,40.5,535.66,471.54
62.5,41.0,536.57,477.43
62.5,41.5,537.45,483.23
62.5,42.0,538.3,488.94
62.5,42.5,539.11,494.53
62.5,43.0,539.89,499.99
62.5,43.5,540.86,505.49
62.5,44.0,541.6,510.65
62.5,44.5,542.29,515.63
62.5,45.0,542.96,520.43
62.5,45.5,543.58,525.05
62.5,46.0,544.18,529.47
62.5,46.5,544.74,533.7
62.5,47.0,545.27,537.74
62.5,47.5,545.76,541.59
62.5,48.0,546.23,545.25
62.5,48.5,546.67,548.73
62.5,49.0,547.08,552.02
62.5,49.5,547.47,555.15
62.5,50.0,547.83,558.11
62.5,50.5,548.17,560.91
62.5,51.0,548.49,563.55
62.5,51.5,548.79,566.05
62.5,52.0,549.06,568.41
62.5,52.5,549.32,570.63
62.5,53.0,549.78,572.95
62.5,53.5,550.01,574.94
62.5,54.0,550.23,576.81
62.5,54.5,550.43,578.57
62.5,55.0,550.63,580.23
62.5,55.5,550.81,581.8
62.5,56.0,550.98,583.28
62.5,56.5,551.13,584.67
62.5,57.0,551.28,585.98
62.5,57.5,551.42,587.22
62.5,58.0,551.55,588.39
62.5,58.5,551.67,589.49
62.5,59.0,551.79,590.53
62.5,59.5,551.9,591.51
62.5,60.0,552.0,592.44
62.5,60.5,552.1,593.31
62.5,61.0,552.19,594.14
62.5,61.5,552.27,594.92
62.5,62.0,552.35,595.66
62.5,62.5,552.43,596.36
62.5,63.0,552.5,597.02
62.5,63.5,552.57,597.65
62.5,64.0,552.63,598.24
62.5,64.5,552.69,598.8
62.5,65.0,552.75,599.34
62.5,65.5,552.8,599.84
62.5,66.0,552.85,600.32
62.5,66.5,552.9,600.78
62.5,67.0,552.95,601.21
62.5,67.5,552.99,601.62
62.5,68.0,553.03,602.01
62.5,68.5,553.07,602.38
62.5,69.0,553.11,602.73
62.5,69.5,553.14,603.07
62.5,70.0,553.18,603.39
62.5,70.5,553.21,603.7
62.5,71.0,553.24,603.99
62.5,71.5,553.27,604.26
62.5,72.0,553.29,604.53
62.5,72.5,553.32,604.78
62.5,73.0,553.35,605.02
62.5,73.5,553.37,605.25
62.5,74.0,553.39,605.47
62.5,74.5,553.41,605.68
62.5,75.0,553.43,605.88
62.5,75.5,553.45,606.07
62.5,76.0,553.47,606.26
62.5,76.5,553.49,606.43
62.5,77.0,553.51,606.6
62.5,77.5,553.53,606.77
62.5,78.0,553.54,606.92
62.5,78.5,553.56,607.07
62.5,79.0,553.57,607.21
62.5,79.5,553.59,607.35
62.5,80.0,553.6,607.48
62.5,80.5,553.61,607.6
62.5,81.0,553.62,607.73
62.5,81.5,553.64,607.84
62.5,82.0,553.65,607.95
62.5,82.5,553.66,608.06
62.5,83.0,553.67,608.16
62.5,83.5,553.68,608.26
62.5,84.0,553.69,608.36
62.5,84.5,553.7,608.45
62.5,85.0,553.71,608.54
62.5,85.5,553.72,608.62
62.5,86.0,553.72,608.71
62.5,86.5,553.73,608.79
62.5,87.0,553.74,608.86
62.5,87.5,553.75,608.94
62.5,88.0,553.76,609.01
62.5,88.5,553.76,609.07
62.5,89.0,553.77,609.14
62.5,89.5,553.78,609.2
62.5,90.0,553.78,609.27
63.0,30.0,521.55,387.63
63.0,30.5,521.56,387.72
63.0,31.0,521.68,388.34
63.0,31.5,521.91,389.48
63.0,32.0,522.23,391.14
63.0,32.5,522.65,393.3
63.0,33.0,523.38,396.08
63.0,33.5,523.99,399.17
63.0,34.0,524.67,402.69
63.0,34.5,525.41,406.6
63.0,35.0,526.22,410.87
63.0,35.5,527.07,415.46
63.0,36.0,527.95,420.35
63.0,36.5,528.87,425.48
63.0,37.0,529.8,430.84
63.0,37.5,530.74,436.38
63.0,38.0,531.69,442.06
63.0,38.5,532.88,448.03
63.0,39.0,533.85,453.92
63.0,39.5,534.81,459.86
63.0,40.0,535.76,465.8
63.0,40.5,536.68,471.73
63.0,41.0,537.58,477.61
63.0,41.5,538.45,483.41
63.0,42.0,539.29,489.11
63.0,42.5,540.1,494.7
63.0,43.0,540.87,500.14
63.0,43.5,541.83,505.64
63.0,44.0,542.56,510.8
63.0,44.5,543.25,515.77
63.0,45.0,543.91,520.57
63.0,45.5,544.53,525.18
63.0,46.0,545.12,529.6
63.0,46.5,545.67,533.82
63.0,47.0,546.19,537.86
63.0,47.5,546.69,541.7
63.0,48.0,547.15,545.36
63.0,48.5,547.59,548.83
63.0,49.0,547.99,552.13
63.0,49.5,548.38,555.25
63.0,50.0,548.74,558.21
63.0,50.5,549.07,561.0
63.0,51.0,549.39,563.64
63.0,51.5,549.68,566.14
63.0,52.0,549.96,568.49
63.0,52.5,550.21,570.71
63.0,53.0,550.67,573.03
63.0,53.5,550.9,575.02
63.0,54.0,551.12,576.89
63.0,54.5,551.32,578.65
63.0,55.0,551.51,580.31
63.0,55.5,551.69,581.87
63.0,56.0,551.86,583.35
63.0,56.5,552.01,584.74
63.0,57.0,552.16,586.05
63.0,57.5,552.3,587.29
63.0,58.0,552.43,588.45
63.0,58.5,552.55,589.55
63.0,59.0,552.66,590.59
63.0,59.5,552.77,591.57
63.0,60.0,552.87,592.5
63.0,60.5,552.97,593.37
63.0,61.0,553.06,594.2
63.0,61.5,553.14,594.98
63.0,62.0,553.22,595.71
63.0,62.5,553.3,596.41
63.0,63.0,553.37,597.07
63.0,63.5,553.43,597.7
63.0,64.0,553.5,598.29
63.0,64.5,553.56,598.85
63.0,65.0,553.61,599.39
63.0,65.5,553.67,599.89
63.0,66.0,553.72,600.37
63.0,66.5,553.76,600.82
63.0,67.0,553.81,601.26
63.0,67.5,553.85,601.67
63.0,68.0,553.89,602.06
63.0,68.5,553.93,602.43
63.0,69.0,553.97,602.78
63.0,69.5,554.0,603.12
63.0,70.0,554.04,603.44
63.0,70.5,554.07,603.74
63.0,71.0,554.1,604.03
63.0,71.5,554.13,604.31
63.0,72.0,554.16,604.57
63.0,72.5,554.18,604.82
63.0,73.0,554.21,605.07
63.0,73.5,554.23,605.3
63.0,74.0,554.25,605.51
63.0,74.5,554.27,605.72
63.0,75.0,554.3,605.93
63.0,75.5,554.32,606.12
63.0,76.0,554.33,606.3
63.0,76.5,554.35,606.48
63.0,77.0,554.37,606.64
63.0,77.5,554.39,606.81
63.0,78.0,554.4,606.96
63.0,78.5,554.42,607.11
63.0,79.0,554.43,607.25
63.0,79.5,554.45,607.39
63.0,80.0,554.46,607.52
63.0,80.5,554.47,607.64
63.0,81.0,554.48,607.77
63.0,81.5,554.5,607.88
63.0,82.0,554.51,607.99
63.0,82.5,554.52,608.1
63.0,83.0,554.53,608.2
63.0,83.5,554.54,608.3
63.0,84.0,554.55,608.4
63.0,84.5,554.56,608.49
63.0,85.0,554.57,608.58
63.0,85.5,554.58,608.66
63.0,86.0,554.58,608.74
63.0,86.5,554.59,608.82
63.0,87.0,554.6,608.9
63.0,87.5,554.61,608.97
63.0,88.0,554.61,609.04
63.0,88.5,554.62,609.11
63.0,89.0,554.63,609.18
63.0,89.5,554.63,609.24
63.0,90.0,554.64,609.3
63.5,30.0,522.64,387.87
63.5,30.5,522.65,387.95
63.5,31.0,522.77,388.57
63.5,31.5,523.0,389.72
63.5,32.0,523.32,391.38
63.5,32.5,523.73,393.53
63.5,33.0,524.46,396.31
63.5,33.5,525.06,399.4
63.5,34.0,525.74,402.92
63.5,34.5,526.48,406.83
63.5,35.0,527.27,411.09
63.5,35.5,528.11,415.68
63.5,36.0,528.99,420.56
63.5,36.5,529.9,425.7
63.5,37.0,530.82,431.05
63.5,37.5,531.76,436.58
63.5,38.0,532.91,442.42
63.5,38.5,533.88,448.23
63.5,39.0,534.84,454.12
63.5,39.5,535.8,460.05
63.5,40.0,536.73,465.99
63.5,40.5,537.65,471.91
63.5,41.0,538.54,477.78
63.5,41.5,539.4,483.58
63.5,42.0,540.23,489.27
63.5,42.5,541.03,494.85
63.5,43.0,541.79,500.29
63.5,43.5,542.76,505.79
63.5,44.0,543.48,510.94
63.5,44.5,544.16,515.91
63.5,45.0,544.81,520.7
63.5,45.5,545.43,525.31
63.5,46.0,546.01,529.72
63.5,46.5,546.56,533.94
63.5,47.0,547.08,537.97
63.5,47.5,547.56,541.81
63.5,48.0,548.02,545.46
63.5,48.5,548.45,548.93
63.5,49.0,548.86,552.23
63.5,49.5,549.24,555.34
63.5,50.0,549.59,558.3
63.5,50.5,549.93,561.09
63.5,51.0,550.24,563.73
63.5,51.5,550.53,566.22
63.5,52.0,550.8,568.57
63.5,52.5,551.27,571.01
63.5,53.0,551.51,573.11
63.5,53.5,551.74,575.09
63.5,54.0,551.96,576.96
63.5,54.5,552.16,578.72
63.5,55.0,552.35,580.38
63.5,55.5,552.53,581.94
63.5,56.0,552.69,583.41
63.5,56.5,552.85,584.8
63.5,57.0,552.99,586.11
63.5,57.5,553.13,587.35
63.5,58.0,553.26,588.51
63.5,58.5,553.38,589.61
63.5,59.0,553.49,590.65
63.5,59.5,553.6,591.63
63.5,60.0,553.7,592.55
63.5,60.5,553.79,593.42
63.5,61.0,553.88,594.25
63.5,61.5,553.97,595.03
63.5,62.0,554.05,595.77
63.5,62.5,554.12,596.46
63.5,63.0,554.19,597.12
63.5,63.5,554.26,597.75
63.5,64.0,554.32,598.34
63.5,64.5,554.38,598.9
63.5,65.0,554.43,599.43
63.5,65.5,554.49,599.94
63.5,66.0,554.54,600.42
63.5,66.5,554.59,600.87
63.5,67.0,554.63,601.3
63.5,67.5,554.67,601.71
63.5,68.0,554.71,602.1
63.5,68.5,554.75,602.47
63.5,69.0,554.79,602.82
63.5,69.5,554.82,603.16
63.5,70.0,554.86,603.48
63.5,70.5,554.89,603.78
63.5,71.0,554.92,604.07
63.5,71.5,554.95,604.35
63.5,72.0,554.97,604.61
63.5,72.5,555.0,604.87
63.5,73.0,555.02,605.11
63.5,73.5,555.05,605.34
63.5,74.0,555.07,605.56
63.5,74.5,555.09,605.76
63.5,75.0,555.11,605.97
63.5,75.5,555.13,606.16
63.5,76.0,555.15,606.34
63.5,76.5,555.17,606.52
63.5,77.0,555.19,606.68
63.5,77.5,555.2,606.85
63.5,78.0,555.22,607.0
63.5,78.5,555.23,607.15
63.5,79.0,555.25,607.29
63.5,79.5,555.26,607.43
63.5,80.0,555.27,607.56
63.5,80.5,555.29,607.68
63.5,81.0,555.3,607.8
63.5,81.5,555.31,607.92
63.5,82.0,555.32,608.03
63.5,82.5,555.33,608.14
63.5,83.0,555.34,608.24
63.5,83.5,555.35,608.34
63.5,84.0,555.36,608.43
63.5,84.5,555.37,608.53
63.5,85.0,555.38,608.61
63.5,85.5,555.39,608.7
63.5,86.0,555.4,608.78
63.5,86.5,555.41,608.86
63.5,87.0,555.41,608.94
63.5,87.5,555.42,609.01
63.5,88.0,555.43,609.08
63.5,88.5,555.44,609.15
63.5,89.0,555.44,609.21
63.5,89.5,555.45,609.28
63.5,90.0,555.45,609.34
64.0,30.0,523.67,388.09
64.0,30.5,523.69,388.17
64.0,31.0,523.81,388.79
64.0,31.5,524.03,389.94
64.0,32.0,524.35,391.6
64.0,32.5,524.97,393.89
64.0,33.0,525.49,396.53
64.0,33.5,526.08,399.62
64.0,34.0,526.75,403.14
64.0,34.5,527.49,407.04
64.0,35.0,528.28,411.3
64.0,35.5,529.11,415.89
64.0,36.0,529.98,420.77
64.0,36.5,530.88,425.9
64.0,37.0,531.79,431.25
64.0,37.5,532.72,436.78
64.0,38.0,533.87,442.61
64.0,38.5,534.83,448.42
64.0,39.0,535.79,454.3
64.0,39.5,536.73,460.23
64.0,40.0,537.66,466.16
64.0,40.5,538.56,472.08
64.0,41.0,539.44,477.94
64.0,41.5,540.3,483.73
64.0,42.0,541.12,489.43
64.0,42.5,541.92,495.0
64.0,43.0,542.89,500.62
64.0,43.5,543.63,505.93
64.0,44.0,544.35,511.07
64.0,44.5,545.02,516.04
64.0,45.0,545.67,520.83
64.0,45.5,546.28,525.43
64.0,46.0,546.86,529.84
64.0,46.5,547.4,534.05
64.0,47.0,547.91,538.08
64.0,47.5,548.4,541.91
64.0,48.0,548.85,545.56
64.0,48.5,549.28,549.03
64.0,49.0,549.68,552.32
64.0,49.5,550.06,555.43
64.0,50.0,550.41,558.38
64.0,50.5,550.74,561.17
64.0,51.0,551.05,563.81
64.0,51.5,551.34,566.3
64.0,52.0,551.61,568.65
64.0,52.5,552.08,571.09
64.0,53.0,552.32,573.19
64.0,53.5,552.55,575.16
64.0,54.0,552.76,577.03
64.0,54.5,552.96,578.79
64.0,55.0,553.15,580.44
64.0,55.5,553.32,582.01
64.0,56.0,553.49,583.48
64.0,56.5,553.64,584.86
64.0,57.0,553.78,586.17
64.0,57.5,553.92,587.41
64.0,58.0,554.05,588.57
64.0,58.5,554.17,589.67
64.0,59.0,554.28,590.7
64.0,59.5,554.39,591.68
64.0,60.0,554.49,592.6
64.0,60.5,554.58,593.48
64.0,61.0,554.67,594.3
64.0,61.5,554.75,595.08
64.0,62.0,554.83,595.82
64.0,62.5,554.9,596.51
64.0,63.0,554.97,597.17
64.0,63.5,555.04,597.8
64.0,64.0,555.1,598.39
64.0,64.5,555.16,598.95
64.0,65.0,555.22,599.48
64.0,65.5,555.27,599.98
64.0,66.0,555.32,600.46
64.0,66.5,555.36,600.91
64.0,67.0,555.41,601.35
64.0,67.5,555.45,601.75
64.0,68.0,555.49,602.14
64.0,68.5,555.53,602.51
64.0,69.0,555.57,602.87
64.0,69.5,555.6,603.2
64.0,70.0,555.63,603.52
64.0,70.5,555.67,603.82
64.0,71.0,555.7,604.11
64.0,71.5,555.72,604.39
64.0,72.0,555.75,604.65
64.0,72.5,555.78,604.91
64.0,73.0,555.8,605.15
64.0,73.5,555.82,605.37
64.0,74.0,555.85,605.59
64.0,74.5,555.87,605.8
64.0,75.0,555.89,606.0
64.0,75.5,555.91,606.19
64.0,76.0,555.93,606.38
64.0,76.5,555.94,606.55
64.0,77.0,555.96,606.72
64.0,77.5,555.98,606.88
64.0,78.0,555.99,607.04
64.0,78.5,556.01,607.18
64.0,79.0,556.02,607.33
64.0,79.5,556.04,607.46
64.0,80.0,556.05,607.59
64.0,80.5,556.06,607.72
64.0,81.0,556.07,607.84
64.0,81.5,556.09,607.95
64.0,82.0,556.1,608.07
64.0,82.5,556.11,608.17
64.0,83.0,556.12,608.28
64.0,83.5,556.13,608.37
64.0,84.0,556.14,608.47
64.0,84.5,556.15,608.56
64.0,85.0,556.16,608.65
64.0,85.5,556.16,608.73
64.0,86.0,556.17,608.82
64.0,86.5,556.18,608.89
64.0,87.0,556.19,608.97
64.0,87.5,556.19,609.04
64.0,88.0,556.2,609.11
64.0,88.5,556.21,609.18
64.0,89.0,556.22,609.25
64.0,89.5,556.22,609.31
64.0,90.0,556.23,609.37
64.5,30.0,524.66,388.3
64.5,30.5,524.67,388.38
64.5,31.0,524.79,389.0
64.5,31.5,525.01,390.15
64.5,32.0,525.33,391.81
64.5,32.5,525.95,394.1
64.5,33.0,526.46,396.74
64.5,33.5,527.06,399.83
64.5,34.0,527.72,403.34
64.5,34.5,528.45,407.25
64.5,35.0,529.23,411.51
64.5,35.5,530.06,416.09
64.5,36.0,530.92,420.97
64.5,36.5,531.81,426.1
64.5,37.0,532.72,431.44
64.5,37.5,533.64,436.96
64.5,38.0,534.78,442.79
64.5,38.5,535.73,448.6
64.5,39.0,536.68,454.47
64.5,39.5,537.62,460.4
64.5,40.0,538.54,466.33
64.5,40.5,539.43,472.24
64.5,41.0,540.31,478.1
64.5,41.5,541.16,483.88
64.5,42.0,541.97,489.57
64.5,42.5,542.76,495.14
64.5,43.0,543.73,500.76
64.5,43.5,544.47,506.06
64.5,44.0,545.17,511.2
64.5,44.5,545.84,516.16
64.5,45.0,546.48,520.94
64.5,45.5,547.09,525.54
64.5,46.0,547.66,529.94
64.5,46.5,548.2,534.16
64.5,47.0,548.71,538.18
64.5,47.5,549.19,542.01
64.5,48.0,549.64,545.66
64.5,48.5,550.06,549.12
64.5,49.0,550.46,552.41
64.5,49.5,550.84,555.52
64.5,50.0,551.18,558.47
64.5,50.5,551.51,561.25
64.5,51.0,551.82,563.89
64.5,51.5,552.11,566.37
64.5,52.0,552.58,568.94
64.5,52.5,552.84,571.16
64.5,53.0,553.08,573.26
64.5,53.5,553.31,575.23
64.5,54.0,553.52,577.09
64.5,54.5,553.72,578.85
64.5,55.0,553.9,580.51
64.5,55.5,554.08,582.07
64.5,56.0,554.24,583.54
64.5,56.5,554.39,584.92
64.5,57.0,554.54,586.23
64.5,57.5,554.67,587.46
64.5,58.0,554.8,588.62
64.5,58.5,554.92,589.72
64.5,59.0,555.03,590.76
64.5,59.5,555.13,591.73
64.5,60.0,555.23,592.65
64.5,60.5,555.33,593.53
64.5,61.0,555.41,594.35
64.5,61.5,555.5,595.13
64.5,62.0,555.57,595.86
64.5,62.5,555.65,596.56
64.5,63.0,555.72,597.22
64.5,63.5,555.78,597.84
64.5,64.0,555.84,598.43
64.5,64.5,555.9,598.99
64.5,65.0,555.96,599.52
64.5,65.5,556.01,600.02
64.5,66.0,556.06,600.5
64.5,66.5,556.11,600.96
64.5,67.0,556.15,601.39
64.5,67.5,556.19,601.8
64.5,68.0,556.23,602.18
64.5,68.5,556.27,602.55
64.5,69.0,556.31,602.91
64.5,69.5,556.34,603.24
64.5,70.0,556.37,603.56
64.5,70.5,556.4,603.86
64.5,71.0,556.43,604.15
64.5,71.5,556.46,604.43
64.5,72.0,556.49,604.69
64.5,72.5,556.51,604.94
64.5,73.0,556.54,605.18
64.5,73.5,556.56,605.41
64.5,74.0,556.58,605.63
64.5,74.5,556.6,605.84
64.5,75.0,556.62,606.04
64.5,75.5,556.64,606.23
64.5,76.0,556.66,606.41
64.5,76.5,556.68,606.59
64.5,77.0,556.7,606.76
64.5,77.5,556.71,606.92
64.5,78.0,556.73,607.07
64.5,78.5,556.74,607.22
64.5,79.0,556.76,607.36
64.5,79.5,556.77,607.5
64.5,80.0,556.78,607.63
64.5,80.5,556.8,607.75
64.5,81.0,556.81,607.87
64.5,81.5,556.82,607.99
64.5,82.0,556.83,608.1
64.5,82.5,556.84,608.21
64.5,83.0,556.85,608.31
64.5,83.5,556.86,608.41
64.5,84.0,556.87,608.5
64.5,84.5,556.88,608.59
64.5,85.0,556.89,608.68
64.5,85.5,556.9,608.77
64.5,86.0,556.91,608.85
64.5,86.5,556.91,608.93
64.5,87.0,556.92,609.0
64.5,87.5,556.93,609.08
64.5,88.0,556.94,609.15
64.5,88.5,556.94,609.22
64.5,89.0,556.95,609.28
64.5,89.5,556.96,609.34
64.5,90.0,556.96,609.41
65.0,30.0,525.6,388.5
65.0,30.5,525.61,388.59
65.0,31.0,525.73,389.2
65.0,31.5,525.95,390.35
65.0,32.0,526.26,392.01
65.0,32.5,526.88,394.3
65.0,33.0,527.39,396.94
65.0,33.5,527.98,400.03
65.0,34.0,528.64,403.54
65.0,34.5,529.36,407.44
65.0,35.0,530.14,411.7
65.0,35.5,530.96,416.28
65.0,36.0,531.81,421.15
65.0,36.5,532.7,426.28
65.0,37.0,533.6,431.62
65.0,37.5,534.51,437.14
65.0,38.0,535.65,442.97
65.0,38.5,536.59,448.77
65.0,39.0,537.53,454.64
65.0,39.5,538.46,460.56
65.0,40.0,539.37,466.48
65.0,40.5,540.26,472.39
65.0,41.0,541.13,478.24
65.0,41.5,541.97,484.02
65.0,42.0,542.78,489.71
65.0,42.5,543.56,495.27
65.0,43.0,544.52,500.89
65.0,43.5,545.26,506.19
65.0,44.0,545.96,511.32
65.0,44.5,546.62,516.28
65.0,45.0,547.26,521.06
65.0,45.5,547.86,525.65
65.0,46.0,548.43,530.05
65.0,46.5,548.96,534.26
65.0,47.0,549.47,538.28
65.0,47.5,549.94,542.11
65.0,48.0,550.39,545.75
65.0,48.5,550.81,549.21
65.0,49.0,551.2,552.49
65.0,49.5,551.57,555.6
65.0,50.0,551.92,558.54
65.0,50.5,552.25,561.33
65.0,51.0,552.55,563.96
65.0,51.5,552.83,566.44
65.0,52.0,553.31,569.01
65.0,52.5,553.57,571.23
65.0,53.0,553.81,573.32
65.0,53.5,554.03,575.3
65.0,54.0,554.24,577.16
65.0,54.5,554.44,578.91
65.0,55.0,554.62,580.56
65.0,55.5,554.8,582.12
65.0,56.0,554.96,583.59
65.0,56.5,555.11,584.98
65.0,57.0,555.25,586.28
65.0,57.5,555.39,587.51
65.0,58.0,555.51,588.68
65.0,58.5,555.63,589.77
65.0,59.0,555.74,590.8
65.0,59.5,555.84,591.78
65.0,60.0,555.94,592.7
65.0,60.5,556.03,593.57
65.0,61.0,556.12,594.39
65.0,61.5,556.2,595.17
65.0,62.0,556.28,595.91
65.0,62.5,556.35,596.6
65.0,63.0,556.42,597.26
65.0,63.5,556.49,597.88
65.0,64.0,556.55,598.47
65.0,64.5,556.61,599.03
65.0,65.0,556.66,599.56
65.0,65.5,556.71,600.06
65.0,66.0,556.76,600.54
65.0,66.5,556.81,600.99
65.0,67.0,556.85,601.42
65.0,67.5,556.89,601.83
65.0,68.0,556.93,602.22
65.0,68.5,556.97,602.59
65.0,69.0,557.01,602.94
65.0,69.5,557.04,603.28
65.0,70.0,557.07,603.6
65.0,70.5,557.11,603.9
65.0,71.0,557.13,604.19
65.0,71.5,557.16,604.46
65.0,72.0,557.19,604.73
65.0,72.5,557.21,604.98
65.0,73.0,557.24,605.22
65.0,73.5,557.26,605.45
65.0,74.0,557.28,605.66
65.0,74.5,557.3,605.87
65.0,75.0,557.32,606.07
65.0,75.5,557.34,606.26
65.0,76.0,557.36,606.45
65.0,76.5,557.38,606.62
65.0,77.0,557.4,606.79
65.0,77.5,557.41,606.95
65.0,78.0,557.43,607.1
65.0,78.5,557.44,607.25
65.0,79.0,557.46,607.39
65.0,79.5,557.47,607.53
65.0,80.0,557.48,607.66
65.0,80.5,557.5,607.78
65.0,81.0,557.51,607.9
65.0,81.5,557.52,608.02
65.0,82.0,557.53,608.13
65.0,82.5,557.54,608.24
65.0,83.0,557.55,608.34
65.0,83.5,557.56,608.44
65.0,84.0,557.57,608.53
65.0,84.5,557.58,608.63
65.0,85.0,557.59,608.71
65.0,85.5,557.6,608.8
65.0,86.0,557.6,608.88
65.0,86.5,557.61,608.96
65.0,87.0,557.62,609.03
65.0,87.5,557.63,609.11
65.0,88.0,557.63,609.18
65.0,88.5,557.64,609.25
65.0,89.0,557.65,609.31
65.0,89.5,557.65,609.37
65.0,90.0,557.66,609.44
65.5,30.0,526.49,388.69
65.5,30.5,526.5,388.78
65.5,31.0,526.62,389.39
65.5,31.5,526.83,390.54
65.5,32.0,527.14,392.2
65.5,32.5,527.77,394.49
65.5,33.0,528.28,397.13
65.5,33.5,528.86,400.22
65.5,34.0,529.51,403.73
65.5,34.5,530.23,407.62
65.5,35.0,531.0,411.88
65.5,35.5,531.81,416.46
65.5,36.0,532.66,421.33
65.5,36.5,533.54,426.45
65.5,37.0,534.43,431.79
65.5,37.5,535.34,437.3
65.5,38.0,536.47,443.13
65.5,38.5,537.41,448.93
65.5,39.0,538.34,454.8
65.5,39.5,539.26,460.71
65.5,40.0,540.17,466.63
65.5,40.5,541.05,472.53
65.5,41.0,541.91,478.38
65.5,41.5,542.74,484.16
65.5,42.0,543.55,489.84
65.5,42.5,544.32,495.4
65.5,43.0,545.28,501.01
65.5,43.5,546.01,506.3
65.5,44.0,546.7,511.43
65.5,44.5,547.37,516.39
65.5,45.0,547.99,521.16
65.5,45.5,548.59,525.75
65.5,46.0,549.15,530.15
65.5,46.5,549.69,534.35
65.5,47.0,550.19,538.37
65.5,47.5,550.66,542.19
65.5,48.0,551.1,545.83
65.5,48.5,551.52,549.29
65.5,49.0,551.91,552.57
65.5,49.5,552.28,555.68
65.5,50.0,552.62,558.62
65.5,50.5,552.94,561.4
65.5,51.0,553.25,564.03
65.5,51.5,553.53,566.51
65.5,52.0,554.01,569.07
65.5,52.5,554.26,571.29
65.5,53.0,554.5,573.38
65.5,53.5,554.72,575.36
65.5,54.0,554.93,577.22
65.5,54.5,555.12,578.97
65.5,55.0,555.31,580.62
65.5,55.5,555.48,582.18
65.5,56.0,555.64,583.65
65.5,56.5,555.79,585.03
65.5,57.0,555.93,586.33
65.5,57.5,556.06,587.56
65.5,58.0,556.19,588.72
65.5,58.5,556.31,589.82
65.5,59.0,556.42,590.85
65.5,59.5,556.52,591.83
65.5,60.0,556.62,592.75
65.5,60.5,556.71,593.62
65.5,61.0,556.79,594.44
65.5,61.5,556.88,595.21
65.5,62.0,556.95,595.95
65.5,62.5,557.02,596.64
65.5,63.0,557.09,597.3
65.5,63.5,557.16,597.92
65.5,64.0,557.22,598.51
65.5,64.5,557.28,599.07
65.5,65.0,557.33,599.6
65.5,65.5,557.38,600.1
65.5,66.0,557.43,600.58
65.5,66.5,557.48,601.03
65.5,67.0,557.52,601.46
65.5,67.5,557.56,601.87
65.5,68.0,557.6,602.26
65.5,68.5,557.64,602.63
65.5,69.0,557.68,602.98
65.5,69.5,557.71,603.31
65.5,70.0,557.74,603.63
65.5,70.5,557.77,603.93
65.5,71.0,557.8,604.22
65.5,71.5,557.83,604.5
65.5,72.0,557.85,604.76
65.5,72.5,557.88,605.01
65.5,73.0,557.9,605.25
65.5,73.5,557.93,605.48
65.5,74.0,557.95,605.7
65.5,74.5,557.97,605.9
65.5,75.0,557.99,606.1
65.5,75.5,558.01,606.3
65.5,76.0,558.03,606.48
65.5,76.5,558.04,606.65
65.5,77.0,558.06,606.82
65.5,77.5,558.08,606.98
65.5,78.0,558.09,607.13
65.5,78.5,558.11,607.28
65.5,79.0,558.12,607.42
65.5,79.5,558.13,607.56
65.5,80.0,558.15,607.69
65.5,80.5,558.16,607.81
65.5,81.0,558.17,607.93
65.5,81.5,558.18,608.05
65.5,82.0,558.19,608.16
65.5,82.5,558.2,608.27
65.5,83.0,558.21,608.37
65.5,83.5,558.22,608.47
65.5,84.0,558.23,608.56
65.5,84.5,558.24,608.65
65.5,85.0,558.25,608.74
65.5,85.5,558.26,608.83
65.5,86.0,558.27,608.91
65.5,86.5,558.28,608.99
65.5,87.0,558.28,609.06
65.5,87.5,558.29,609.14
65.5,88.0,558.3,609.21
65.5,88.5,558.3,609.27
65.5,89.0,558.31,609.34
65.5,89.5,558.32,609.4
65.5,90.0,558.32,609.46
66.0,30.0,527.33,388.88
66.0,30.5,527.35,388.96
66.0,31.0,527.46,389.57
66.0,31.5,527.68,390.72
66.0,32.0,527.99,392.38
66.0,32.5,528.61,394.67
66.0,33.0,529.12,397.31
66.0,33.5,529.69,400.4
66.0,34.0,530.34,403.9
66.0,34.5,531.06,407.8
66.0,35.0,531.82,412.05
66.0,35.5,532.63,416.63
66.0,36.0,533.47,421.5
66.0,36.5,534.34,426.62
66.0,37.0,535.23,431.95
66.0,37.5,536.12,437.46
66.0,38.0,537.25,443.29
66.0,38.5,538.19,449.08
66.0,39.0,539.11,454.95
66.0,39.5,540.03,460.85
66.0,40.0,540.92,466.77
66.0,40.5,541.8,472.67
66.0,41.0,542.65,478.51
66.0,41.5,543.48,484.29
66.0,42.0,544.28,489.96
66.0,42.5,545.04,495.52
66.0,43.0,546.0,501.13
66.0,43.5,546.72,506.42
66.0,44.0,547.41,511.54
66.0,44.5,548.07,516.49
66.0,45.0,548.7,521.26
66.0,45.5,549.29,525.85
66.0,46.0,549.85,530.24
66.0,46.5,550.37,534.44
66.0,47.0,550.87,538.46
66.0,47.5,551.34,542.28
66.0,48.0,551.78,545.91
66.0,48.5,552.19,549.37
66.0,49.0,552.58,552.64
66.0,49.5,552.95,555.75
66.0,50.0,553.29,558.69
66.0,50.5,553.61,561.47
66.0,51.0,553.91,564.09
66.0,51.5,554.19,566.57
66.0,52.0,554.66,569.14
66.0,52.5,554.92,571.35
66.0,53.0,555.15,573.44
66.0,53.5,555.37,575.41
66.0,54.0,555.58,577.27
66.0,54.5,555.77,579.02
66.0,55.0,555.96,580.67
66.0,55.5,556.13,582.23
66.0,56.0,556.29,583.7
66.0,56.5,556.44,585.08
66.0,57.0,556.58,586.38
66.0,57.5,556.71,587.61
66.0,58.0,556.83,588.77
66.0,58.5,556.95,589.86
66.0,59.0,557.06,590.9
66.0,59.5,557.16,591.87
66.0,60.0,557.26,592.79
66.0,60.5,557.35,593.66
66.0,61.0,557.43,594.48
66.0,61.5,557.52,595.25
66.0,62.0,557.59,595.99
66.0,62.5,557.66,596.68
66.0,63.0,557.73,597.34
66.0,63.5,557.8,597.96
66.0,64.0,557.86,598.55
66.0,64.5,557.91,599.11
66.0,65.0,557.97,599.64
66.0,65.5,558.02,600.14
66.0,66.0,558.07,600.61
66.0,66.5,558.11,601.07
66.0,67.0,558.16,601.5
66.0,67.5,558.2,601.9
66.0,68.0,558.24,602.29
66.0,68.5,558.27,602.66
66.0,69.0,558.31,603.01
66.0,69.5,558.34,603.34
66.0,70.0,558.38,603.66
66.0,70.5,558.41,603.97
66.0,71.0,558.43,604.25
66.0,71.5,558.46,604.53
66.0,72.0,558.49,604.79
66.0,72.5,558.51,605.04
66.0,73.0,558.54,605.28
66.0,73.5,558.56,605.51
66.0,74.0,558.58,605.73
66.0,74.5,558.6,605.94
66.0,75.0,558.62,606.13
66.0,75.5,558.64,606.33
66.0,76.0,558.66,606.51
66.0,76.5,558.68,606.68
66.0,77.0,558.69,606.85
66.0,77.5,558.71,607.01
66.0,78.0,558.72,607.16
66.0,78.5,558.74,607.31
66.0,79.0,558.75,607.45
66.0,79.5,558.77,607.59
66.0,80.0,558.78,607.72
66.0,80.5,558.79,607.84
66.0,81.0,558.8,607.96
66.0,81.5,558.81,608.08
66.0,82.0,558.83,608.19
66.0,82.5,558.84,608.3
66.0,83.0,558.85,608.4
66.0,83.5,558.86,608.5
66.0,84.0,558.86,608.59
66.0,84.5,558.87,608.68
66.0,85.0,558.88,608.77
66.0,85.5,558.89,608.85
66.0,86.0,558.9,608.94
66.0,86.5,558.91,609.02
66.0,87.0,558.91,609.09
66.0,87.5,558.92,609.16
66.0,88.0,558.93,609.23
66.0,88.5,558.93,609.3
66.0,89.0,558.94,609.37
66.0,89.5,558.95,609.43
66.0,90.0,558.95,609.49
66.5,30.0,528.14,389.05
66.5,30.5,528.16,389.13
66.5,31.0,528.27,389.74
66.5,31.5,528.48,390.89
66.5,32.0,529.0,392.68
66.5,32.5,529.42,394.84
66.5,33.0,529.91,397.48
66.5,33.5,530.49,400.56
66.5,34.0,531.14,404.07
66.5,34.5,531.84,407.97
66.5,35.0,532.6,412.22
66.5,35.5,533.4,416.79
66.5,36.0,534.24,421.66
66.5,36.5,535.1,426.77
66.5,37.0,535.98,432.1
66.5,37.5,536.87,437.61
66.5,38.0,538.0,443.44
66.5,38.5,538.93,449.22
66.5,39.0,539.84,455.09
66.5,39.5,540.75,460.99
66.5,40.0,541.64,466.91
66.5,40.5,542.51,472.8
66.5,41.0,543.36,478.64
66.5,41.5,544.18,484.41
66.5,42.0,544.97,490.08
66.5,42.5,545.73,495.63
66.5,43.0,546.69,501.24
66.5,43.5,547.41,506.52
66.5,44.0,548.09,511.65
66.5,44.5,548.74,516.59
66.5,45.0,549.36,521.36
66.5,45.5,549.95,525.94
66.5,46.0,550.5,530.33
66.5,46.5,551.03,534.53
66.5,47.0,551.52,538.54
66.5,47.5,551.99,542.36
66.5,48.0,552.42,545.99
66.5,48.5,552.83,549.44
66.5,49.0,553.22,552.72
66.5,49.5,553.58,555.82
66.5,50.0,553.92,558.75
66.5,50.5,554.24,561.53
66.5,51.0,554.54,564.15
66.5,51.5,555.02,566.85
66.5,52.0,555.29,569.2
66.5,52.5,555.54,571.41
66.5,53.0,555.78,573.5
66.5,53.5,556.0,575.47
66.5,54.0,556.2,577.33
66.5,54.5,556.39,579.08
66.5,55.0,556.58,580.72
66.5,55.5,556.74,582.28
66.5,56.0,556.9,583.74
66.5,56.5,557.05,585.13
66.5,57.0,557.19,586.43
66.5,57.5,557.32,587.66
66.5,58.0,557.45,588.81
66.5,58.5,557.56,589.91
66.5,59.0,557.67,590.94
66.5,59.5,557.77,591.91
66.5,60.0,557.87,592.83
66.5,60.5,557.96,593.7
66.5,61.0,558.04,594.52
66.5,61.5,558.12,595.29
66.5,62.0,558.2,596.03
66.5,62.5,558.27,596.72
66.5,63.0,558.34,597.38
66.5,63.5,558.4,598.0
66.5,64.0,558.46,598.58
66.5,64.5,558.52,599.14
66.5,65.0,558.57,599.67
66.5,65.5,558.62,600.17
66.5,66.0,558.67,600.65
66.5,66.5,558.72,601.1
66.5,67.0,558.76,601.53
66.5,67.5,558.8,601.94
66.5,68.0,558.84,602.32
66.5,68.5,558.88,602.69
66.5,69.0,558.91,603.04
66.5,69.5,558.95,603.38
66.5,70.0,558.98,603.69
66.5,70.5,559.01,604.0
66.5,71.0,559.04,604.28
66.5,71.5,559.06,604.56
66.5,72.0,559.09,604.82
66.5,72.5,559.12,605.07
66.5,73.0,559.14,605.31
66.5,73.5,559.16,605.54
66.5,74.0,559.18,605.76
66.5,74.5,559.2,605.96
66.5,75.0,559.22,606.16
66.5,75.5,559.24,606.35
66.5,76.0,559.26,606.54
66.5,76.5,559.28,606.71
66.5,77.0,559.29,606.88
66.5,77.5,559.31,607.04
66.5,78.0,559.32,607.19
66.5,78.5,559.34,607.34
66.5,79.0,559.35,607.48
66.5,79.5,559.37,607.62
66.5,80.0,559.38,607.75
66.5,80.5,559.39,607.87
66.5,81.0,559.4,607.99
66.5,81.5,559.41,608.11
66.5,82.0,559.43,608.22
66.5,82.5,559.44,608.32
66.5,83.0,559.45,608.42
66.5,83.5,559.46,608.52
66.5,84.0,559.46,608.62
66.5,84.5,559.47,608.71
66.5,85.0,559.48,608.8
66.5,85.5,559.49,608.88
66.5,86.0,559.5,608.96
66.5,86.5,559.51,609.04
66.5,87.0,559.51,609.12
66.5,87.5,559.52,609.19
66.5,88.0,559.53,609.26
66.5,88.5,559.53,609.33
66.5,89.0,559.54,609.39
66.5,89.5,559.55,609.46
66.5,90.0,559.55,609.52
67.0,30.0,528.91,389.21
67.0,30.5,528.92,389.29
67.0,31.0,529.04,389.91
67.0,31.5,529.25,391.05
67.0,32.0,529.77,392.84
67.0,32.5,530.18,395.01
67.0,33.0,530.68,397.64
67.0,33.5,531.25,400.73
67.0,34.0,531.89,404.23
67.0,34.5,532.59,408.12
67.0,35.0,533.35,412.37
67.0,35.5,534.14,416.95
67.0,36.0,534.97,421.81
67.0,36.5,535.83,426.92
67.0,37.0,536.7,432.25
67.0,37.5,537.59,437.76
67.0,38.0,538.71,443.58
67.0,38.5,539.63,449.36
67.0,39.0,540.54,455.22
67.0,39.5,541.44,461.12
67.0,40.0,542.33,467.03
67.0,40.5,543.19,472.92
67.0,41.0,544.03,478.76
67.0,41.5,544.85,484.52
67.0,42.0,545.63,490.19
67.0,42.5,546.39,495.74
67.0,43.0,547.34,501.34
67.0,43.5,548.05,506.63
67.0,44.0,548.73,511.74
67.0,44.5,549.38,516.69
67.0,45.0,550.0,521.45
67.0,45.5,550.58,526.03
67.0,46.0,551.13,530.41
67.0,46.5,551.65,534.61
67.0,47.0,552.14,538.62
67.0,47.5,552.6,542.43
67.0,48.0,553.04,546.06
67.0,48.5,553.45,549.51
67.0,49.0,553.83,552.78
67.0,49.5,554.19,555.88
67.0,50.0,554.52,558.82
67.0,50.5,554.84,561.59
67.0,51.0,555.13,564.21
67.0,51.5,555.62,566.91
67.0,52.0,555.89,569.25
67.0,52.5,556.14,571.47
67.0,53.0,556.37,573.55
67.0,53.5,556.59,575.52
67.0,54.0,556.79,577.38
67.0,54.5,556.98,579.12
67.0,55.0,557.16,580.77
67.0,55.5,557.33,582.33
67.0,56.0,557.49,583.79
67.0,56.5,557.64,585.17
67.0,57.0,557.78,586.47
67.0,57.5,557.91,587.7
67.0,58.0,558.03,588.86
67.0,58.5,558.14,589.95
67.0,59.0,558.25,590.98
67.0,59.5,558.35,591.95
67.0,60.0,558.45,592.87
67.0,60.5,558.54,593.73
67.0,61.0,558.62,594.55
67.0,61.5,558.7,595.33
67.0,62.0,558.78,596.06
67.0,62.5,558.85,596.75
67.0,63.0,558.92,597.41
67.0,63.5,558.98,598.03
67.0,64.0,559.04,598.62
67.0,64.5,559.1,599.18
67.0,65.0,559.15,599.7
67.0,65.5,559.2,600.2
67.0,66.0,559.25,600.68
67.0,66.5,559.29,601.13
67.0,67.0,559.34,601.56
67.0,67.5,559.38,601.97
67.0,68.0,559.42,602.35
67.0,68.5,559.45,602.72
67.0,69.0,559.49,603.07
67.0,69.5,559.52,603.41
67.0,70.0,559.55,603.72
67.0,70.5,559.58,604.02
67.0,71.0,559.61,604.31
67.0,71.5,559.64,604.59
67.0,72.0,559.66,604.85
67.0,72.5,559.69,605.1
67.0,73.0,559.71,605.34
67.0,73.5,559.73,605.57
67.0,74.0,559.76,605.78
67.0,74.5,559.78,605.99
67.0,75.0,559.8,606.19
67.0,75.5,559.81,606.38
67.0,76.0,559.83,606.56
67.0,76.5,559.85,606.74
67.0,77.0,559.87,606.9
67.0,77.5,559.88,607.06
67.0,78.0,559.9,607.22
67.0,78.5,559.91,607.37
67.0,79.0,559.92,607.51
67.0,79.5,559.94,607.64
67.0,80.0,559.95,607.77
67.0,80.5,559.96,607.9
67.0,81.0,559.97,608.02
67.0,81.5,559.99,608.13
67.0,82.0,560.0,608.24
67.0,82.5,560.01,608.35
67.0,83.0,560.02,608.45
67.0,83.5,560.03,608.55
67.0,84.0,560.04,608.64
67.0,84.5,560.04,608.73
67.0,85.0,560.05,608.82
67.0,85.5,560.06,608.91
67.0,86.0,560.07,608.99
67.0,86.5,560.08,609.07
67.0,87.0,560.08,609.14
67.0,87.5,560.09,609.21
67.0,88.0,560.1,609.28
67.0,88.5,560.1,609.35
67.0,89.0,560.11,609.42
67.0,89.5,560.12,609.48
67.0,90.0,560.12,609.54
67.5,30.0,529.64,389.36
67.5,30.5,529.65,389.44
67.5,31.0,529.77,390.06
67.5,31.5,529.98,391.21
67.5,32.0,530.5,393.0
67.5,32.5,530.91,395.16
67.5,33.0,531.4,397.8
67.5,33.5,531.97,400.88
67.5,34.0,532.61,404.38
67.5,34.5,533.3,408.27
67.5,35.0,534.05,412.52
67.5,35.5,534.84,417.09
67.5,36.0,535.67,421.95
67.5,36.5,536.52,427.06
67.5,37.0,537.39,432.39
67.5,37.5,538.27,437.89
67.5,38.0,539.39,443.71
67.5,38.5,540.3,449.49
67.5,39.0,541.21,455.35
67.5,39.5,542.1,461.25
67.5,40.0,542.98,467.15
67.5,40.5,543.84,473.04
67.5,41.0,544.68,478.87
67.5,41.5,545.48,484.63
67.5,42.0,546.26,490.29
67.5,42.5,547.01,495.84
67.5,43.0,547.96,501.44
67.5,43.5,548.67,506.72
67.5,44.0,549.35,511.84
67.5,44.5,549.99,516.78
67.5,45.0,550.6,521.54
67.5,45.5,551.18,526.11
67.5,46.0,551.73,530.49
67.5,46.5,552.24,534.69
67.5,47.0,552.73,538.69
67.5,47.5,553.19,542.5
67.5,48.0,553.62,546.13
67.5,48.5,554.03,549.58
67.5,49.0,554.41,552.85
67.5,49.5,554.76,555.94
67.5,50.0,555.1,558.88
67.5,50.5,555.41,561.65
67.5,51.0,555.7,564.27
67.5,51.5,556.19,566.96
67.5,52.0,556.46,569.31
67.5,52.5,556.7,571.52
67.5,53.0,556.94,573.6
67.5,53.5,557.15,575.57
67.5,54.0,557.36,577.42
67.5,54.5,557.55,579.17
67.5,55.0,557.72,580.82
67.5,55.5,557.89,582.37
67.5,56.0,558.05,583.83
67.5,56.5,558.19,585.21
67.5,57.0,558.33,586.51
67.5,57.5,558.46,587.74
67.5,58.0,558.58,588.89
67.5,58.5,558.7,589.99
67.5,59.0,558.8,591.01
67.5,59.5,558.91,591.99
67.5,60.0,559.0,592.9
67.5,60.5,559.09,593.77
67.5,61.0,559.17,594.59
67.5,61.5,559.25,595.36
67.5,62.0,559.33,596.09
67.5,62.5,559.4,596.79
67.5,63.0,559.47,597.44
67.5,63.5,559.53,598.06
67.5,64.0,559.59,598.65
67.5,64.5,559.64,599.21
67.5,65.0,559.7,599.73
67.5,65.5,559.75,600.24
67.5,66.0,559.8,600.71
67.5,66.5,559.84,601.16
67.5,67.0,559.88,601.59
67.5,67.5,559.92,602.0
67.5,68.0,559.96,602.38
67.5,68.5,560.0,602.75
67.5,69.0,560.03,603.1
67.5,69.5,560.07,603.43
67.5,70.0,560.1,603.75
67.5,70.5,560.13,604.05
67.5,71.0,560.16,604.34
67.5,71.5,560.18,604.61
67.5,72.0,560.21,604.88
67.5,72.5,560.23,605.13
67.5,73.0,560.26,605.36
67.5,73.5,560.28,605.59
67.5,74.0,560.3,605.81
67.5,74.5,560.32,606.02
67.5,75.0,560.34,606.22
67.5,75.5,560.36,606.41
67.5,76.0,560.38,606.59
67.5,76.5,560.39,606.76
67.5,77.0,560.41,606.93
67.5,77.5,560.43,607.09
67.5,78.0,560.44,607.24
67.5,78.5,560.45,607.39
67.5,79.0,560.47,607.53
67.5,79.5,560.48,607.67
67.5,80.0,560.49,607.8
67.5,80.5,560.51,607.92
67.5,81.0,560.52,608.04
67.5,81.5,560.53,608.16
67.5,82.0,560.54,608.27
67.5,82.5,560.55,608.37
67.5,83.0,560.56,608.47
67.5,83.5,560.57,608.57
67.5,84.0,560.58,608.67
67.5,84.5,560.59,608.76
67.5,85.0,560.6,608.85
67.5,85.5,560.6,608.93
67.5,86.0,560.61,609.01
67.5,86.5,560.62,609.09
67.5,87.0,560.63,609.17
67.5,87.5,560.63,609.24
67.5,88.0,560.64,609.31
67.5,88.5,560.65,609.38
67.5,89.0,560.65,609.44
67.5,89.5,560.66,609.5
67.5,90.0,560.67,609.57
68.0,30.0,530.34,389.51
68.0,30.5,530.35,389.59
68.0,31.0,530.46,390.21
68.0,31.5,530.67,391.35
68.0,32.0,531.2,393.15
68.0,32.5,531.6,395.31
68.0,33.0,532.09,397.94
68.0,33.5,532.66,401.02
68.0,34.0,533.29,404.52
68.0,34.5,533.98,408.42
68.0,35.0,534.73,412.66
68.0,35.5,535.51,417.23
68.0,36.0,536.33,422.09
68.0,36.5,537.18,427.2
68.0,37.0,538.04,432.52
68.0,37.5,538.91,438.02
68.0,38.0,540.03,443.84
68.0,38.5,540.94,449.62
68.0,39.0,541.84,455.47
68.0,39.5,542.73,461.36
68.0,40.0,543.6,467.27
68.0,40.5,544.46,473.15
68.0,41.0,545.29,478.98
68.0,41.5,546.09,484.74
68.0,42.0,546.86,490.4
68.0,42.5,547.61,495.93
68.0,43.0,548.56,501.54
68.0,43.5,549.26,506.81
68.0,44.0,549.93,511.92
68.0,44.5,550.57,516.86
68.0,45.0,551.18,521.62
68.0,45.5,551.75,526.19
68.0,46.0,552.3,530.57
68.0,46.5,552.81,534.76
68.0,47.0,553.29,538.76
68.0,47.5,553.75,542.57
68.0,48.0,554.18,546.2
68.0,48.5,554.58,549.64
68.0,49.0,554.96,552.91
68.0,49.5,555.31,556.0
68.0,50.0,555.64,558.93
68.0,50.5,555.96,561.7
68.0,51.0,556.25,564.32
68.0,51.5,556.74,567.02
68.0,52.0,557.0,569.36
68.0,52.5,557.24,571.57
68.0,53.0,557.47,573.65
68.0,53.5,557.69,575.62
68.0,54.0,557.89,577.47
68.0,54.5,558.08,579.22
68.0,55.0,558.26,580.86
68.0,55.5,558.42,582.41
68.0,56.0,558.58,583.87
68.0,56.5,558.73,585.25
68.0,57.0,558.86,586.55
68.0,57.5,558.99,587.78
68.0,58.0,559.11,588.93
68.0,58.5,559.23,590.02
68.0,59.0,559.33,591.05
68.0,59.5,559.43,592.02
68.0,60.0,559.53,592.94
68.0,60.5,559.62,593.8
68.0,61.0,559.7,594.62
68.0,61.5,559.78,595.4
68.0,62.0,559.85,596.13
68.0,62.5,559.92,596.82
68.0,63.0,559.99,597.47
68.0,63.5,560.05,598.09
68.0,64.0,560.11,598.68
68.0,64.5,560.17,599.24
68.0,65.0,560.22,599.76
68.0,65.5,560.27,600.26
68.0,66.0,560.32,600.74
68.0,66.5,560.36,601.19
68.0,67.0,560.4,601.62
68.0,67.5,560.44,602.02
68.0,68.0,560.48,602.41
68.0,68.5,560.52,602.78
68.0,69.0,560.55,603.13
68.0,69.5,560.59,603.46
68.0,70.0,560.62,603.78
68.0,70.5,560.65,604.08
68.0,71.0,560.68,604.37
68.0,71.5,560.7,604.64
68.0,72.0,560.73,604.9
68.0,72.5,560.75,605.15
68.0,73.0,560.78,605.39
68.0,73.5,560.8,605.62
68.0,74.0,560.82,605.83
68.0,74.5,560.84,606.04
68.0,75.0,560.86,606.24
68.0,75.5,560.88,606.43
68.0,76.0,560.89,606.61
68.0,76.5,560.91,606.79
68.0,77.0,560.93,606.95
68.0,77.5,560.94,607.11
68.0,78.0,560.96,607.27
68.0,78.5,560.97,607.41
68.0,79.0,560.99,607.55
68.0,79.5,561.0,607.69
68.0,80.0,561.01,607.82
68.0,80.5,561.02,607.94
68.0,81.0,561.04,608.06
68.0,81.5,561.05,608.18
68.0,82.0,561.06,608.29
68.0,82.5,561.07,608.39
68.0,83.0,561.08,608.5
68.0,83.5,561.09,608.6
68.0,84.0,561.1,608.69
68.0,84.5,561.1,608.78
68.0,85.0,561.11,608.87
68.0,85.5,561.12,608.95
68.0,86.0,561.13,609.03
68.0,86.5,561.14,609.11
68.0,87.0,561.14,609.19
68.0,87.5,561.15,609.26
68.0,88.0,561.16,609.33
68.0,88.5,561.16,609.4
68.0,89.0,561.17,609.46
68.0,89.5,561.18,609.53
68.0,90.0,561.18,609.59
68.5,30.0,531.0,389.65
68.5,30.5,531.01,389.73
68.5,31.0,531.13,390.35
68.5,31.5,531.33,391.49
68.5,32.0,531.86,393.29
68.5,32.5,532.26,395.45
68.5,33.0,532.75,398.08
68.5,33.5,533.31,401.16
68.5,34.0,533.94,404.66
68.5,34.5,534.63,408.55
68.5,35.0,535.37,412.8
68.5,35.5,536.15,417.36
68.5,36.0,536.97,422.22
68.5,36.5,537.81,427.33
68.5,37.0,538.66,432.65
68.5,37.5,539.53,438.14
68.5,38.0,540.64,443.96
68.5,38.5,541.55,449.74
68.5,39.0,542.44,455.59
68.5,39.5,543.33,461.48
68.5,40.0,544.19,467.38
68.5,40.5,545.04,473.25
68.5,41.0,545.87,479.08
68.5,41.5,546.67,484.84
68.5,42.0,547.44,490.49
68.5,42.5,548.18,496.03
68.5,43.0,549.12,501.63
68.5,43.5,549.82,506.9
68.5,44.0,550.49,512.01
68.5,44.5,551.12,516.94
68.5,45.0,551.72,521.7
68.5,45.5,552.3,526.27
68.5,46.0,552.84,530.64
68.5,46.5,553.35,534.83
68.5,47.0,553.83,538.83
68.5,47.5,554.28,542.64
68.5,48.0,554.71,546.26
68.5,48.5,555.11,549.7
68.5,49.0,555.48,552.97
68.5,49.5,555.83,556.06
68.5,50.0,556.16,558.99
68.5,50.5,556.47,561.76
68.5,51.0,556.97,564.59
68.5,51.5,557.25,567.07
68.5,52.0,557.51,569.41
68.5,52.5,557.76,571.62
68.5,53.0,557.99,573.7
68.5,53.5,558.2,575.66
68.5,54.0,558.4,577.51
68.5,54.5,558.59,579.26
68.5,55.0,558.77,580.9
68.5,55.5,558.93,582.45
68.5,56.0,559.09,583.91
68.5,56.5,559.23,585.29
68.5,57.0,559.37,586.59
68.5,57.5,559.5,587.81
68.5,58.0,559.62,588.97
68.5,58.5,559.73,590.06
68.5,59.0,559.83,591.08
68.5,59.5,559.93,592.05
68.5,60.0,560.03,592.97
68.5,60.5,560.12,593.84
68.5,61.0,560.2,594.65
68.5,61.5,560.28,595.43
68.5,62.0,560.35,596.16
68.5,62.5,560.42,596.85
68.5,63.0,560.49,597.5
68.5,63.5,560.55,598.12
68.5,64.0,560.61,598.71
68.5,64.5,560.66,599.27
68.5,65.0,560.72,599.79
68.5,65.5,560.77,600.29
68.5,66.0,560.81,600.77
68.5,66.5,560.86,601.22
68.5,67.0,560.9,601.64
68.5,67.5,560.94,602.05
68.5,68.0,560.98,602.44
68.5,68.5,561.01,602.8
68.5,69.0,561.05,603.15
68.5,69.5,561.08,603.49
68.5,70.0,561.11,603.8
68.5,70.5,561.14,604.1
68.5,71.0,561.17,604.39
68.5,71.5,561.2,604.66
68.5,72.0,561.22,604.93
68.5,72.5,561.25,605.18
68.5,73.0,561.27,605.41
68.5,73.5,561.29,605.64
68.5,74.0,561.31,605.86
68.5,74.5,561.33,606.07
68.5,75.0,561.35,606.26
68.5,75.5,561.37,606.45
68.5,76.0,561.39,606.64
68.5,76.5,561.41,606.81
68.5,77.0,561.42,606.98
68.5,77.5,561.44,607.14
68.5,78.0,561.45,607.29
68.5,78.5,561.47,607.44
68.5,79.0,561.48,607.58
68.5,79.5,561.49,607.71
68.5,80.0,561.51,607.84
68.5,80.5,561.52,607.97
68.5,81.0,561.53,608.09
68.5,81.5,561.54,608.2
68.5,82.0,561.55,608.31
68.5,82.5,561.56,608.42
68.5,83.0,561.57,608.52
68.5,83.5,561.58,608.62
68.5,84.0,561.59,608.71
68.5,84.5,561.6,608.8
68.5,85.0,561.61,608.89
68.5,85.5,561.61,608.97
68.5,86.0,561.62,609.05
68.5,86.5,561.63,609.13
68.5,87.0,561.64,609.21
68.5,87.5,561.64,609.28
68.5,88.0,561.65,609.35
68.5,88.5,561.66,609.42
68.5,89.0,561.66,609.48
68.5,89.5,561.67,609.55
68.5,90.0,561.67,609.61
69.0,30.0,531.63,389.78
69.0,30.5,531.65,389.86
69.0,31.0,531.76,390.48
69.0,31.5,532.18,391.76
69.0,32.0,532.49,393.42
69.0,32.5,532.89,395.58
69.0,33.0,533.38,398.21
69.0,33.5,533.93,401.29
69.0,34.0,534.56,404.79
69.0,34.5,535.25,408.68
69.0,35.0,535.98,412.92
69.0,35.5,536.76,417.49
69.0,36.0,537.57,422.34
69.0,36.5,538.41,427.45
69.0,37.0,539.26,432.76
69.0,37.5,540.12,438.26
69.0,38.0,541.23,444.08
69.0,38.5,542.13,449.85
69.0,39.0,543.02,455.7
69.0,39.5,543.9,461.58
69.0,40.0,544.76,467.48
69.0,40.5,545.6,473.36
69.0,41.0,546.42,479.18
69.0,41.5,547.22,484.93
69.0,42.0,547.98,490.58
69.0,42.5,548.93,496.3
69.0,43.0,549.66,501.72
69.0,43.5,550.35,506.98
69.0,44.0,551.02,512.09
69.0,44.5,551.65,517.02
69.0,45.0,552.25,521.77
69.0,45.5,552.82,526.34
69.0,46.0,553.35,530.71
69.0,46.5,553.86,534.9
69.0,47.0,554.34,538.89
69.0,47.5,554.79,542.7
69.0,48.0,555.21,546.32
69.0,48.5,555.61,549.76
69.0,49.0,555.98,553.02
69.0,49.5,556.33,556.11
69.0,50.0,556.66,559.04
69.0,50.5,556.97,561.81
69.0,51.0,557.47,564.64
69.0,51.5,557.75,567.11
69.0,52.0,558.01,569.45
69.0,52.5,558.25,571.66
69.0,53.0,558.48,573.74
69.0,53.5,558.69,575.7
69.0,54.0,558.89,577.55
69.0,54.5,559.07,579.3
69.0,55.0,559.25,580.94
69.0,55.5,559.41,582.49
69.0,56.0,559.57,583.95
69.0,56.5,559.71,585.33
69.0,57.0,559.85,586.62
69.0,57.5,559.98,587.85
69.0,58.0,560.09,589.0
69.0,58.5,560.21,590.09
69.0,59.0,560.31,591.12
69.0,59.5,560.41,592.09
69.0,60.0,560.51,593.0
69.0,60.5,560.59,593.87
69.0,61.0,560.68,594.68
69.0,61.5,560.75,595.46
69.0,62.0,560.83,596.19
69.0,62.5,560.9,596.88
69.0,63.0,560.96,597.53
69.0,63.5,561.02,598.15
69.0,64.0,561.08,598.74
69.0,64.5,561.14,599.29
69.0,65.0,561.19,599.82
69.0,65.5,561.24,600.32
69.0,66.0,561.29,600.79
69.0,66.5,561.33,601.24
69.0,67.0,561.37,601.67
69.0,67.5,561.41,602.08
69.0,68.0,561.45,602.46
69.0,68.5,561.49,602.83
69.0,69.0,561.52,603.18
69.0,69.5,561.55,603.51
69.0,70.0,561.58,603.83
69.0,70.5,561.61,604.13
69.0,71.0,561.64,604.41
69.0,71.5,561.67,604.69
69.0,72.0,561.69,604.95
69.0,72.5,561.72,605.2
69.0,73.0,561.74,605.44
69.0,73.5,561.76,605.66
69.0,74.0,561.78,605.88
69.0,74.5,561.8,606.09
69.0,75.0,561.82,606.29
69.0,75.5,561.84,606.48
69.0,76.0,561.86,606.66
69.0,76.5,561.88,606.83
69.0,77.0,561.89,607.0
69.0,77.5,561.91,607.16
69.0,78.0,561.92,607.31
69.0,78.5,561.94,607.46
69.0,79.0,561.95,607.6
69.0,79.5,561.96,607.73
69.0,80.0,561.97,607.86
69.0,80.5,561.99,607.99
69.0,81.0,562.0,608.11
69.0,81.5,562.01,608.22
69.0,82.0,562.02,608.33
69.0,82.5,562.03,608.44
69.0,83.0,562.04,608.54
69.0,83.5,562.05,608.64
69.0,84.0,562.06,608.73
69.0,84.5,562.07,608.82
69.0,85.0,562.07,608.91
69.0,85.5,562.08,608.99
69.0,86.0,562.09,609.08
69.0,86.5,562.1,609.15
69.0,87.0,562.11,609.23
69.0,87.5,562.11,609.3
69.0,88.0,562.12,609.37
69.0,88.5,562.13,609.44
69.0,89.0,562.13,609.5
69.0,89.5,562.14,609.57
69.0,90.0,562.14,609.63
69.5,30.0,532.24,389.91
69.5,30.5,532.25,389.99
69.5,31.0,532.36,390.61
69.5,31.5,532.79,391.89
69.5,32.0,533.1,393.55
69.5,32.5,533.49,395.71
69.5,33.0,533.97,398.34
69.5,33.5,534.53,401.42
69.5,34.0,535.15,404.92
69.5,34.5,535.83,408.8
69.5,35.0,536.57,413.05
69.5,35.5,537.34,417.61
69.5,36.0,538.15,422.46
69.5,36.5,538.98,427.56
69.5,37.0,539.82,432.88
69.5,37.5,540.68,438.37
69.5,38.0,541.79,444.19
69.5,38.5,542.68,449.96
69.5,39.0,543.56,455.8
69.5,39.5,544.44,461.69
69.5,40.0,545.3,467.58
69.5,40.5,546.14,473.45
69.5,41.0,546.95,479.27
69.5,41.5,547.74,485.02
69.5,42.0,548.5,490.67
69.5,42.5,549.45,496.38
69.5,43.0,550.17,501.8
69.5,43.5,550.86,507.06
69.5,44.0,551.52,512.17
69.5,44.5,552.15,517.09
69.5,45.0,552.75,521.84
69.5,45.5,553.31,526.41
69.5,46.0,553.84,530.78
69.5,46.5,554.35,534.96
69.5,47.0,554.82,538.95
69.5,47.5,555.27,542.76
69.5,48.0,555.69,546.38
69.5,48.5,556.09,549.81
69.5,49.0,556.46,553.07
69.5,49.5,556.81,556.16
69.5,50.0,557.13,559.09
69.5,50.5,557.44,561.85
69.5,51.0,557.94,564.68
69.5,51.5,558.22,567.16
69.5,52.0,558.47,569.5
69.5,52.5,558.71,571.7
69.5,53.0,558.94,573.78
69.5,53.5,559.15,575.74
69.5,54.0,559.35,577.59
69.5,54.5,559.54,579.34
69.5,55.0,559.71,580.98
69.5,55.5,559.88,582.53
69.5,56.0,560.03,583.99
69.5,56.5,560.17,585.36
69.5,57.0,560.31,586.66
69.5,57.5,560.43,587.88
69.5,58.0,560.55,589.03
69.5,58.5,560.66,590.12
69.5,59.0,560.77,591.15
69.5,59.5,560.87,592.12
69.5,60.0,560.96,593.03
69.5,60.5,561.05,593.9
69.5,61.0,561.13,594.71
69.5,61.5,561.21,595.48
69.5,62.0,561.28,596.21
69.5,62.5,561.35,596.9
69.5,63.0,561.42,597.56
69.5,63.5,561.48,598.18
69.5,64.0,561.53,598.76
69.5,64.5,561.59,599.32
69.5,65.0,561.64,599.84
69.5,65.5,561.69,600.34
69.5,66.0,561.74,600.82
69.5,66.5,561.78,601.27
69.5,67.0,561.82,601.69
69.5,67.5,561.86,602.1
69.5,68.0,561.9,602.48
69.5,68.5,561.94,602.85
69.5,69.0,561.97,603.2
69.5,69.5,562.0,603.53
69.5,70.0,562.03,603.85
69.5,70.5,562.06,604.15
69.5,71.0,562.09,604.44
69.5,71.5,562.12,604.71
69.5,72.0,562.14,604.97
69.5,72.5,562.17,605.22
69.5,73.0,562.19,605.46
69.5,73.5,562.21,605.69
69.5,74.0,562.23,605.9
69.5,74.5,562.25,606.11
69.5,75.0,562.27,606.31
69.5,75.5,562.29,606.5
69.5,76.0,562.31,606.68
69.5,76.5,562.32,606.85
69.5,77.0,562.34,607.02
69.5,77.5,562.36,607.18
69.5,78.0,562.37,607.33
69.5,78.5,562.38,607.48
69.5,79.0,562.4,607.62
69.5,79.5,562.41,607.75
69.5,80.0,562.42,607.88
69.5,80.5,562.43,608.01
69.5,81.0,562.45,608.13
69.5,81.5,562.46,608.24
69.5,82.0,562.47,608.35
69.5,82.5,562.48,608.46
69.5,83.0,562.49,608.56
69.5,83.5,562.5,608.66
69.5,84.0,562.51,608.75
69.5,84.5,562.51,608.84
69.5,85.0,562.52,608.93
69.5,85.5,562.53,609.01
69.5,86.0,562.54,609.09
69.5,86.5,562.55,609.17
69.5,87.0,562.55,609.25
69.5,87.5,562.56,609.32
69.5,88.0,562.57,609.39
69.5,88.5,562.57,609.46
69.5,89.0,562.58,609.52
69.5,89.5,562.58,609.59
69.5,90.0,562.59,609.65
70.0,30.0,532.81,390.03
70.0,30.5,532.83,390.11
70.0,31.0,532.94,390.73
70.0,31.5,533.36,392.01
70.0,32.0,533.67,393.67
70.0,32.5,534.07,395.83
70.0,33.0,534.54,398.46
70.0,33.5,535.1,401.54
70.0,34.0,535.72,405.03
70.0,34.5,536.4,408.92
70.0,35.0,537.12,413.16
70.0,35.5,537.89,417.72
70.0,36.0,538.69,422.57
70.0,36.5,539.52,427.67
70.0,37.0,540.36,432.99
70.0,37.5,541.43,438.63
70.0,38.0,542.32,444.29
70.0,38.5,543.21,450.06
70.0,39.0,544.09,455.9
70.0,39.5,544.96,461.78
70.0,40.0,545.81,467.67
70.0,40.5,546.64,473.54
70.0,41.0,547.45,479.36
70.0,41.5,548.24,485.11
70.0,42.0,549.0,490.75
70.0,42.5,549.94,496.46
70.0,43.0,550.66,501.88
70.0,43.5,551.35,507.14
70.0,44.0,552.0,512.24
70.0,44.5,552.63,517.16
70.0,45.0,553.22,521.91
70.0,45.5,553.78,526.47
70.0,46.0,554.31,530.84
70.0,46.5,554.82,535.02
70.0,47.0,555.29,539.01
70.0,47.5,555.73,542.81
70.0,48.0,556.15,546.43
70.0,48.5,556.55,549.87
70.0,49.0,556.91,553.12
70.0,49.5,557.26,556.21
70.0,50.0,557.59,559.13
70.0,50.5,557.89,561.9
70.0,51.0,558.39,564.73
70.0,51.5,558.66,567.2
70.0,52.0,558.92,569.54
70.0,52.5,559.16,571.74
70.0,53.0,559.39,573.82
70.0,53.5,559.6,575.78
70.0,54.0,559.79,577.63
70.0,54.5,559.98,579.37
70.0,55.0,560.15,581.01
70.0,55.5,560.31,582.56
70.0,56.0,560.47,584.02
70.0,56.5,560.61,585.39
70.0,57.0,560.74,586.69
70.0,57.5,560.87,587.91
70.0,58.0,560.99,589.06
70.0,58.5,561.1,590.15
70.0,59.0,561.2,591.18
70.0,59.5,561.3,592.15
70.0,60.0,561.39,593.06
70.0,60.5,561.48,593.92
70.0,61.0,561.56,594.74
70.0,61.5,561.64,595.51
70.0,62.0,561.71,596.24
70.0,62.5,561.78,596.93
70.0,63.0,561.85,597.58
70.0,63.5,561.91,598.2
70.0,64.0,561.97,598.79
70.0,64.5,562.02,599.34
70.0,65.0,562.07,599.87
70.0,65.5,562.12,600.37
70.0,66.0,562.17,600.84
70.0,66.5,562.21,601.29
70.0,67.0,562.25,601.72
70.0,67.5,562.29,602.12
70.0,68.0,562.33,602.51
70.0,68.5,562.37,602.87
70.0,69.0,562.4,603.22
70.0,69.5,562.43,603.55
70.0,70.0,562.46,603.87
70.0,70.5,562.49,604.17
70.0,71.0,562.52,604.46
70.0,71.5,562.55,604.73
70.0,72.0,562.57,604.99
70.0,72.5,562.6,605.24
70.0,73.0,562.62,605.48
70.0,73.5,562.64,605.71
70.0,74.0,562.66,605.92
70.0,74.5,562.68,606.13
70.0,75.0,562.7,606.33
70.0,75.5,562.72,606.52
70.0,76.0,562.73,606.7
70.0,76.5,562.75,606.87
70.0,77.0,562.77,607.04
70.0,77.5,562.78,607.2
70.0,78.0,562.8,607.35
70.0,78.5,562.81,607.5
70.0,79.0,562.82,607.64
70.0,79.5,562.84,607.77
70.0,80.0,562.85,607.9
70.0,80.5,562.86,608.03
70.0,81.0,562.87,608.15
70.0,81.5,562.88,608.26
70.0,82.0,562.89,608.37
70.0,82.5,562.9,608.48
70.0,83.0,562.91,608.58
70.0,83.5,562.92,608.68
70.0,84.0,562.93,608.77
70.0,84.5,562.94,608.86
70.0,85.0,562.95,608.95
70.0,85.5,562.96,609.03
70.0,86.0,562.96,609.11
70.0,86.5,562.97,609.19
70.0,87.0,562.98,609.27
70.0,87.5,562.99,609.34
70.0,88.0,562.99,609.41
70.0,88.5,563.0,609.48
70.0,89.0,563.0,609.54
70.0,89.5,563.01,609.6
70.0,90.0,563.02,609.66
70.5,30.0,533.36,390.15
70.5,30.5,533.37,390.23
70.5,31.0,533.48,390.84
70.5,31.5,533.91,392.12
70.5,32.0,534.22,393.79
70.5,32.5,534.61,395.94
70.5,33.0,535.09,398.57
70.5,33.5,535.64,401.65
70.5,34.0,536.26,405.15
70.5,34.5,536.93,409.03
70.5,35.0,537.65,413.27
70.5,35.5,538.42,417.83
70.5,36.0,539.22,422.68
70.5,36.5,540.04,427.78
70.5,37.0,540.88,433.09
70.5,37.5,541.94,438.73
70.5,38.0,542.83,444.39
70.5,38.5,543.71,450.16
70.5,39.0,544.59,456.0
70.5,39.5,545.45,461.88
70.5,40.0,546.3,467.76
70.5,40.5,547.13,473.63
70.5,41.0,547.93,479.45
70.5,41.5,548.72,485.19
70.5,42.0,549.47,490.83
70.5,42.5,550.41,496.54
70.5,43.0,551.13,501.95
70.5,43.5,551.81,507.21
70.5,44.0,552.46,512.31
70.5,44.5,553.08,517.23
70.5,45.0,553.67,521.97
70.5,45.5,554.23,526.53
70.5,46.0,554.76,530.9
70.5,46.5,555.26,535.08
70.5,47.0,555.73,539.07
70.5,47.5,556.17,542.87
70.5,48.0,556.59,546.48
70.5,48.5,556.98,549.91
70.5,49.0,557.35,553.17
70.5,49.5,557.69,556.26
70.5,50.0,558.02,559.18
70.5,50.5,558.32,561.94
70.5,51.0,558.82,564.77
70.5,51.5,559.09,567.24
70.5,52.0,559.35,569.58
70.5,52.5,559.59,571.78
70.5,53.0,559.81,573.86
70.5,53.5,560.02,575.82
70.5,54.0,560.22,577.67
70.5,54.5,560.4,579.41
70.5,55.0,560.57,581.05
70.5,55.5,560.73,582.59
70.5,56.0,560.89,584.05
70.5,56.5,561.03,585.42
70.5,57.0,561.16,586.72
70.5,57.5,561.29,587.94
70.5,58.0,561.4,589.09
70.5,58.5,561.51,590.18
70.5,59.0,561.62,591.2
70.5,59.5,561.72,592.17
70.5,60.0,561.81,593.09
70.5,60.5,561.9,593.95
70.5,61.0,561.98,594.77
70.5,61.5,562.05,595.54
70.5,62.0,562.13,596.27
70.5,62.5,562.19,596.96
70.5,63.0,562.26,597.61
70.5,63.5,562.32,598.23
70.5,64.0,562.38,598.81
70.5,64.5,562.43,599.37
70.5,65.0,562.48,599.89
70.5,65.5,562.53,600.39
70.5,66.0,562.58,600.86
70.5,66.5,562.62,601.31
70.5,67.0,562.66,601.74
70.5,67.5,562.7,602.14
70.5,68.0,562.74,602.53
70.5,68.5,562.78,602.89
70.5,69.0,562.81,603.24
70.5,69.5,562.84,603.57
70.5,70.0,562.87,603.89
70.5,70.5,562.9,604.19
70.5,71.0,562.93,604.48
70.5,71.5,562.95,604.75
70.5,72.0,562.98,605.01
70.5,72.5,563.0,605.26
70.5,73.0,563.03,605.5
70.5,73.5,563.05,605.73
70.5,74.0,563.07,605.94
70.5,74.5,563.09,606.15
70.5,75.0,563.11,606.35
70.5,75.5,563.13,606.54
70.5,76.0,563.14,606.72
70.5,76.5,563.16,606.89
70.5,77.0,563.17,607.06
70.5,77.5,563.19,607.22
70.5,78.0,563.2,607.37
70.5,78.5,563.22,607.52
70.5,79.0,563.23,607.66
70.5,79.5,563.24,607.79
70.5,80.0,563.26,607.92
70.5,80.5,563.27,608.04
70.5,81.0,563.28,608.16
70.5,81.5,563.29,608.28
70.5,82.0,563.3,608.39
70.5,82.5,563.31,608.49
70.5,83.0,563.32,608.6
70.5,83.5,563.33,608.69
70.5,84.0,563.34,608.79
70.5,84.5,563.35,608.88
70.5,85.0,563.36,608.97
70.5,85.5,563.36,609.05
70.5,86.0,563.37,609.13
70.5,86.5,563.38,609.21
70.5,87.0,563.39,609.28
70.5,87.5,563.39,609.36
70.5,88.0,563.4,609.43
70.5,88.5,563.41,609.49
70.5,89.0,563.41,609.56
70.5,89.5,563.42,609.62
70.5,90.0,563.42,609.68
71.0,30.0,533.88,390.26
71.0,30.5,533.9,390.34
71.0,31.0,534.23,391.09
71.0,31.5,534.44,392.23
71.0,32.0,534.74,393.9
71.0,32.5,535.14,396.05
71.0,33.0,535.61,398.68
71.0,33.5,536.16,401.76
71.0,34.0,536.77,405.25
71.0,34.5,537.44,409.14
71.0,35.0,538.16,413.38
71.0,35.5,538.92,417.94
71.0,36.0,539.72,422.78
71.0,36.5,540.53,427.88
71.0,37.0,541.37,433.19
71.0,37.5,542.43,438.83
71.0,38.0,543.31,444.49
71.0,38.5,544.19,450.25
71.0,39.0,545.06,456.09
71.0,39.5,545.92,461.96
71.0,40.0,546.77,467.85
71.0,40.5,547.59,473.71
71.0,41.0,548.39,479.53
71.0,41.5,549.17,485.26
71.0,42.0,549.92,490.9
71.0,42.5,550.86,496.61
71.0,43.0,551.57,502.02
71.0,43.5,552.25,507.28
71.0,44.0,552.9,512.37
71.0,44.5,553.52,517.29
71.0,45.0,554.11,522.04
71.0,45.5,554.66,526.59
71.0,46.0,555.19,530.96
71.0,46.5,555.69,535.13
71.0,47.0,556.15,539.12
71.0,47.5,556.59,542.92
71.0,48.0,557.01,546.53
71.0,48.5,557.4,549.96
71.0,49.0,557.76,553.22
71.0,49.5,558.11,556.3
71.0,50.0,558.43,559.22
71.0,50.5,558.73,561.98
71.0,51.0,559.23,564.81
71.0,51.5,559.5,567.28
71.0,52.0,559.75,569.62
71.0,52.5,559.99,571.82
71.0,53.0,560.21,573.9
71.0,53.5,560.42,575.85
71.0,54.0,560.62,577.7
71.0,54.5,560.8,579.44
71.0,55.0,560.97,581.08
71.0,55.5,561.13,582.62
71.0,56.0,561.28,584.08
71.0,56.5,561.43,585.45
71.0,57.0,561.56,586.75
71.0,57.5,561.68,587.97
71.0,58.0,561.8,589.12
71.0,58.5,561.91,590.21
71.0,59.0,562.01,591.23
71.0,59.5,562.11,592.2
71.0,60.0,562.2,593.11
71.0,60.5,562.29,593.98
71.0,61.0,562.37,594.79
71.0,61.5,562.45,595.56
71.0,62.0,562.52,596.29
71.0,62.5,562.59,596.98
71.0,63.0,562.65,597.63
71.0,63.5,562.71,598.25
71.0,64.0,562.77,598.83
71.0,64.5,562.82,599.39
71.0,65.0,562.88,599.91
71.0,65.5,562.92,600.41
71.0,66.0,562.97,600.88
71.0,66.5,563.01,601.33
71.0,67.0,563.05,601.76
71.0,67.5,563.09,602.16
71.0,68.0,563.13,602.55
71.0,68.5,563.17,602.91
71.0,69.0,563.2,603.26
71.0,69.5,563.23,603.59
71.0,70.0,563.26,603.91
71.0,70.5,563.29,604.21
71.0,71.0,563.32,604.5
71.0,71.5,563.34,604.77
71.0,72.0,563.37,605.03
71.0,72.5,563.39,605.28
71.0,73.0,563.42,605.52
71.0,73.5,563.44,605.74
71.0,74.0,563.46,605.96
71.0,74.5,563.48,606.17
71.0,75.0,563.5,606.37
71.0,75.5,563.51,606.55
71.0,76.0,563.53,606.74
71.0,76.5,563.55,606.91
71.0,77.0,563.56,607.08
71.0,77.5,563.58,607.23
71.0,78.0,563.59,607.39
71.0,78.5,563.61,607.53
71.0,79.0,563.62,607.67
71.0,79.5,563.63,607.81
71.0,80.0,563.65,607.94
71.0,80.5,563.66,608.06
71.0,81.0,563.67,608.18
71.0,81.5,563.68,608.29
71.0,82.0,563.69,608.4
71.0,82.5,563.7,608.51
71.0,83.0,563.71,608.61
71.0,83.5,563.72,608.71
71.0,84.0,563.73,608.8
71.0,84.5,563.74,608.89
71.0,85.0,563.74,608.98
71.0,85.5,563.75,609.07
71.0,86.0,563.76,609.15
71.0,86.5,563.77,609.22
71.0,87.0,563.77,609.3
71.0,87.5,563.78,609.37
71.0,88.0,563.79,609.44
71.0,88.5,563.79,609.51
71.0,89.0,563.8,609.57
71.0,89.5,563.81,609.64
71.0,90.0,563.81,609.7
71.5,30.0,534.38,390.36
71.5,30.5,534.4,390.44
71.5,31.0,534.73,391.19
71.5,31.5,534.94,392.34
71.5,32.0,535.24,394.0
71.5,32.5,535.63,396.16
71.5,33.0,536.1,398.79
71.5,33.5,536.65,401.86
71.5,34.0,537.26,405.36
71.5,34.5,537.93,409.24
71.5,35.0,538.65,413.48
71.5,35.5,539.4,418.04
71.5,36.0,540.19,422.88
71.5,36.5,541.01,427.97
71.5,37.0,541.84,433.28
71.5,37.5,542.9,438.92
71.5,38.0,543.77,444.58
71.5,38.5,544.65,450.34
71.5,39.0,545.52,456.17
71.5,39.5,546.37,462.05
71.5,40.0,547.21,467.93
71.5,40.5,548.03,473.79
71.5,41.0,548.83,479.6
71.5,41.5,549.6,485.34
71.5,42.0,550.35,490.98
71.5,42.5,551.29,496.68
71.5,43.0,552.0,502.09
71.5,43.5,552.67,507.34
71.5,44.0,553.32,512.44
71.5,44.5,553.94,517.36
71.5,45.0,554.52,522.09
71.5,45.5,555.07,526.65
71.5,46.0,555.6,531.01
71.5,46.5,556.09,535.19
71.5,47.0,556.56,539.17
71.5,47.5,556.99,542.97
71.5,48.0,557.41,546.58
71.5,48.5,557.79,550.01
71.5,49.0,558.16,553.26
71.5,49.5,558.5,556.34
71.5,50.0,558.82,559.26
71.5,50.5,559.33,562.23
71.5,51.0,559.62,564.85
71.5,51.5,559.89,567.32
71.5,52.0,560.14,569.65
71.5,52.5,560.38,571.85
71.5,53.0,560.6,573.93
71.5,53.5,560.81,575.89
71.5,54.0,561.0,577.73
71.5,54.5,561.18,579.47
71.5,55.0,561.36,581.11
71.5,55.5,561.52,582.65
71.5,56.0,561.67,584.11
71.5,56.5,561.81,585.48
71.5,57.0,561.94,586.78
71.5,57.5,562.06,588.0
71.5,58.0,562.18,589.15
71.5,58.5,562.29,590.23
71.5,59.0,562.39,591.26
71.5,59.5,562.49,592.22
71.5,60.0,562.58,593.14
71.5,60.5,562.67,594.0
71.5,61.0,562.75,594.81
71.5,61.5,562.82,595.58
71.5,62.0,562.9,596.31
71.5,62.5,562.96,597.0
71.5,63.0,563.03,597.65
71.5,63.5,563.09,598.27
71.5,64.0,563.14,598.85
71.5,64.5,563.2,599.41
71.5,65.0,563.25,599.93
71.5,65.5,563.3,600.43
71.5,66.0,563.34,600.9
71.5,66.5,563.39,601.35
71.5,67.0,563.43,601.78
71.5,67.5,563.47,602.18
71.5,68.0,563.5,602.57
71.5,68.5,563.54,602.93
71.5,69.0,563.57,603.28
71.5,69.5,563.6,603.61
71.5,70.0,563.63,603.93
71.5,70.5,563.66,604.23
71.5,71.0,563.69,604.52
71.5,71.5,563.72,604.79
71.5,72.0,563.74,605.05
71.5,72.5,563.77,605.3
71.5,73.0,563.79,605.53
71.5,73.5,563.81,605.76
71.5,74.0,563.83,605.98
71.5,74.5,563.85,606.18
71.5,75.0,563.87,606.38
71.5,75.5,563.89,606.57
71.5,76.0,563.9,606.75
71.5,76.5,563.92,606.93
71.5,77.0,563.94,607.09
71.5,77.5,563.95,607.25
71.5,78.0,563.96,607.4
71.5,78.5,563.98,607.55
71.5,79.0,563.99,607.69
71.5,79.5,564.0,607.82
71.5,80.0,564.02,607.95
71.5,80.5,564.03,608.08
71.5,81.0,564.04,608.2
71.5,81.5,564.05,608.31
71.5,82.0,564.06,608.42
71.5,82.5,564.07,608.53
71.5,83.0,564.08,608.63
71.5,83.5,564.09,608.73
71.5,84.0,564.1,608.82
71.5,84.5,564.11,608.91
71.5,85.0,564.11,609.0
71.5,85.5,564.12,609.08
71.5,86.0,564.13,609.16
71.5,86.5,564.14,609.24
71.5,87.0,564.14,609.32
71.5,87.5,564.15,609.39
71.5,88.0,564.16,609.46
71.5,88.5,564.16,609.53
71.5,89.0,564.17,609.59
71.5,89.5,564.18,609.65
71.5,90.0,564.18,609.71
72.0,30.0,534.86,390.46
72.0,30.5,534.88,390.54
72.0,31.0,535.21,391.29
72.0,31.5,535.42,392.44
72.0,32.0,535.72,394.1
72.0,32.5,536.11,396.26
72.0,33.0,536.58,398.89
72.0,33.5,537.12,401.96
72.0,34.0,537.73,405.46
72.0,34.5,538.4,409.34
72.0,35.0,539.11,413.57
72.0,35.5,539.86,418.13
72.0,36.0,540.65,422.97
72.0,36.5,541.46,428.07
72.0,37.0,542.28,433.37
72.0,37.5,543.34,439.01
72.0,38.0,544.21,444.66
72.0,38.5,545.09,450.42
72.0,39.0,545.95,456.26
72.0,39.5,546.8,462.13
72.0,40.0,547.64,468.01
72.0,40.5,548.46,473.87
72.0,41.0,549.25,479.68
72.0,41.5,550.02,485.41
72.0,42.0,550.76,491.04
72.0,42.5,551.7,496.75
72.0,43.0,552.4,502.15
72.0,43.5,553.08,507.41
72.0,44.0,553.72,512.5
72.0,44.5,554.33,517.41
72.0,45.0,554.91,522.15
72.0,45.5,555.47,526.7
72.0,46.0,555.99,531.06
72.0,46.5,556.48,535.24
72.0,47.0,556.94,539.22
72.0,47.5,557.38,543.01
72.0,48.0,557.79,546.62
72.0,48.5,558.17,550.05
72.0,49.0,558.54,553.3
72.0,49.5,558.87,556.38
72.0,50.0,559.19,559.3
72.0,50.5,559.7,562.27
72.0,51.0,559.99,564.89
72.0,51.5,560.26,567.36
72.0,52.0,560.51,569.69
72.0,52.5,560.75,571.89
72.0,53.0,560.97,573.96
72.0,53.5,561.18,575.92
72.0,54.0,561.37,577.76
72.0,54.5,561.55,579.5
72.0,55.0,561.72,581.14
72.0,55.5,561.88,582.68
72.0,56.0,562.03,584.14
72.0,56.5,562.17,585.51
72.0,57.0,562.3,586.8
72.0,57.5,562.43,588.02
72.0,58.0,562.54,589.17
72.0,58.5,562.65,590.26
72.0,59.0,562.75,591.28
72.0,59.5,562.85,592.25
72.0,60.0,562.94,593.16
72.0,60.5,563.03,594.02
72.0,61.0,563.11,594.84
72.0,61.5,563.18,595.61
72.0,62.0,563.25,596.33
72.0,62.5,563.32,597.02
72.0,63.0,563.39,597.67
72.0,63.5,563.45,598.29
72.0,64.0,563.5,598.88
72.0,64.5,563.56,599.43
72.0,65.0,563.61,599.95
72.0,65.5,563.66,600.45
72.0,66.0,563.7,600.92
72.0,66.5,563.74,601.37
72.0,67.0,563.78,601.8
72.0,67.5,563.82,602.2
72.0,68.0,563.86,602.59
72.0,68.5,563.9,602.95
72.0,69.0,563.93,603.3
72.0,69.5,563.96,603.63
72.0,70.0,563.99,603.95
72.0,70.5,564.02,604.25
72.0,71.0,564.05,604.53
72.0,71.5,564.07,604.81
72.0,72.0,564.1,605.07
72.0,72.5,564.12,605.31
72.0,73.0,564.14,605.55
72.0,73.5,564.16,605.78
72.0,74.0,564.18,605.99
72.0,74.5,564.2,606.2
72.0,75.0,564.22,606.4
72.0,75.5,564.24,606.59
72.0,76.0,564.26,606.77
72.0,76.5,564.27,606.94
72.0,77.0,564.29,607.11
72.0,77.5,564.3,607.27
72.0,78.0,564.32,607.42
72.0,78.5,564.33,607.57
72.0,79.0,564.35,607.71
72.0,79.5,564.36,607.84
72.0,80.0,564.37,607.97
72.0,80.5,564.38,608.09
72.0,81.0,564.39,608.21
72.0,81.5,564.4,608.33
72.0,82.0,564.41,608.44
72.0,82.5,564.42,608.54
72.0,83.0,564.43,608.64
72.0,83.5,564.44,608.74
72.0,84.0,564.45,608.84
72.0,84.5,564.46,608.93
72.0,85.0,564.47,609.01
72.0,85.5,564.48,609.1
72.0,86.0,564.48,609.18
72.0,86.5,564.49,609.26
72.0,87.0,564.5,609.33
72.0,87.5,564.5,609.4
72.0,88.0,564.51,609.47
72.0,88.5,564.52,609.54
72.0,89.0,564.52,609.61
72.0,89.5,564.53,609.67
72.0,90.0,564.53,609.73
72.5,30.0,535.54,390.69
72.5,30.5,535.55,390.77
72.5,31.0,535.67,391.39
72.5,31.5,535.88,392.54
72.5,32.0,536.18,394.2
72.5,32.5,536.56,396.35
72.5,33.0,537.03,398.98
72.5,33.5,537.57,402.06
72.5,34.0,538.18,405.55
72.5,34.5,538.84,409.43
72.5,35.0,539.55,413.66
72.5,35.5,540.3,418.22
72.5,36.0,541.09,423.06
72.5,36.5,541.89,428.15
72.5,37.0,542.71,433.46
72.5,37.5,543.77,439.1
72.5,38.0,544.64,444.75
72.5,38.5,545.5,450.5
72.5,39.0,546.36,456.33
72.5,39.5,547.21,462.2
72.5,40.0,548.05,468.08
72.5,40.5,548.86,473.94
72.5,41.0,549.65,479.75
72.5,41.5,550.42,485.48
72.5,42.0,551.15,491.11
72.5,42.5,552.09,496.82
72.5,43.0,552.79,502.22
72.5,43.5,553.46,507.47
72.5,44.0,554.1,512.55
72.5,44.5,554.71,517.47
72.5,45.0,555.29,522.2
72.5,45.5,555.84,526.75
72.5,46.0,556.36,531.11
72.5,46.5,556.85,535.28
72.5,47.0,557.31,539.26
72.5,47.5,557.74,543.06
72.5,48.0,558.15,546.66
72.5,48.5,558.54,550.09
72.5,49.0,558.9,553.34
72.5,49.5,559.23,556.42
72.5,50.0,559.55,559.34
72.5,50.5,560.06,562.31
72.5,51.0,560.35,564.92
72.5,51.5,560.62,567.39
72.5,52.0,560.87,569.72
72.5,52.5,561.1,571.92
72.5,53.0,561.32,573.99
72.5,53.5,561.53,575.95
72.5,54.0,561.72,577.79
72.5,54.5,561.9,579.53
72.5,55.0,562.07,581.17
72.5,55.5,562.23,582.71
72.5,56.0,562.38,584.16
72.5,56.5,562.52,585.54
72.5,57.0,562.65,586.83
72.5,57.5,562.77,588.05
72.5,58.0,562.89,589.2
72.5,58.5,563.0,590.28
72.5,59.0,563.1,591.3
72.5,59.5,563.19,592.27
72.5,60.0,563.29,593.18
72.5,60.5,563.37,594.04
72.5,61.0,563.45,594.86
72.5,61.5,563.53,595.63
72.5,62.0,563.6,596.35
72.5,62.5,563.66,597.04
72.5,63.0,563.73,597.69
72.5,63.5,563.79,598.31
72.5,64.0,563.84,598.89
72.5,64.5,563.9,599.45
72.5,65.0,563.95,599.97
72.5,65.5,564.0,600.47
72.5,66.0,564.04,600.94
72.5,66.5,564.08,601.39
72.5,67.0,564.13,601.82
72.5,67.5,564.16,602.22
72.5,68.0,564.2,602.6
72.5,68.5,564.24,602.97
72.5,69.0,564.27,603.32
72.5,69.5,564.3,603.65
72.5,70.0,564.33,603.96
72.5,70.5,564.36,604.26
72.5,71.0,564.39,604.55
72.5,71.5,564.41,604.82
72.5,72.0,564.44,605.08
72.5,72.5,564.46,605.33
72.5,73.0,564.48,605.57
72.5,73.5,564.5,605.79
72.5,74.0,564.52,606.01
72.5,74.5,564.54,606.22
72.5,75.0,564.56,606.41
72.5,75.5,564.58,606.6
72.5,76.0,564.6,606.78
72.5,76.5,564.61,606.96
72.5,77.0,564.63,607.12
72.5,77.5,564.64,607.28
72.5,78.0,564.66,607.43
72.5,78.5,564.67,607.58
72.5,79.0,564.68,607.72
72.5,79.5,564.7,607.86
72.5,80.0,564.71,607.98
72.5,80.5,564.72,608.11
72.5,81.0,564.73,608.23
72.5,81.5,564.74,608.34
72.5,82.0,564.75,608.45
72.5,82.5,564.76,608.56
72.5,83.0,564.77,608.66
72.5,83.5,564.78,608.76
72.5,84.0,564.79,608.85
72.5,84.5,564.8,608.94
72.5,85.0,564.81,609.03
72.5,85.5,564.81,609.11
72.5,86.0,564.82,609.19
72.5,86.5,564.83,609.27
72.5,87.0,564.84,609.34
72.5,87.5,564.84,609.42
72.5,88.0,564.85,609.49
72.5,88.5,564.86,609.55
72.5,89.0,564.86,609.62
72.5,89.5,564.87,609.68
72.5,90.0,564.87,609.74
73.0,30.0,535.98,390.78
73.0,30.5,535.99,390.86
73.0,31.0,536.11,391.48
73.0,31.5,536.31,392.63
73.0,32.0,536.61,394.29
73.0,32.5,537.0,396.44
73.0,33.0,537.46,399.07
73.0,33.5,538.0,402.15
73.0,34.0,538.61,405.64
73.0,34.5,539.27,409.52
73.0,35.0,539.97,413.75
73.0,35.5,540.72,418.31
73.0,36.0,541.5,423.15
73.0,36.5,542.3,428.24
73.0,37.0,543.12,433.54
73.0,37.5,544.18,439.18
73.0,38.0,545.04,444.83
73.0,38.5,545.9,450.58
73.0,39.0,546.76,456.41
73.0,39.5,547.61,462.28
73.0,40.0,548.44,468.15
73.0,40.5,549.25,474.01
73.0,41.0,550.03,479.81
73.0,41.5,550.8,485.54
73.0,42.0,551.53,491.17
73.0,42.5,552.46,496.88
73.0,43.0,553.16,502.28
73.0,43.5,553.83,507.52
73.0,44.0,554.47,512.61
73.0,44.5,555.08,517.52
73.0,45.0,555.65,522.25
73.0,45.5,556.2,526.8
73.0,46.0,556.71,531.16
73.0,46.5,557.2,535.33
73.0,47.0,557.66,539.31
73.0,47.5,558.09,543.1
73.0,48.0,558.5,546.7
73.0,48.5,558.88,550.13
73.0,49.0,559.24,553.38
73.0,49.5,559.58,556.46
73.0,50.0,559.89,559.37
73.0,50.5,560.4,562.34
73.0,51.0,560.69,564.96
73.0,51.5,560.96,567.42
73.0,52.0,561.2,569.75
73.0,52.5,561.44,571.95
73.0,53.0,561.66,574.02
73.0,53.5,561.86,575.98
73.0,54.0,562.06,577.82
73.0,54.5,562.24,579.56
73.0,55.0,562.4,581.19
73.0,55.5,562.56,582.74
73.0,56.0,562.71,584.19
73.0,56.5,562.85,585.56
73.0,57.0,562.98,586.85
73.0,57.5,563.1,588.07
73.0,58.0,563.22,589.22
73.0,58.5,563.33,590.3
73.0,59.0,563.43,591.33
73.0,59.5,563.52,592.29
73.0,60.0,563.61,593.2
73.0,60.5,563.7,594.06
73.0,61.0,563.78,594.88
73.0,61.5,563.85,595.65
73.0,62.0,563.92,596.37
73.0,62.5,563.99,597.06
73.0,63.0,564.05,597.71
73.0,63.5,564.11,598.33
73.0,64.0,564.17,598.91
73.0,64.5,564.22,599.47
73.0,65.0,564.27,599.99
73.0,65.5,564.32,600.49
73.0,66.0,564.37,600.96
73.0,66.5,564.41,601.41
73.0,67.0,564.45,601.83
73.0,67.5,564.49,602.24
73.0,68.0,564.53,602.62
73.0,68.5,564.56,602.99
73.0,69.0,564.59,603.33
73.0,69.5,564.63,603.66
73.0,70.0,564.66,603.98
73.0,70.5,564.68,604.28
73.0,71.0,564.71,604.57
73.0,71.5,564.74,604.84
73.0,72.0,564.76,605.1
73.0,72.5,564.78,605.35
73.0,73.0,564.81,605.58
73.0,73.5,564.83,605.81
73.0,74.0,564.85,606.03
73.0,74.5,564.87,606.23
73.0,75.0,564.89,606.43
73.0,75.5,564.9,606.62
73.0,76.0,564.92,606.8
73.0,76.5,564.94,606.97
73.0,77.0,564.95,607.14
73.0,77.5,564.97,607.3
73.0,78.0,564.98,607.45
73.0,78.5,564.99,607.6
73.0,79.0,565.01,607.74
73.0,79.5,565.02,607.87
73.0,80.0,565.03,608.0
73.0,80.5,565.04,608.12
73.0,81.0,565.05,608.24
73.0,81.5,565.07,608.36
73.0,82.0,565.08,608.47
73.0,82.5,565.09,608.57
73.0,83.0,565.09,608.67
73.0,83.5,565.1,608.77
73.0,84.0,565.11,608.86
73.0,84.5,565.12,608.95
73.0,85.0,565.13,609.04
73.0,85.5,565.14,609.12
73.0,86.0,565.14,609.21
73.0,86.5,565.15,609.28
73.0,87.0,565.16,609.36
73.0,87.5,565.17,609.43
73.0,88.0,565.17,609.5
73.0,88.5,565.18,609.57
73.0,89.0,565.18,609.63
73.0,89.5,565.19,609.7
73.0,90.0,565.2,609.76
73.5,30.0,536.4,390.87
73.5,30.5,536.41,390.95
73.5,31.0,536.53,391.57
73.5,31.5,536.73,392.72
73.5,32.0,537.03,394.38
73.5,32.5,537.42,396.53
73.5,33.0,537.88,399.16
73.5,33.5,538.42,402.23
73.5,34.0,539.02,405.72
73.5,34.5,539.67,409.6
73.5,35.0,540.38,413.83
73.5,35.5,541.12,418.39
73.5,36.0,541.9,423.23
73.5,36.5,542.7,428.31
73.5,37.0,543.51,433.61
73.5,37.5,544.57,439.26
73.5,38.0,545.43,444.9
73.5,38.5,546.29,450.65
73.5,39.0,547.14,456.48
73.5,39.5,547.98,462.35
73.5,40.0,548.81,468.22
73.5,40.5,549.61,474.07
73.5,41.0,550.4,479.88
73.5,41.5,551.16,485.6
73.5,42.0,551.89,491.23
73.5,42.5,552.82,496.93
73.5,43.0,553.52,502.33
73.5,43.5,554.18,507.58
73.5,44.0,554.82,512.66
73.5,44.5,555.42,517.57
73.5,45.0,556.0,522.3
73.5,45.5,556.54,526.85
73.5,46.0,557.05,531.2
73.5,46.5,557.54,535.37
73.5,47.0,558.0,539.35
73.5,47.5,558.43,543.14
73.5,48.0,558.83,546.74
73.5,48.5,559.21,550.17
73.5,49.0,559.57,553.41
73.5,49.5,559.91,556.49
73.5,50.0,560.22,559.4
73.5,50.5,560.73,562.38
73.5,51.0,561.01,564.99
73.5,51.5,561.28,567.46
73.5,52.0,561.53,569.78
73.5,52.5,561.76,571.98
73.5,53.0,561.98,574.05
73.5,53.5,562.18,576.01
73.5,54.0,562.38,577.85
73.5,54.5,562.55,579.58
73.5,55.0,562.72,581.22
73.5,55.5,562.88,582.76
73.5,56.0,563.03,584.21
73.5,56.5,563.17,585.58
73.5,57.0,563.3,586.88
73.5,57.5,563.42,588.09
73.5,58.0,563.53,589.24
73.5,58.5,563.64,590.32
73.5,59.0,563.74,591.35
73.5,59.5,563.84,592.31
73.5,60.0,563.93,593.22
73.5,60.5,564.01,594.08
73.5,61.0,564.09,594.9
73.5,61.5,564.17,595.67
73.5,62.0,564.24,596.39
73.5,62.5,564.3,597.08
73.5,63.0,564.37,597.73
73.5,63.5,564.43,598.35
73.5,64.0,564.48,598.93
73.5,64.5,564.54,599.48
73.5,65.0,564.59,600.01
73.5,65.5,564.63,600.5
73.5,66.0,564.68,600.98
73.5,66.5,564.72,601.42
73.5,67.0,564.76,601.85
73.5,67.5,564.8,602.25
73.5,68.0,564.84,602.64
73.5,68.5,564.87,603.0
73.5,69.0,564.9,603.35
73.5,69.5,564.94,603.68
73.5,70.0,564.97,604.0
73.5,70.5,564.99,604.3
73.5,71.0,565.02,604.58
73.5,71.5,565.05,604.85
73.5,72.0,565.07,605.11
73.5,72.5,565.09,605.36
73.5,73.0,565.12,605.6
73.5,73.5,565.14,605.82
73.5,74.0,565.16,606.04
73.5,74.5,565.18,606.25
73.5,75.0,565.2,606.44
73.5,75.5,565.21,606.63
73.5,76.0,565.23,606.81
73.5,76.5,565.25,606.99
73.5,77.0,565.26,607.15
73.5,77.5,565.28,607.31
73.5,78.0,565.29,607.46
73.5,78.5,565.3,607.61
73.5,79.0,565.32,607.75
73.5,79.5,565.33,607.88
73.5,80.0,565.34,608.01
73.5,80.5,565.35,608.14
73.5,81.0,565.36,608.25
73.5,81.5,565.37,608.37
73.5,82.0,565.38,608.48
73.5,82.5,565.39,608.58
73.5,83.0,565.4,608.69
73.5,83.5,565.41,608.78
73.5,84.0,565.42,608.88
73.5,84.5,565.43,608.97
73.5,85.0,565.44,609.05
73.5,85.5,565.45,609.14
73.5,86.0,565.45,609.22
73.5,86.5,565.46,609.3
73.5,87.0,565.47,609.37
73.5,87.5,565.47,609.44
73.5,88.0,565.48,609.51
73.5,88.5,565.49,609.58
73.5,89.0,565.49,609.65
73.5,89.5,565.5,609.71
73.5,90.0,565.5,609.77
74.0,30.0,536.8,390.95
74.0,30.5,536.81,391.03
74.0,31.0,536.93,391.65
74.0,31.5,537.13,392.8
74.0,32.0,537.43,394.46
74.0,32.5,537.81,396.61
74.0,33.0,538.28,399.24
74.0,33.5,538.81,402.31
74.0,34.0,539.41,405.8
74.0,34.5,540.06,409.68
74.0,35.0,540.77,413.91
74.0,35.5,541.51,418.47
74.0,36.0,542.28,423.3
74.0,36.5,543.08,428.39
74.0,37.0,543.89,433.69
74.0,37.5,544.94,439.33
74.0,38.0,545.8,444.97
74.0,38.5,546.65,450.72
74.0,39.0,547.5,456.55
74.0,39.5,548.34,462.41
74.0,40.0,549.16,468.29
74.0,40.5,549.97,474.14
74.0,41.0,550.75,479.94
74.0,41.5,551.5,485.66
74.0,42.0,552.23,491.29
74.0,42.5,553.16,496.99
74.0,43.0,553.86,502.39
74.0,43.5,554.52,507.63
74.0,44.0,555.15,512.71
74.0,44.5,555.75,517.62
74.0,45.0,556.33,522.35
74.0,45.5,556.87,526.89
74.0,46.0,557.38,531.25
74.0,46.5,557.86,535.41
74.0,47.0,558.32,539.39
74.0,47.5,558.75,543.18
74.0,48.0,559.15,546.78
74.0,48.5,559.53,550.2
74.0,49.0,559.89,553.45
74.0,49.5,560.22,556.52
74.0,50.0,560.53,559.44
74.0,50.5,561.04,562.41
74.0,51.0,561.33,565.02
74.0,51.5,561.59,567.49
74.0,52.0,561.84,569.81
74.0,52.5,562.07,572.01
74.0,53.0,562.29,574.08
74.0,53.5,562.49,576.03
74.0,54.0,562.68,577.87
74.0,54.5,562.86,579.61
74.0,55.0,563.03,581.24
74.0,55.5,563.19,582.78
74.0,56.0,563.33,584.24
74.0,56.5,563.47,585.61
74.0,57.0,563.6,586.9
74.0,57.5,563.72,588.11
74.0,58.0,563.84,589.26
74.0,58.5,563.94,590.35
74.0,59.0,564.04,591.37
74.0,59.5,564.14,592.33
74.0,60.0,564.23,593.24
74.0,60.5,564.31,594.1
74.0,61.0,564.39,594.92
74.0,61.5,564.47,595.68
74.0,62.0,564.54,596.41
74.0,62.5,564.6,597.1
74.0,63.0,564.67,597.75
74.0,63.5,564.73,598.36
74.0,64.0,564.78,598.95
74.0,64.5,564.84,599.5
74.0,65.0,564.89,600.02
74.0,65.5,564.93,600.52
74.0,66.0,564.98,600.99
74.0,66.5,565.02,601.44
74.0,67.0,565.06,601.87
74.0,67.5,565.1,602.27
74.0,68.0,565.13,602.65
74.0,68.5,565.17,603.02
74.0,69.0,565.2,603.36
74.0,69.5,565.23,603.7
74.0,70.0,565.26,604.01
74.0,70.5,565.29,604.31
74.0,71.0,565.32,604.6
74.0,71.5,565.34,604.87
74.0,72.0,565.37,605.13
74.0,72.5,565.39,605.38
74.0,73.0,565.41,605.61
74.0,73.5,565.43,605.84
74.0,74.0,565.45,606.05
74.0,74.5,565.47,606.26
74.0,75.0,565.49,606.46
74.0,75.5,565.51,606.65
74.0,76.0,565.53,606.83
74.0,76.5,565.54,607.0
74.0,77.0,565.56,607.17
74.0,77.5,565.57,607.32
74.0,78.0,565.59,607.48
74.0,78.5,565.6,607.62
74.0,79.0,565.61,607.76
74.0,79.5,565.63,607.9
74.0,80.0,565.64,608.03
74.0,80.5,565.65,608.15
74.0,81.0,565.66,608.27
74.0,81.5,565.67,608.38
74.0,82.0,565.68,608.49
74.0,82.5,565.69,608.6
74.0,83.0,565.7,608.7
74.0,83.5,565.71,608.8
74.0,84.0,565.72,608.89
74.0,84.5,565.73,608.98
74.0,85.0,565.73,609.07
74.0,85.5,565.74,609.15
74.0,86.0,565.75,609.23
74.0,86.5,565.76,609.31
74.0,87.0,565.76,609.38
74.0,87.5,565.77,609.46
74.0,88.0,565.78,609.53
74.0,88.5,565.78,609.59
74.0,89.0,565.79,609.66
74.0,89.5,565.79,609.72
74.0,90.0,565.8,609.78
74.5,30.0,537.18,391.03
74.5,30.5,537.2,391.11
74.5,31.0,537.31,391.73
74.5,31.5,537.52,392.88
74.5,32.0,537.81,394.54
74.5,32.5,538.19,396.69
74.5,33.0,538.65,399.32
74.5,33.5,539.19,402.39
74.5,34.0,539.78,405.88
74.5,34.5,540.44,409.76
74.5,35.0,541.14,413.99
74.5,35.5,541.87,418.54
74.5,36.0,542.64,423.38
74.5,36.5,543.44,428.46
74.5,37.0,544.25,433.76
74.5,37.5,545.3,439.4
74.5,38.0,546.15,445.04
74.5,38.5,547.0,450.79
74.5,39.0,547.85,456.62
74.5,39.5,548.69,462.48
74.5,40.0,549.5,468.35
74.5,40.5,550.31,474.2
74.5,41.0,551.08,480.0
74.5,41.5,551.84,485.72
74.5,42.0,552.56,491.34
74.5,42.5,553.49,497.04
74.5,43.0,554.18,502.44
74.5,43.5,554.84,507.68
74.5,44.0,555.47,512.76
74.5,44.5,556.07,517.67
74.5,45.0,556.64,522.39
74.5,45.5,557.18,526.94
74.5,46.0,557.69,531.29
74.5,46.5,558.17,535.45
74.5,47.0,558.63,539.43
74.5,47.5,559.05,543.21
74.5,48.0,559.46,546.82
74.5,48.5,559.83,550.24
74.5,49.0,560.19,553.48
74.5,49.5,560.52,556.56
74.5,50.0,560.83,559.47
74.5,50.5,561.34,562.44
74.5,51.0,561.62,565.05
74.5,51.5,561.89,567.51
74.5,52.0,562.13,569.84
74.5,52.5,562.37,572.03
74.5,53.0,562.58,574.11
74.5,53.5,562.79,576.06
74.5,54.0,562.98,577.9
74.5,54.5,563.15,579.63
74.5,55.0,563.32,581.27
74.5,55.5,563.48,582.81
74.5,56.0,563.62,584.26
74.5,56.5,563.76,585.63
74.5,57.0,563.89,586.92
74.5,57.5,564.01,588.13
74.5,58.0,564.13,589.28
74.5,58.5,564.23,590.36
74.5,59.0,564.33,591.39
74.5,59.5,564.43,592.35
74.5,60.0,564.52,593.26
74.5,60.5,564.6,594.12
74.5,61.0,564.68,594.93
74.5,61.5,564.75,595.7
74.5,62.0,564.82,596.43
74.5,62.5,564.89,597.11
74.5,63.0,564.95,597.77
74.5,63.5,565.01,598.38
74.5,64.0,565.07,598.96
74.5,64.5,565.12,599.52
74.5,65.0,565.17,600.04
74.5,65.5,565.22,600.54
74.5,66.0,565.26,601.01
74.5,66.5,565.3,601.46
74.5,67.0,565.35,601.88
74.5,67.5,565.38,602.28
74.5,68.0,565.42,602.67
74.5,68.5,565.45,603.03
74.5,69.0,565.49,603.38
74.5,69.5,565.52,603.71
74.5,70.0,565.55,604.02
74.5,70.5,565.58,604.32
74.5,71.0,565.6,604.61
74.5,71.5,565.63,604.88
74.5,72.0,565.65,605.14
74.5,72.5,565.67,605.39
74.5,73.0,565.7,605.63
74.5,73.5,565.72,605.85
74.5,74.0,565.74,606.07
74.5,74.5,565.76,606.27
74.5,75.0,565.78,606.47
74.5,75.5,565.79,606.66
74.5,76.0,565.81,606.84
74.5,76.5,565.83,607.01
74.5,77.0,565.84,607.18
74.5,77.5,565.86,607.34
74.5,78.0,565.87,607.49
74.5,78.5,565.88,607.64
74.5,79.0,565.9,607.77
74.5,79.5,565.91,607.91
74.5,80.0,565.92,608.04
74.5,80.5,565.93,608.16
74.5,81.0,565.94,608.28
74.5,81.5,565.95,608.39
74.5,82.0,565.96,608.5
74.5,82.5,565.97,608.61
74.5,83.0,565.98,608.71
74.5,83.5,565.99,608.81
74.5,84.0,566.0,608.9
74.5,84.5,566.01,608.99
74.5,85.0,566.02,609.08
74.5,85.5,566.02,609.16
74.5,86.0,566.03,609.24
74.5,86.5,566.04,609.32
74.5,87.0,566.04,609.4
74.5,87.5,566.05,609.47
74.5,88.0,566.06,609.54
74.5,88.5,566.06,609.6
74.5,89.0,566.07,609.67
74.5,89.5,566.08,609.73
74.5,90.0,566.08,609.79
75.0,30.0,537.55,391.11
75.0,30.5,537.57,391.19
75.0,31.0,537.68,391.81
75.0,31.5,537.88,392.96
75.0,32.0,538.18,394.62
75.0,32.5,538.56,396.77
75.0,33.0,539.02,399.4
75.0,33.5,539.55,402.47
75.0,34.0,540.14,405.96
75.0,34.5,540.79,409.83
75.0,35.0,541.49,414.06
75.0,35.5,542.23,418.61
75.0,36.0,542.99,423.45
75.0,36.5,543.78,428.53
75.0,37.0,544.59,433.83
75.0,37.5,545.64,439.47
75.0,38.0,546.49,445.11
75.0,38.5,547.34,450.86
75.0,39.0,548.18,456.68
75.0,39.5,549.01,462.54
75.0,40.0,549.83,468.41
75.0,40.5,550.63,474.25
75.0,41.0,551.4,480.05
75.0,41.5,552.15,485.77
75.0,42.0,552.88,491.39
75.0,42.5,553.8,497.09
75.0,43.0,554.49,502.49
75.0,43.5,555.15,507.73
75.0,44.0,555.78,512.8
75.0,44.5,556.38,517.71
75.0,45.0,556.94,522.44
75.0,45.5,557.48,526.98
75.0,46.0,557.99,531.33
75.0,46.5,558.47,535.49
75.0,47.0,558.92,539.46
75.0,47.5,559.35,543.25
75.0,48.0,559.75,546.85
75.0,48.5,560.12,550.27
75.0,49.0,560.48,553.51
75.0,49.5,560.81,556.59
75.0,50.0,561.12,559.5
75.0,50.5,561.63,562.47
75.0,51.0,561.91,565.08
75.0,51.5,562.17,567.54
75.0,52.0,562.42,569.87
75.0,52.5,562.65,572.06
75.0,53.0,562.86,574.13
75.0,53.5,563.07,576.08
75.0,54.0,563.26,577.92
75.0,54.5,563.43,579.65
75.0,55.0,563.6,581.29
75.0,55.5,563.76,582.83
75.0,56.0,563.9,584.28
75.0,56.5,564.04,585.65
75.0,57.0,564.17,586.94
75.0,57.5,564.29,588.15
75.0,58.0,564.4,589.3
75.0,58.5,564.51,590.38
75.0,59.0,564.61,591.4
75.0,59.5,564.7,592.37
75.0,60.0,564.79,593.28
75.0,60.5,564.88,594.14
75.0,61.0,564.95,594.95
75.0,61.5,565.03,595.72
75.0,62.0,565.1,596.44
75.0,62.5,565.16,597.13
75.0,63.0,565.23,597.78
75.0,63.5,565.29,598.4
75.0,64.0,565.34,598.98
75.0,64.5,565.39,599.53
75.0,65.0,565.44,600.05
75.0,65.5,565.49,600.55
75.0,66.0,565.54,601.02
75.0,66.5,565.58,601.47
75.0,67.0,565.62,601.89
75.0,67.5,565.66,602.3
75.0,68.0,565.69,602.68
75.0,68.5,565.73,603.05
75.0,69.0,565.76,603.39
75.0,69.5,565.79,603.72
75.0,70.0,565.82,604.04
75.0,70.5,565.85,604.34
75.0,71.0,565.87,604.62
75.0,71.5,565.9,604.89
75.0,72.0,565.92,605.15
75.0,72.5,565.95,605.4
75.0,73.0,565.97,605.64
75.0,73.5,565.99,605.86
75.0,74.0,566.01,606.08
75.0,74.5,566.03,606.29
75.0,75.0,566.05,606.48
75.0,75.5,566.06,606.67
75.0,76.0,566.08,606.85
75.0,76.5,566.1,607.03
75.0,77.0,566.11,607.19
75.0,77.5,566.13,607.35
75.0,78.0,566.14,607.5
75.0,78.5,566.15,607.65
75.0,79.0,566.17,607.79
75.0,79.5,566.18,607.92
75.0,80.0,566.19,608.05
75.0,80.5,566.2,608.17
75.0,81.0,566.21,608.29
75.0,81.5,566.22,608.41
75.0,82.0,566.23,608.52
75.0,82.5,566.24,608.62
75.0,83.0,566.25,608.72
75.0,83.5,566.26,608.82
75.0,84.0,566.27,608.91
75.0,84.5,566.28,609.0
75.0,85.0,566.29,609.09
75.0,85.5,566.29,609.17
75.0,86.0,566.3,609.25
75.0,86.5,566.31,609.33
75.0,87.0,566.32,609.41
75.0,87.5,566.32,609.48
75.0,88.0,566.33,609.55
75.0,88.5,566.33,609.62
75.0,89.0,566.34,609.68
75.0,89.5,566.35,609.74
75.0,90.0,566.35,609.8
75.5,30.0,537.9,391.18
75.5,30.5,537.92,391.26
75.5,31.0,538.03,391.88
75.5,31.5,538.23,393.03
75.5,32.0,538.53,394.69
75.5,32.5,538.91,396.84
75.5,33.0,539.36,399.47
75.5,33.5,539.89,402.54
75.5,34.0,540.49,406.03
75.5,34.5,541.13,409.9
75.5,35.0,541.83,414.13
75.5,35.5,542.56,418.68
75.5,36.0,543.33,423.52
75.5,36.5,544.11,428.6
75.5,37.0,544.92,433.89
75.5,37.5,545.96,439.53
75.5,38.0,546.81,445.17
75.5,38.5,547.66,450.92
75.5,39.0,548.5,456.74
75.5,39.5,549.33,462.6
75.5,40.0,550.14,468.46
75.5,40.5,550.94,474.31
75.5,41.0,551.71,480.1
75.5,41.5,552.46,485.82
75.5,42.0,553.18,491.44
75.5,42.5,554.1,497.14
75.5,43.0,554.79,502.53
75.5,43.5,555.44,507.77
75.5,44.0,556.07,512.85
75.5,44.5,556.67,517.75
75.5,45.0,557.23,522.48
75.5,45.5,557.77,527.02
75.5,46.0,558.27,531.37
75.5,46.5,558.75,535.53
75.5,47.0,559.2,539.5
75.5,47.5,559.63,543.28
75.5,48.0,560.03,546.88
75.5,48.5,560.4,550.3
75.5,49.0,560.75,553.54
75.5,49.5,561.08,556.62
75.5,50.0,561.39,559.52
75.5,50.5,561.9,562.5
75.5,51.0,562.18,565.1
75.5,51.5,562.44,567.57
75.5,52.0,562.69,569.89
75.5,52.5,562.92,572.08
75.5,53.0,563.13,574.15
75.5,53.5,563.34,576.1
75.5,54.0,563.52,577.94
75.5,54.5,563.7,579.68
75.5,55.0,563.87,581.31
75.5,55.5,564.02,582.85
75.5,56.0,564.17,584.3
75.5,56.5,564.31,585.67
75.5,57.0,564.43,586.96
75.5,57.5,564.55,588.17
75.5,58.0,564.67,589.32
75.5,58.5,564.77,590.4
75.5,59.0,564.87,591.42
75.5,59.5,564.97,592.39
75.5,60.0,565.06,593.3
75.5,60.5,565.14,594.15
75.5,61.0,565.22,594.97
75.5,61.5,565.29,595.73
75.5,62.0,565.36,596.46
75.5,62.5,565.43,597.15
75.5,63.0,565.49,597.8
75.5,63.5,565.55,598.41
75.5,64.0,565.6,598.99
75.5,64.5,565.66,599.55
75.5,65.0,565.71,600.07
75.5,65.5,565.75,600.57
75.5,66.0,565.8,601.04
75.5,66.5,565.84,601.48
75.5,67.0,565.88,601.91
75.5,67.5,565.92,602.31
75.5,68.0,565.95,602.69
75.5,68.5,565.99,603.06
75.5,69.0,566.02,603.41
75.5,69.5,566.05,603.74
75.5,70.0,566.08,604.05
75.5,70.5,566.11,604.35
75.5,71.0,566.13,604.64
75.5,71.5,566.16,604.91
75.5,72.0,566.18,605.17
75.5,72.5,566.21,605.41
75.5,73.0,566.23,605.65
75.5,73.5,566.25,605.88
75.5,74.0,566.27,606.09
75.5,74.5,566.29,606.3
75.5,75.0,566.31,606.5
75.5,75.5,566.32,606.68
75.5,76.0,566.34,606.86
75.5,76.5,566.36,607.04
75.5,77.0,566.37,607.2
75.5,77.5,566.39,607.36
75.5,78.0,566.4,607.51
75.5,78.5,566.41,607.66
75.5,79.0,566.43,607.8
75.5,79.5,566.44,607.93
75.5,80.0,566.45,608.06
75.5,80.5,566.46,608.18
75.5,81.0,566.47,608.3
75.5,81.5,566.48,608.42
75.5,82.0,566.49,608.53
75.5,82.5,566.5,608.63
75.5,83.0,566.51,608.73
75.5,83.5,566.52,608.83
75.5,84.0,566.53,608.92
75.5,84.5,566.54,609.01
75.5,85.0,566.55,609.1
75.5,85.5,566.55,609.18
75.5,86.0,566.56,609.27
75.5,86.5,566.57,609.34
75.5,87.0,566.57,609.42
75.5,87.5,566.58,609.49
75.5,88.0,566.59,609.56
75.5,88.5,566.59,609.63
75.5,89.0,566.6,609.69
75.5,89.5,566.6,609.75
75.5,90.0,566.61,609.81
76.0,30.0,538.24,391.25
76.0,30.5,538.26,391.33
76.0,31.0,538.37,391.95
76.0,31.5,538.57,393.1
76.0,32.0,538.86,394.76
76.0,32.5,539.24,396.91
76.0,33.0,539.7,399.54
76.0,33.5,540.22,402.61
76.0,34.0,540.82,406.1
76.0,34.5,541.46,409.97
76.0,35.0,542.15,414.2
76.0,35.5,542.89,418.75
76.0,36.0,543.65,423.58
76.0,36.5,544.43,428.66
76.0,37.0,545.23,433.96
76.0,37.5,546.28,439.59
76.0,38.0,547.12,445.23
76.0,38.5,547.97,450.98
76.0,39.0,548.8,456.8
76.0,39.5,549.63,462.65
76.0,40.0,550.44,468.52
76.0,40.5,551.23,474.36
76.0,41.0,552.0,480.16
76.0,41.5,552.75,485.87
76.0,42.0,553.47,491.49
76.0,42.5,554.39,497.19
76.0,43.0,555.07,502.58
76.0,43.5,555.73,507.82
76.0,44.0,556.35,512.89
76.0,44.5,556.95,517.79
76.0,45.0,557.51,522.52
76.0,45.5,558.04,527.05
76.0,46.0,558.55,531.4
76.0,46.5,559.02,535.56
76.0,47.0,559.47,539.53
76.0,47.5,559.9,543.31
76.0,48.0,560.29,546.91
76.0,48.5,560.67,550.33
76.0,49.0,561.02,553.57
76.0,49.5,561.35,556.64
76.0,50.0,561.66,559.55
76.0,50.5,562.17,562.52
76.0,51.0,562.44,565.13
76.0,51.5,562.71,567.59
76.0,52.0,562.95,569.92
76.0,52.5,563.18,572.11
76.0,53.0,563.39,574.18
76.0,53.5,563.59,576.13
76.0,54.0,563.78,577.96
76.0,54.5,563.96,579.7
76.0,55.0,564.12,581.33
76.0,55.5,564.28,582.87
76.0,56.0,564.42,584.32
76.0,56.5,564.56,585.69
76.0,57.0,564.69,586.98
76.0,57.5,564.81,588.19
76.0,58.0,564.92,589.34
76.0,58.5,565.03,590.42
76.0,59.0,565.13,591.44
76.0,59.5,565.22,592.4
76.0,60.0,565.31,593.31
76.0,60.5,565.39,594.17
76.0,61.0,565.47,594.98
76.0,61.5,565.54,595.75
76.0,62.0,565.61,596.48
76.0,62.5,565.68,597.16
76.0,63.0,565.74,597.81
76.0,63.5,565.8,598.43
76.0,64.0,565.85,599.01
76.0,64.5,565.91,599.56
76.0,65.0,565.96,600.08
76.0,65.5,566.0,600.58
76.0,66.0,566.05,601.05
76.0,66.5,566.09,601.5
76.0,67.0,566.13,601.92
76.0,67.5,566.17,602.32
76.0,68.0,566.2,602.71
76.0,68.5,566.24,603.07
76.0,69.0,566.27,603.42
76.0,69.5,566.3,603.75
76.0,70.0,566.33,604.06
76.0,70.5,566.36,604.36
76.0,71.0,566.38,604.65
76.0,71.5,566.41,604.92
76.0,72.0,566.43,605.18
76.0,72.5,566.46,605.43
76.0,73.0,566.48,605.66
76.0,73.5,566.5,605.89
76.0,74.0,566.52,606.1
76.0,74.5,566.54,606.31
76.0,75.0,566.55,606.51
76.0,75.5,566.57,606.7
76.0,76.0,566.59,606.88
76.0,76.5,566.6,607.05
76.0,77.0,566.62,607.21
76.0,77.5,566.63,607.37
76.0,78.0,566.65,607.52
76.0,78.5,566.66,607.67
76.0,79.0,566.67,607.81
76.0,79.5,566.69,607.94
76.0,80.0,566.7,608.07
76.0,80.5,566.71,608.2
76.0,81.0,566.72,608.31
76.0,81.5,566.73,608.43
76.0,82.0,566.74,608.54
76.0,82.5,566.75,608.64
76.0,83.0,566.76,608.74
76.0,83.5,566.77,608.84
76.0,84.0,566.78,608.93
76.0,84.5,566.79,609.02
76.0,85.0,566.79,609.11
76.0,85.5,566.8,609.2
76.0,86.0,566.81,609.28
76.0,86.5,566.82,609.35
76.0,87.0,566.82,609.43
76.0,87.5,566.83,609.5
76.0,88.0,566.83,609.57
76.0,88.5,566.84,609.64
76.0,89.0,566.85,609.7
76.0,89.5,566.85,609.76
76.0,90.0,566.86,609.82
76.5,30.0,538.57,391.32
76.5,30.5,538.58,391.4
76.5,31.0,538.69,392.02
76.5,31.5,538.89,393.17
76.5,32.0,539.19,394.83
76.5,32.5,539.56,396.98
76.5,33.0,540.02,399.6
76.5,33.5,540.54,402.67
76.5,34.0,541.13,406.16
76.5,34.5,541.77,410.03
76.5,35.0,542.47,414.26
76.5,35.5,543.19,418.81
76.5,36.0,543.95,423.64
76.5,36.5,544.74,428.72
76.5,37.0,545.53,434.02
76.5,37.5,546.58,439.65
76.5,38.0,547.42,445.29
76.5,38.5,548.26,451.03
76.5,39.0,549.1,456.85
76.5,39.5,549.92,462.71
76.5,40.0,550.73,468.57
76.5,40.5,551.52,474.41
76.5,41.0,552.29,480.2
76.5,41.5,553.03,485.92
76.5,42.0,553.74,491.54
76.5,42.5,554.67,497.23
76.5,43.0,555.35,502.62
76.5,43.5,556.0,507.86
76.5,44.0,556.62,512.93
76.5,44.5,557.21,517.83
76.5,45.0,557.77,522.55
76.5,45.5,558.31,527.09
76.5,46.0,558.81,531.44
76.5,46.5,559.28,535.59
76.5,47.0,559.73,539.56
76.5,47.5,560.15,543.35
76.5,48.0,560.55,546.94
76.5,48.5,560.92,550.36
76.5,49.0,561.27,553.6
76.5,49.5,561.6,556.67
76.5,50.0,562.12,559.79
76.5,50.5,562.42,562.55
76.5,51.0,562.7,565.15
76.5,51.5,562.96,567.62
76.5,52.0,563.2,569.94
76.5,52.5,563.43,572.13
76.5,53.0,563.64,574.2
76.5,53.5,563.84,576.15
76.5,54.0,564.03,577.98
76.5,54.5,564.2,579.72
76.5,55.0,564.37,581.35
76.5,55.5,564.52,582.89
76.5,56.0,564.67,584.34
76.5,56.5,564.8,585.7
76.5,57.0,564.93,586.99
76.5,57.5,565.05,588.21
76.5,58.0,565.16,589.35
76.5,58.5,565.27,590.44
76.5,59.0,565.37,591.46
76.5,59.5,565.46,592.42
76.5,60.0,565.55,593.33
76.5,60.5,565.63,594.19
76.5,61.0,565.71,595.0
76.5,61.5,565.78,595.76
76.5,62.0,565.85,596.49
76.5,62.5,565.92,597.18
76.5,63.0,565.98,597.82
76.5,63.5,566.04,598.44
76.5,64.0,566.09,599.02
76.5,64.5,566.15,599.57
76.5,65.0,566.2,600.1
76.5,65.5,566.24,600.59
76.5,66.0,566.29,601.06
76.5,66.5,566.33,601.51
76.5,67.0,566.37,601.93
76.5,67.5,566.41,602.34
76.5,68.0,566.44,602.72
76.5,68.5,566.48,603.08
76.5,69.0,566.51,603.43
76.5,69.5,566.54,603.76
76.5,70.0,566.57,604.07
76.5,70.5,566.6,604.37
76.5,71.0,566.62,604.66
76.5,71.5,566.65,604.93
76.5,72.0,566.67,605.19
76.5,72.5,566.69,605.44
76.5,73.0,566.72,605.67
76.5,73.5,566.74,605.9
76.5,74.0,566.76,606.11
76.5,74.5,566.77,606.32
76.5,75.0,566.79,606.52
76.5,75.5,566.81,606.71
76.5,76.0,566.83,606.89
76.5,76.5,566.84,607.06
76.5,77.0,566.86,607.22
76.5,77.5,566.87,607.38
76.5,78.0,566.89,607.53
76.5,78.5,566.9,607.68
76.5,79.0,566.91,607.82
76.5,79.5,566.92,607.95
76.5,80.0,566.94,608.08
76.5,80.5,566.95,608.21
76.5,81.0,566.96,608.32
76.5,81.5,566.97,608.44
76.5,82.0,566.98,608.55
76.5,82.5,566.99,608.65
76.5,83.0,567.0,608.75
76.5,83.5,567.01,608.85
76.5,84.0,567.01,608.94
76.5,84.5,567.02,609.03
76.5,85.0,567.03,609.12
76.5,85.5,567.04,609.21
76.5,86.0,567.05,609.29
76.5,86.5,567.05,609.36
76.5,87.0,567.06,609.44
76.5,87.5,567.07,609.51
76.5,88.0,567.07,609.58
76.5,88.5,567.08,609.65
76.5,89.0,567.08,609.71
76.5,89.5,567.09,609.77
76.5,90.0,567.1,609.83
77.0,30.0,538.88,391.39
77.0,30.5,538.89,391.47
77.0,31.0,539.0,392.08
77.0,31.5,539.2,393.23
77.0,32.0,539.49,394.89
77.0,32.5,539.87,397.04
77.0,33.0,540.32,399.67
77.0,33.5,540.85,402.74
77.0,34.0,541.43,406.22
77.0,34.5,542.08,410.1
77.0,35.0,542.76,414.32
77.0,35.5,543.49,418.87
77.0,36.0,544.25,423.7
77.0,36.5,545.03,428.78
77.0,37.0,545.82,434.07
77.0,37.5,546.86,439.71
77.0,38.0,547.7,445.34
77.0,38.5,548.54,451.09
77.0,39.0,549.38,456.9
77.0,39.5,550.2,462.76
77.0,40.0,551.0,468.62
77.0,40.5,551.79,474.46
77.0,41.0,552.56,480.25
77.0,41.5,553.3,485.96
77.0,42.0,554.01,491.58
77.0,42.5,554.93,497.28
77.0,43.0,555.61,502.66
77.0,43.5,556.26,507.9
77.0,44.0,556.88,512.97
77.0,44.5,557.47,517.87
77.0,45.0,558.03,522.59
77.0,45.5,558.56,527.12
77.0,46.0,559.06,531.47
77.0,46.5,559.53,535.63
77.0,47.0,559.98,539.59
77.0,47.5,560.4,543.37
77.0,48.0,560.8,546.97
77.0,48.5,561.17,550.39
77.0,49.0,561.52,553.63
77.0,49.5,561.84,556.7
77.0,50.0,562.36,559.81
77.0,50.5,562.66,562.57
77.0,51.0,562.94,565.18
77.0,51.5,563.19,567.64
77.0,52.0,563.44,569.96
77.0,52.5,563.67,572.15
77.0,53.0,563.88,574.22
77.0,53.5,564.08,576.17
77.0,54.0,564.26,578.0
77.0,54.5,564.44,579.74
77.0,55.0,564.6,581.37
77.0,55.5,564.76,582.91
77.0,56.0,564.9,584.36
77.0,56.5,565.04,585.72
77.0,57.0,565.17,587.01
77.0,57.5,565.28,588.22
77.0,58.0,565.4,589.37
77.0,58.5,565.5,590.45
77.0,59.0,565.6,591.47
77.0,59.5,565.69,592.43
77.0,60.0,565.78,593.34
77.0,60.5,565.86,594.2
77.0,61.0,565.94,595.01
77.0,61.5,566.02,595.78
77.0,62.0,566.08,596.5
77.0,62.5,566.15,597.19
77.0,63.0,566.21,597.84
77.0,63.5,566.27,598.45
77.0,64.0,566.32,599.03
77.0,64.5,566.38,599.59
77.0,65.0,566.43,600.11
77.0,65.5,566.47,600.6
77.0,66.0,566.52,601.07
77.0,66.5,566.56,601.52
77.0,67.0,566.6,601.95
77.0,67.5,566.64,602.35
77.0,68.0,566.67,602.73
77.0,68.5,566.7,603.1
77.0,69.0,566.74,603.44
77.0,69.5,566.77,603.77
77.0,70.0,566.8,604.09
77.0,70.5,566.82,604.38
77.0,71.0,566.85,604.67
77.0,71.5,566.88,604.94
77.0,72.0,566.9,605.2
77.0,72.5,566.92,605.45
77.0,73.0,566.94,605.68
77.0,73.5,566.96,605.91
77.0,74.0,566.98,606.13
77.0,74.5,567.0,606.33
77.0,75.0,567.02,606.53
77.0,75.5,567.04,606.72
77.0,76.0,567.06,606.9
77.0,76.5,567.07,607.07
77.0,77.0,567.09,607.23
77.0,77.5,567.1,607.39
77.0,78.0,567.11,607.54
77.0,78.5,567.13,607.69
77.0,79.0,567.14,607.83
77.0,79.5,567.15,607.96
77.0,80.0,567.16,608.09
77.0,80.5,567.18,608.22
77.0,81.0,567.19,608.33
77.0,81.5,567.2,608.45
77.0,82.0,567.21,608.56
77.0,82.5,567.22,608.66
77.0,83.0,567.23,608.76
77.0,83.5,567.23,608.86
77.0,84.0,567.24,608.95
77.0,84.5,567.25,609.04
77.0,85.0,567.26,609.13
77.0,85.5,567.27,609.21
77.0,86.0,567.27,609.3
77.0,86.5,567.28,609.37
77.0,87.0,567.29,609.45
77.0,87.5,567.29,609.52
77.0,88.0,567.3,609.59
77.0,88.5,567.31,609.66
77.0,89.0,567.31,609.72
77.0,89.5,567.32,609.78
77.0,90.0,567.32,609.84
77.5,30.0,539.17,391.45
77.5,30.5,539.19,391.53
77.5,31.0,539.3,392.15
77.5,31.5,539.5,393.29
77.5,32.0,539.79,394.95
77.5,32.5,540.16,397.1
77.5,33.0,540.62,399.73
77.5,33.5,541.14,402.8
77.5,34.0,541.72,406.28
77.5,34.5,542.36,410.16
77.5,35.0,543.05,414.38
77.5,35.5,543.78,418.93
77.5,36.0,544.53,423.76
77.5,36.5,545.31,428.84
77.5,37.0,546.1,434.13
77.5,37.5,547.14,439.76
77.5,38.0,547.98,445.4
77.5,38.5,548.81,451.14
77.5,39.0,549.64,456.95
77.5,39.5,550.46,462.81
77.5,40.0,551.27,468.67
77.5,40.5,552.05,474.51
77.5,41.0,552.81,480.3
77.5,41.5,553.55,486.01
77.5,42.0,554.26,491.62
77.5,42.5,555.18,497.32
77.5,43.0,555.86,502.7
77.5,43.5,556.51,507.93
77.5,44.0,557.13,513.01
77.5,44.5,557.71,517.9
77.5,45.0,558.27,522.62
77.5,45.5,558.8,527.16
77.5,46.0,559.3,531.5
77.5,46.5,559.77,535.66
77.5,47.0,560.22,539.62
77.5,47.5,560.64,543.4
77.5,48.0,561.03,547.0
77.5,48.5,561.4,550.41
77.5,49.0,561.75,553.65
77.5,49.5,562.07,556.72
77.5,50.0,562.6,559.84
77.5,50.5,562.89,562.6
77.5,51.0,563.17,565.2
77.5,51.5,563.42,567.66
77.5,52.0,563.67,569.98
77.5,52.5,563.89,572.17
77.5,53.0,564.11,574.24
77.5,53.5,564.3,576.19
77.5,54.0,564.49,578.02
77.5,54.5,564.67,579.75
77.5,55.0,564.83,581.39
77.5,55.5,564.98,582.92
77.5,56.0,565.13,584.37
77.5,56.5,565.26,585.74
77.5,57.0,565.39,587.03
77.5,57.5,565.51,588.24
77.5,58.0,565.62,589.39
77.5,58.5,565.73,590.47
77.5,59.0,565.82,591.49
77.5,59.5,565.92,592.45
77.5,60.0,566.0,593.36
77.5,60.5,566.09,594.21
77.5,61.0,566.16,595.03
77.5,61.5,566.24,595.79
77.5,62.0,566.31,596.52
77.5,62.5,566.37,597.2
77.5,63.0,566.43,597.85
77.5,63.5,566.49,598.47
77.5,64.0,566.55,599.05
77.5,64.5,566.6,599.6
77.5,65.0,566.65,600.12
77.5,65.5,566.69,600.62
77.5,66.0,566.74,601.09
77.5,66.5,566.78,601.53
77.5,67.0,566.82,601.96
77.5,67.5,566.86,602.36
77.5,68.0,566.89,602.74
77.5,68.5,566.92,603.11
77.5,69.0,566.96,603.45
77.5,69.5,566.99,603.78
77.5,70.0,567.02,604.1
77.5,70.5,567.04,604.4
77.5,71.0,567.07,604.68
77.5,71.5,567.09,604.95
77.5,72.0,567.12,605.21
77.5,72.5,567.14,605.46
77.5,73.0,567.16,605.69
77.5,73.5,567.18,605.92
77.5,74.0,567.2,606.14
77.5,74.5,567.22,606.34
77.5,75.0,567.24,606.54
77.5,75.5,567.26,606.73
77.5,76.0,567.27,606.91
77.5,76.5,567.29,607.08
77.5,77.0,567.3,607.24
77.5,77.5,567.32,607.4
77.5,78.0,567.33,607.55
77.5,78.5,567.35,607.7
77.5,79.0,567.36,607.84
77.5,79.5,567.37,607.97
77.5,80.0,567.38,608.1
77.5,80.5,567.39,608.22
77.5,81.0,567.4,608.34
77.5,81.5,567.41,608.46
77.5,82.0,567.42,608.57
77.5,82.5,567.43,608.67
77.5,83.0,567.44,608.77
77.5,83.5,567.45,608.87
77.5,84.0,567.46,608.96
77.5,84.5,567.47,609.05
77.5,85.0,567.48,609.14
77.5,85.5,567.48,609.22
77.5,86.0,567.49,609.3
77.5,86.5,567.5,609.38
77.5,87.0,567.51,609.46
77.5,87.5,567.51,609.53
77.5,88.0,567.52,609.6
77.5,88.5,567.52,609.67
77.5,89.0,567.53,609.73
77.5,89.5,567.54,609.79
77.5,90.0,567.54,609.85
78.0,30.0,539.46,391.51
78.0,30.5,539.47,391.59
78.0,31.0,539.58,392.21
78.0,31.5,539.78,393.35
78.0,32.0,540.07,395.01
78.0,32.5,540.45,397.16
78.0,33.0,540.9,399.79
78.0,33.5,541.42,402.85
78.0,34.0,542.0,406.34
78.0,34.5,542.64,410.21
78.0,35.0,543.32,414.44
78.0,35.5,544.05,418.98
78.0,36.0,544.8,423.81
78.0,36.5,545.58,428.89
78.0,37.0,546.36,434.18
78.0,37.5,547.4,439.82
78.0,38.0,548.24,445.45
78.0,38.5,549.07,451.19
78.0,39.0,549.9,457.0
78.0,39.5,550.72,462.85
78.0,40.0,551.52,468.71
78.0,40.5,552.3,474.55
78.0,41.0,553.06,480.34
78.0,41.5,553.8,486.05
78.0,42.0,554.51,491.66
78.0,42.5,555.43,497.36
78.0,43.0,556.1,502.74
78.0,43.5,556.75,507.97
78.0,44.0,557.36,513.04
78.0,44.5,557.95,517.94
78.0,45.0,558.51,522.66
78.0,45.5,559.03,527.19
78.0,46.0,559.53,531.53
78.0,46.5,560.0,535.69
78.0,47.0,560.45,539.65
78.0,47.5,560.86,543.43
78.0,48.0,561.26,547.02
78.0,48.5,561.63,550.44
78.0,49.0,561.97,553.68
78.0,49.5,562.3,556.74
78.0,50.0,562.82,559.86
78.0,50.5,563.11,562.62
78.0,51.0,563.39,565.22
78.0,51.5,563.64,567.68
78.0,52.0,563.89,570.0
78.0,52.5,564.11,572.19
78.0,53.0,564.32,574.26
78.0,53.5,564.52,576.21
78.0,54.0,564.71,578.04
78.0,54.5,564.88,579.77
78.0,55.0,565.05,581.4
78.0,55.5,565.2,582.94
78.0,56.0,565.34,584.39
78.0,56.5,565.48,585.75
78.0,57.0,565.6,587.04
78.0,57.5,565.72,588.26
78.0,58.0,565.83,589.4
78.0,58.5,565.94,590.48
78.0,59.0,566.04,591.5
78.0,59.5,566.13,592.46
78.0,60.0,566.22,593.37
78.0,60.5,566.3,594.23
78.0,61.0,566.38,595.04
78.0,61.5,566.45,595.8
78.0,62.0,566.52,596.53
78.0,62.5,566.58,597.21
78.0,63.0,566.64,597.86
78.0,63.5,566.7,598.48
78.0,64.0,566.76,599.06
78.0,64.5,566.81,599.61
78.0,65.0,566.86,600.13
78.0,65.5,566.9,600.63
78.0,66.0,566.95,601.1
78.0,66.5,566.99,601.54
78.0,67.0,567.03,601.97
78.0,67.5,567.07,602.37
78.0,68.0,567.1,602.75
78.0,68.5,567.14,603.12
78.0,69.0,567.17,603.46
78.0,69.5,567.2,603.79
78.0,70.0,567.23,604.11
78.0,70.5,567.25,604.41
78.0,71.0,567.28,604.69
78.0,71.5,567.31,604.96
78.0,72.0,567.33,605.22
78.0,72.5,567.35,605.47
78.0,73.0,567.37,605.7
78.0,73.5,567.39,605.93
78.0,74.0,567.41,606.15
78.0,74.5,567.43,606.35
78.0,75.0,567.45,606.55
78.0,75.5,567.47,606.74
78.0,76.0,567.48,606.92
78.0,76.5,567.5,607.09
78.0,77.0,567.51,607.25
78.0,77.5,567.53,607.41
78.0,78.0,567.54,607.56
78.0,78.5,567.56,607.71
78.0,79.0,567.57,607.85
78.0,79.5,567.58,607.98
78.0,80.0,567.59,608.11
78.0,80.5,567.6,608.23
78.0,81.0,567.61,608.35
78.0,81.5,567.62,608.47
78.0,82.0,567.63,608.58
78.0,82.5,567.64,608.68
78.0,83.0,567.65,608.78
78.0,83.5,567.66,608.88
78.0,84.0,567.67,608.97
78.0,84.5,567.68,609.06
78.0,85.0,567.69,609.15
78.0,85.5,567.69,609.23
78.0,86.0,567.7,609.31
78.0,86.5,567.71,609.39
78.0,87.0,567.71,609.47
78.0,87.5,567.72,609.54
78.0,88.0,567.73,609.61
78.0,88.5,567.73,609.67
78.0,89.0,567.74,609.74
78.0,89.5,567.74,609.8
78.0,90.0,567.75,609.86
78.5,30.0,539.73,391.56
78.5,30.5,539.75,391.64
78.5,31.0,539.86,392.26
78.5,31.5,540.06,393.41
78.5,32.0,540.35,395.07
78.5,32.5,540.72,397.22
78.5,33.0,541.17,399.84
78.5,33.5,541.69,402.91
78.5,34.0,542.27,406.39
78.5,34.5,542.91,410.27
78.5,35.0,543.59,414.49
78.5,35.5,544.31,419.04
78.5,36.0,545.06,423.87
78.5,36.5,545.83,428.94
78.5,37.0,546.62,434.23
78.5,37.5,547.66,439.87
78.5,38.0,548.49,445.5
78.5,38.5,549.32,451.24
78.5,39.0,550.15,457.05
78.5,39.5,550.96,462.9
78.5,40.0,551.76,468.76
78.5,40.5,552.54,474.59
78.5,41.0,553.3,480.38
78.5,41.5,554.03,486.09
78.5,42.0,554.74,491.7
78.5,42.5,555.66,497.4
78.5,43.0,556.33,502.78
78.5,43.5,556.98,508.01
78.5,44.0,557.59,513.07
78.5,44.5,558.18,517.97
78.5,45.0,558.73,522.69
78.5,45.5,559.26,527.22
78.5,46.0,559.75,531.56
78.5,46.5,560.22,535.71
78.5,47.0,560.67,539.68
78.5,47.5,561.08,543.46
78.5,48.0,561.47,547.05
78.5,48.5,561.84,550.46
78.5,49.0,562.19,553.7
78.5,49.5,562.51,556.77
78.5,50.0,563.03,559.88
78.5,50.5,563.32,562.64
78.5,51.0,563.6,565.24
78.5,51.5,563.86,567.7
78.5,52.0,564.1,570.02
78.5,52.5,564.32,572.21
78.5,53.0,564.53,574.28
78.5,53.5,564.73,576.22
78.5,54.0,564.92,578.06
78.5,54.5,565.09,579.79
78.5,55.0,565.25,581.42
78.5,55.5,565.41,582.96
78.5,56.0,565.55,584.4
78.5,56.5,565.68,585.77
78.5,57.0,565.81,587.06
78.5,57.5,565.93,588.27
78.5,58.0,566.04,589.41
78.5,58.5,566.14,590.49
78.5,59.0,566.24,591.51
78.5,59.5,566.34,592.47
78.5,60.0,566.42,593.38
78.5,60.5,566.5,594.24
78.5,61.0,566.58,595.05
78.5,61.5,566.65,595.82
78.5,62.0,566.72,596.54
78.5,62.5,566.79,597.23
78.5,63.0,566.85,597.87
78.5,63.5,566.91,598.49
78.5,64.0,566.96,599.07
78.5,64.5,567.01,599.62
78.5,65.0,567.06,600.14
78.5,65.5,567.11,600.64
78.5,66.0,567.15,601.11
78.5,66.5,567.19,601.55
78.5,67.0,567.23,601.98
78.5,67.5,567.27,602.38
78.5,68.0,567.3,602.76
78.5,68.5,567.34,603.13
78.5,69.0,567.37,603.47
78.5,69.5,567.4,603.8
78.5,70.0,567.43,604.12
78.5,70.5,567.46,604.42
78.5,71.0,567.48,604.7
78.5,71.5,567.51,604.97
78.5,72.0,567.53,605.23
78.5,72.5,567.55,605.48
78.5,73.0,567.57,605.71
78.5,73.5,567.6,605.94
78.5,74.0,567.61,606.15
78.5,74.5,567.63,606.36
78.5,75.0,567.65,606.56
78.5,75.5,567.67,606.75
78.5,76.0,567.69,606.93
78.5,76.5,567.7,607.1
78.5,77.0,567.72,607.26
78.5,77.5,567.73,607.42
78.5,78.0,567.74,607.57
78.5,78.5,567.76,607.72
78.5,79.0,567.77,607.86
78.5,79.5,567.78,607.99
78.5,80.0,567.79,608.12
78.5,80.5,567.8,608.24
78.5,81.0,567.82,608.36
78.5,81.5,567.83,608.47
78.5,82.0,567.84,608.58
78.5,82.5,567.84,608.69
78.5,83.0,567.85,608.79
78.5,83.5,567.86,608.89
78.5,84.0,567.87,608.98
78.5,84.5,567.88,609.07
78.5,85.0,567.89,609.16
78.5,85.5,567.89,609.24
78.5,86.0,567.9,609.32
78.5,86.5,567.91,609.4
78.5,87.0,567.92,609.47
78.5,87.5,567.92,609.55
78.5,88.0,567.93,609.62
78.5,88.5,567.93,609.68
78.5,89.0,567.94,609.75
78.5,89.5,567.95,609.81
78.5,90.0,567.95,609.87
79.0,30.0,539.99,391.62
79.0,30.5,540.01,391.7
79.0,31.0,540.12,392.32
79.0,31.5,540.32,393.46
79.0,32.0,540.61,395.12
79.0,32.5,540.98,397.27
79.0,33.0,541.43,399.89
79.0,33.5,541.94,402.96
79.0,34.0,542.53,406.45
79.0,34.5,543.16,410.32
79.0,35.0,543.84,414.54
79.0,35.5,544.56,419.09
79.0,36.0,545.31,423.92
79.0,36.5,546.08,428.99
79.0,37.0,546.86,434.28
79.0,37.5,547.9,439.91
79.0,38.0,548.73,445.54
79.0,38.5,549.56,451.28
79.0,39.0,550.39,457.09
79.0,39.5,551.2,462.94
79.0,40.0,552.0,468.8
79.0,40.5,552.77,474.63
79.0,41.0,553.53,480.42
79.0,41.5,554.26,486.13
79.0,42.0,554.96,491.74
79.0,42.5,555.88,497.43
79.0,43.0,556.55,502.81
79.0,43.5,557.2,508.04
79.0,44.0,557.81,513.11
79.0,44.5,558.39,518.0
79.0,45.0,558.95,522.72
79.0,45.5,559.47,527.25
79.0,46.0,559.97,531.59
79.0,46.5,560.43,535.74
79.0,47.0,560.88,539.7
79.0,47.5,561.29,543.48
79.0,48.0,561.68,547.07
79.0,48.5,562.05,550.48
79.0,49.0,562.39,553.72
79.0,49.5,562.72,556.79
79.0,50.0,563.24,559.91
79.0,50.5,563.53,562.66
79.0,51.0,563.8,565.26
79.0,51.5,564.06,567.72
79.0,52.0,564.3,570.04
79.0,52.5,564.52,572.23
79.0,53.0,564.74,574.29
79.0,53.5,564.93,576.24
79.0,54.0,565.12,578.07
79.0,54.5,565.29,579.8
79.0,55.0,565.45,581.43
79.0,55.5,565.61,582.97
79.0,56.0,565.75,584.42
79.0,56.5,565.88,585.78
79.0,57.0,566.01,587.07
79.0,57.5,566.13,588.28
79.0,58.0,566.24,589.43
79.0,58.5,566.34,590.51
79.0,59.0,566.44,591.53
79.0,59.5,566.53,592.49
79.0,60.0,566.62,593.4
79.0,60.5,566.7,594.25
79.0,61.0,566.78,595.06
79.0,61.5,566.85,595.83
79.0,62.0,566.92,596.55
79.0,62.5,566.98,597.24
79.0,63.0,567.04,597.89
79.0,63.5,567.1,598.5
79.0,64.0,567.16,599.08
79.0,64.5,567.21,599.63
79.0,65.0,567.26,600.15
79.0,65.5,567.3,600.65
79.0,66.0,567.35,601.12
79.0,66.5,567.39,601.57
79.0,67.0,567.43,601.99
79.0,67.5,567.46,602.39
79.0,68.0,567.5,602.77
79.0,68.5,567.53,603.14
79.0,69.0,567.56,603.48
79.0,69.5,567.59,603.81
79.0,70.0,567.62,604.13
79.0,70.5,567.65,604.43
79.0,71.0,567.68,604.71
79.0,71.5,567.7,604.98
79.0,72.0,567.72,605.24
79.0,72.5,567.75,605.49
79.0,73.0,567.77,605.72
79.0,73.5,567.79,605.95
79.0,74.0,567.81,606.16
79.0,74.5,567.83,606.37
79.0,75.0,567.84,606.57
79.0,75.5,567.86,606.75
79.0,76.0,567.88,606.93
79.0,76.5,567.89,607.11
79.0,77.0,567.91,607.27
79.0,77.5,567.92,607.43
79.0,78.0,567.94,607.58
79.0,78.5,567.95,607.73
79.0,79.0,567.96,607.87
79.0,79.5,567.97,608.0
79.0,80.0,567.99,608.13
79.0,80.5,568.0,608.25
79.0,81.0,568.01,608.37
79.0,81.5,568.02,608.48
79.0,82.0,568.03,608.59
79.0,82.5,568.04,608.7
79.0,83.0,568.05,608.8
79.0,83.5,568.06,608.9
79.0,84.0,568.06,608.99
79.0,84.5,568.07,609.08
79.0,85.0,568.08,609.17
79.0,85.5,568.09,609.25
79.0,86.0,568.09,609.33
79.0,86.5,568.1,609.41
79.0,87.0,568.11,609.48
79.0,87.5,568.11,609.55
79.0,88.0,568.12,609.62
79.0,88.5,568.13,609.69
79.0,89.0,568.13,609.75
79.0,89.5,568.14,609.82
79.0,90.0,568.14,609.88
79.5,30.0,540.25,391.67
79.5,30.5,540.26,391.75
79.5,31.0,540.37,392.37
79.5,31.5,540.57,393.51
79.5,32.0,540.86,395.17
79.5,32.5,541.23,397.32
79.5,33.0,541.68,399.95
79.5,33.5,542.19,403.01
79.5,34.0,542.77,406.5
79.5,34.5,543.4,410.37
79.5,35.0,544.08,414.59
79.5,35.5,544.8,419.14
79.5,36.0,545.55,423.96
79.5,36.5,546.32,429.04
79.5,37.0,547.1,434.32
79.5,37.5,548.13,439.96
79.5,38.0,548.96,445.59
79.5,38.5,549.79,451.33
79.5,39.0,550.61,457.14
79.5,39.5,551.42,462.98
79.5,40.0,552.22,468.84
79.5,40.5,553.0,474.67
79.5,41.0,553.75,480.46
79.5,41.5,554.48,486.16
79.5,42.0,555.4,491.95
79.5,42.5,556.1,497.47
79.5,43.0,556.77,502.84
79.5,43.5,557.41,508.07
79.5,44.0,558.02,513.14
79.5,44.5,558.6,518.03
79.5,45.0,559.15,522.75
79.5,45.5,559.68,527.27
79.5,46.0,560.17,531.62
79.5,46.5,560.64,535.77
79.5,47.0,561.08,539.73
79.5,47.5,561.49,543.51
79.5,48.0,561.88,547.1
79.5,48.5,562.25,550.51
79.5,49.0,562.59,553.74
79.5,49.5,562.91,556.81
79.5,50.0,563.43,559.93
79.5,50.5,563.73,562.68
79.5,51.0,564.0,565.28
79.5,51.5,564.25,567.74
79.5,52.0,564.49,570.06
79.5,52.5,564.72,572.25
79.5,53.0,564.93,574.31
79.5,53.5,565.13,576.26
79.5,54.0,565.31,578.09
79.5,54.5,565.48,579.82
79.5,55.0,565.64,581.45
79.5,55.5,565.8,582.99
79.5,56.0,565.94,584.43
79.5,56.5,566.07,585.8
79.5,57.0,566.2,587.08
79.5,57.5,566.32,588.3
79.5,58.0,566.43,589.44
79.5,58.5,566.53,590.52
79.5,59.0,566.63,591.54
79.5,59.5,566.72,592.5
79.5,60.0,566.81,593.41
79.5,60.5,566.89,594.26
79.5,61.0,566.97,595.07
79.5,61.5,567.04,595.84
79.5,62.0,567.11,596.56
79.5,62.5,567.17,597.25
79.5,63.0,567.23,597.9
79.5,63.5,567.29,598.51
79.5,64.0,567.34,599.09
79.5,64.5,567.39,599.64
79.5,65.0,567.44,600.16
79.5,65.5,567.49,600.66
79.5,66.0,567.53,601.13
79.5,66.5,567.57,601.57
79.5,67.0,567.61,602.0
79.5,67.5,567.65,602.4
79.5,68.0,567.68,602.78
79.5,68.5,567.72,603.15
79.5,69.0,567.75,603.49
79.5,69.5,567.78,603.82
79.5,70.0,567.81,604.14
79.5,70.5,567.84,604.43
79.5,71.0,567.86,604.72
79.5,71.5,567.89,604.99
79.5,72.0,567.91,605.25
79.5,72.5,567.93,605.5
79.5,73.0,567.95,605.73
79.5,73.5,567.97,605.96
79.5,74.0,567.99,606.17
79.5,74.5,568.01,606.38
79.5,75.0,568.03,606.57
79.5,75.5,568.05,606.76
79.5,76.0,568.06,606.94
79.5,76.5,568.08,607.11
79.5,77.0,568.09,607.28
79.5,77.5,568.11,607.44
79.5,78.0,568.12,607.59
79.5,78.5,568.14,607.73
79.5,79.0,568.15,607.87
79.5,79.5,568.16,608.01
79.5,80.0,568.17,608.14
79.5,80.5,568.18,608.26
79.5,81.0,568.19,608.38
79.5,81.5,568.2,608.49
79.5,82.0,568.21,608.6
79.5,82.5,568.22,608.71
79.5,83.0,568.23,608.81
79.5,83.5,568.24,608.9
79.5,84.0,568.25,609.0
79.5,84.5,568.26,609.09
79.5,85.0,568.26,609.17
79.5,85.5,568.27,609.26
79.5,86.0,568.28,609.34
79.5,86.5,568.29,609.41
79.5,87.0,568.29,609.49
79.5,87.5,568.3,609.56
79.5,88.0,568.31,609.63
79.5,88.5,568.31,609.7
79.5,89.0,568.32,609.76
79.5,89.5,568.32,609.82
79.5,90.0,568.33,609.89
80.0,30.0,540.49,391.72
80.0,30.5,540.5,391.8
80.0,31.0,540.61,392.42
80.0,31.5,540.81,393.56
80.0,32.0,541.1,395.22
80.0,32.5,541.47,397.37
80.0,33.0,541.91,400.0
80.0,33.5,542.43,403.06
80.0,34.0,543.01,406.55
80.0,34.5,543.64,410.42
80.0,35.0,544.32,414.64
80.0,35.5,545.03,419.18
80.0,36.0,545.78,424.01
80.0,36.5,546.54,429.08
80.0,37.0,547.32,434.37
80.0,37.5,548.36,440.0
80.0,38.0,549.19,445.63
80.0,38.5,550.01,451.37
80.0,39.0,550.83,457.18
80.0,39.5,551.64,463.02
80.0,40.0,552.43,468.88
80.0,40.5,553.21,474.71
80.0,41.0,553.96,480.49
80.0,41.5,554.69,486.2
80.0,42.0,555.61,491.99
80.0,42.5,556.3,497.5
80.0,43.0,556.97,502.88
80.0,43.5,557.61,508.1
80.0,44.0,558.22,513.17
80.0,44.5,558.8,518.06
80.0,45.0,559.35,522.77
80.0,45.5,559.87,527.3
80.0,46.0,560.37,531.64
80.0,46.5,560.83,535.79
80.0,47.0,561.27,539.75
80.0,47.5,561.68,543.53
80.0,48.0,562.07,547.12
80.0,48.5,562.44,550.53
80.0,49.0,562.78,553.76
80.0,49.5,563.1,556.83
80.0,50.0,563.62,559.95
80.0,50.5,563.91,562.7
80.0,51.0,564.19,565.3
80.0,51.5,564.44,567.76
80.0,52.0,564.68,570.08
80.0,52.5,564.9,572.26
80.0,53.0,565.11,574.33
80.0,53.5,565.31,576.27
80.0,54.0,565.49,578.11
80.0,54.5,565.67,579.83
80.0,55.0,565.83,581.46
80.0,55.5,565.98,583.0
80.0,56.0,566.12,584.45
80.0,56.5,566.26,585.81
80.0,57.0,566.38,587.1
80.0,57.5,566.5,588.31
80.0,58.0,566.61,589.45
80.0,58.5,566.71,590.53
80.0,59.0,566.81,591.55
80.0,59.5,566.9,592.51
80.0,60.0,566.99,593.42
80.0,60.5,567.07,594.28
80.0,61.0,567.15,595.09
80.0,61.5,567.22,595.85
80.0,62.0,567.29,596.57
80.0,62.5,567.35,597.26
80.0,63.0,567.41,597.91
80.0,63.5,567.47,598.52
80.0,64.0,567.52,599.1
80.0,64.5,567.57,599.65
80.0,65.0,567.62,600.17
80.0,65.5,567.67,600.67
80.0,66.0,567.71,601.14
80.0,66.5,567.75,601.58
80.0,67.0,567.79,602.01
80.0,67.5,567.83,602.41
80.0,68.0,567.86,602.79
80.0,68.5,567.9,603.16
80.0,69.0,567.93,603.5
80.0,69.5,567.96,603.83
80.0,70.0,567.99,604.14
80.0,70.5,568.01,604.44
80.0,71.0,568.04,604.73
80.0,71.5,568.07,605.0
80.0,72.0,568.09,605.26
80.0,72.5,568.11,605.5
80.0,73.0,568.13,605.74
80.0,73.5,568.15,605.97
80.0,74.0,568.17,606.18
80.0,74.5,568.19,606.39
80.0,75.0,568.21,606.58
80.0,75.5,568.23,606.77
80.0,76.0,568.24,606.95
80.0,76.5,568.26,607.12
80.0,77.0,568.27,607.29
80.0,77.5,568.29,607.45
80.0,78.0,568.3,607.6
80.0,78.5,568.31,607.74
80.0,79.0,568.33,607.88
80.0,79.5,568.34,608.02
80.0,80.0,568.35,608.14
80.0,80.5,568.36,608.27
80.0,81.0,568.37,608.38
80.0,81.5,568.38,608.5
80.0,82.0,568.39,608.61
80.0,82.5,568.4,608.71
80.0,83.0,568.41,608.81
80.0,83.5,568.42,608.91
80.0,84.0,568.43,609.0
80.0,84.5,568.43,609.09
80.0,85.0,568.44,609.18
80.0,85.5,568.45,609.26
80.0,86.0,568.46,609.34
80.0,86.5,568.46,609.42
80.0,87.0,568.47,609.5
80.0,87.5,568.48,609.57
80.0,88.0,568.48,609.64
80.0,88.5,568.49,609.71
80.0,89.0,568.5,609.77
80.0,89.5,568.5,609.83
80.0,90.0,568.51,609.89
80.5,30.0,540.72,391.77
80.5,30.5,540.74,391.85
80.5,31.0,540.84,392.47
80.5,31.5,541.04,393.61
80.5,32.0,541.33,395.27
80.5,32.5,541.7,397.42
80.5,33.0,542.14,400.04
80.5,33.5,542.66,403.11
80.5,34.0,543.24,406.59
80.5,34.5,543.87,410.46
80.5,35.0,544.54,414.69
80.5,35.5,545.26,419.23
80.5,36.0,546.0,424.05
80.5,36.5,546.76,429.13
80.5,37.0,547.54,434.41
80.5,37.5,548.58,440.05
80.5,38.0,549.4,445.67
80.5,38.5,550.23,451.41
80.5,39.0,551.04,457.22
80.5,39.5,551.85,463.06
80.5,40.0,552.64,468.92
80.5,40.5,553.41,474.75
80.5,41.0,554.16,480.53
80.5,41.5,554.89,486.23
80.5,42.0,555.81,492.02
80.5,42.5,556.5,497.53
80.5,43.0,557.17,502.91
80.5,43.5,557.81,508.13
80.5,44.0,558.41,513.2
80.5,44.5,558.99,518.09
80.5,45.0,559.54,522.8
80.5,45.5,560.06,527.33
80.5,46.0,560.56,531.67
80.5,46.5,561.02,535.82
80.5,47.0,561.46,539.78
80.5,47.5,561.87,543.55
80.5,48.0,562.26,547.14
80.5,48.5,562.62,550.55
80.5,49.0,562.96,553.78
80.5,49.5,563.28,556.85
80.5,50.0,563.8,559.96
80.5,50.5,564.09,562.72
80.5,51.0,564.37,565.32
80.5,51.5,564.62,567.77
80.5,52.0,564.86,570.09
80.5,52.5,565.08,572.28
80.5,53.0,565.29,574.34
80.5,53.5,565.49,576.29
80.5,54.0,565.67,578.12
80.5,54.5,565.84,579.85
80.5,55.0,566.01,581.48
80.5,55.5,566.16,583.01
80.5,56.0,566.3,584.46
80.5,56.5,566.43,585.82
80.5,57.0,566.56,587.11
80.5,57.5,566.67,588.32
80.5,58.0,566.78,589.47
80.5,58.5,566.89,590.54
80.5,59.0,566.98,591.56
80.5,59.5,567.08,592.52
80.5,60.0,567.16,593.43
80.5,60.5,567.24,594.29
80.5,61.0,567.32,595.1
80.5,61.5,567.39,595.86
80.5,62.0,567.46,596.58
80.5,62.5,567.52,597.27
80.5,63.0,567.58,597.92
80.5,63.5,567.64,598.53
80.5,64.0,567.7,599.11
80.5,64.5,567.75,599.66
80.5,65.0,567.79,600.18
80.5,65.5,567.84,600.68
80.5,66.0,567.88,601.15
80.5,66.5,567.92,601.59
80.5,67.0,567.96,602.02
80.5,67.5,568.0,602.42
80.5,68.0,568.04,602.8
80.5,68.5,568.07,603.16
80.5,69.0,568.1,603.51
80.5,69.5,568.13,603.84
80.5,70.0,568.16,604.15
80.5,70.5,568.19,604.45
80.5,71.0,568.21,604.74
80.5,71.5,568.24,605.01
80.5,72.0,568.26,605.27
80.5,72.5,568.28,605.51
80.5,73.0,568.3,605.75
80.5,73.5,568.32,605.97
80.5,74.0,568.34,606.19
80.5,74.5,568.36,606.39
80.5,75.0,568.38,606.59
80.5,75.5,568.4,606.78
80.5,76.0,568.41,606.96
80.5,76.5,568.43,607.13
80.5,77.0,568.44,607.3
80.5,77.5,568.46,607.45
80.5,78.0,568.47,607.6
80.5,78.5,568.48,607.75
80.5,79.0,568.5,607.89
80.5,79.5,568.51,608.02
80.5,80.0,568.52,608.15
80.5,80.5,568.53,608.27
80.5,81.0,568.54,608.39
80.5,81.5,568.55,608.51
80.5,82.0,568.56,608.62
80.5,82.5,568.57,608.72
80.5,83.0,568.58,608.82
80.5,83.5,568.59,608.92
80.5,84.0,568.6,609.01
80.5,84.5,568.61,609.1
80.5,85.0,568.61,609.19
80.5,85.5,568.62,609.27
80.5,86.0,568.63,609.35
80.5,86.5,568.63,609.43
80.5,87.0,568.64,609.5
80.5,87.5,568.65,609.58
80.5,88.0,568.65,609.65
80.5,88.5,568.66,609.71
80.5,89.0,568.67,609.78
80.5,89.5,568.67,609.84
80.5,90.0,568.68,609.9
81.0,30.0,540.95,391.81
81.0,30.5,540.96,391.9
81.0,31.0,541.07,392.51
81.0,31.5,541.27,393.66
81.0,32.0,541.55,395.32
81.0,32.5,541.92,397.47
81.0,33.0,542.36,400.09
81.0,33.5,542.88,403.16
81.0,34.0,543.45,406.64
81.0,34.5,544.08,410.51
81.0,35.0,544.76,414.73
81.0,35.5,545.47,419.27
81.0,36.0,546.21,424.1
81.0,36.5,546.97,429.17
81.0,37.0,547.75,434.45
81.0,37.5,548.78,440.09
81.0,38.0,549.61,445.71
81.0,38.5,550.43,451.45
81.0,39.0,551.24,457.25
81.0,39.5,552.05,463.1
81.0,40.0,552.84,468.95
81.0,40.5,553.61,474.78
81.0,41.0,554.36,480.56
81.0,41.5,555.08,486.27
81.0,42.0,556.0,492.05
81.0,42.5,556.69,497.56
81.0,43.0,557.36,502.94
81.0,43.5,557.99,508.16
81.0,44.0,558.6,513.22
81.0,44.5,559.18,518.11
81.0,45.0,559.73,522.83
81.0,45.5,560.25,527.35
81.0,46.0,560.74,531.69
81.0,46.5,561.2,535.84
81.0,47.0,561.64,539.8
81.0,47.5,562.05,543.57
81.0,48.0,562.43,547.16
81.0,48.5,562.8,550.57
81.0,49.0,563.14,553.8
81.0,49.5,563.46,556.86
81.0,50.0,563.98,559.98
81.0,50.5,564.27,562.73
81.0,51.0,564.54,565.33
81.0,51.5,564.79,567.79
81.0,52.0,565.03,570.11
81.0,52.5,565.25,572.29
81.0,53.0,565.46,574.36
81.0,53.5,565.66,576.3
81.0,54.0,565.84,578.13
81.0,54.5,566.01,579.86
81.0,55.0,566.17,581.49
81.0,55.5,566.33,583.03
81.0,56.0,566.47,584.47
81.0,56.5,566.6,585.84
81.0,57.0,566.72,587.12
81.0,57.5,566.84,588.33
81.0,58.0,566.95,589.48
81.0,58.5,567.05,590.56
81.0,59.0,567.15,591.57
81.0,59.5,567.24,592.53
81.0,60.0,567.33,593.44
81.0,60.5,567.41,594.3
81.0,61.0,567.49,595.11
81.0,61.5,567.56,595.87
81.0,62.0,567.63,596.59
81.0,62.5,567.69,597.28
81.0,63.0,567.75,597.93
81.0,63.5,567.81,598.54
81.0,64.0,567.86,599.12
81.0,64.5,567.91,599.67
81.0,65.0,567.96,600.19
81.0,65.5,568.01,600.69
81.0,66.0,568.05,601.16
81.0,66.5,568.09,601.6
81.0,67.0,568.13,602.03
81.0,67.5,568.17,602.43
81.0,68.0,568.2,602.81
81.0,68.5,568.23,603.17
81.0,69.0,568.27,603.52
81.0,69.5,568.3,603.85
81.0,70.0,568.32,604.16
81.0,70.5,568.35,604.46
81.0,71.0,568.38,604.74
81.0,71.5,568.4,605.01
81.0,72.0,568.42,605.27
81.0,72.5,568.45,605.52
81.0,73.0,568.47,605.76
81.0,73.5,568.49,605.98
81.0,74.0,568.51,606.2
81.0,74.5,568.53,606.4
81.0,75.0,568.54,606.6
81.0,75.5,568.56,606.79
81.0,76.0,568.58,606.97
81.0,76.5,568.59,607.14
81.0,77.0,568.61,607.3
81.0,77.5,568.62,607.46
81.0,78.0,568.64,607.61
81.0,78.5,568.65,607.76
81.0,79.0,568.66,607.9
81.0,79.5,568.67,608.03
81.0,80.0,568.68,608.16
81.0,80.5,568.7,608.28
81.0,81.0,568.71,608.4
81.0,81.5,568.72,608.51
81.0,82.0,568.73,608.62
81.0,82.5,568.74,608.73
81.0,83.0,568.74,608.83
81.0,83.5,568.75,608.93
81.0,84.0,568.76,609.02
81.0,84.5,568.77,609.11
81.0,85.0,568.78,609.19
81.0,85.5,568.78,609.28
81.0,86.0,568.79,609.36
81.0,86.5,568.8,609.44
81.0,87.0,568.81,609.51
81.0,87.5,568.81,609.58
81.0,88.0,568.82,609.65
81.0,88.5,568.82,609.72
81.0,89.0,568.83,609.78
81.0,89.5,568.84,609.85
81.0,90.0,568.84,609.91
81.5,30.0,541.16,391.86
81.5,30.5,541.18,391.94
81.5,31.0,541.28,392.56
81.5,31.5,541.48,393.7
81.5,32.0,541.77,395.36
81.5,32.5,542.13,397.51
81.5,33.0,542.58,400.13
81.5,33.5,543.09,403.2
81.5,34.0,543.66,406.68
81.5,34.5,544.29,410.55
81.5,35.0,544.96,414.77
81.5,35.5,545.67,419.31
81.5,36.0,546.41,424.14
81.5,36.5,547.18,429.21
81.5,37.0,547.95,434.49
81.5,37.5,548.98,440.13
81.5,38.0,549.8,445.75
81.5,38.5,550.62,451.49
81.5,39.0,551.44,457.29
81.5,39.5,552.24,463.13
81.5,40.0,553.03,468.99
81.5,40.5,553.8,474.82
81.5,41.0,554.54,480.59
81.5,41.5,555.27,486.3
81.5,42.0,556.18,492.08
81.5,42.5,556.87,497.59
81.5,43.0,557.54,502.97
81.5,43.5,558.17,508.19
81.5,44.0,558.78,513.25
81.5,44.5,559.36,518.14
81.5,45.0,559.9,522.85
81.5,45.5,560.42,527.38
81.5,46.0,560.91,531.71
81.5,46.5,561.37,535.86
81.5,47.0,561.81,539.82
81.5,47.5,562.22,543.59
81.5,48.0,562.61,547.18
81.5,48.5,562.97,550.59
81.5,49.0,563.31,553.82
81.5,49.5,563.63,556.88
81.5,50.0,564.15,560.0
81.5,50.5,564.44,562.75
81.5,51.0,564.71,565.35
81.5,51.5,564.96,567.81
81.5,52.0,565.2,570.12
81.5,52.5,565.42,572.31
81.5,53.0,565.63,574.37
81.5,53.5,565.82,576.32
81.5,54.0,566.01,578.15
81.5,54.5,566.18,579.88
81.5,55.0,566.34,581.5
81.5,55.5,566.49,583.04
81.5,56.0,566.63,584.48
81.5,56.5,566.76,585.85
81.5,57.0,566.89,587.13
81.5,57.5,567.0,588.34
81.5,58.0,567.11,589.49
81.5,58.5,567.22,590.57
81.5,59.0,567.31,591.58
81.5,59.5,567.4,592.54
81.5,60.0,567.49,593.45
81.5,60.5,567.57,594.31
81.5,61.0,567.65,595.12
81.5,61.5,567.72,595.88
81.5,62.0,567.79,596.6
81.5,62.5,567.85,597.29
81.5,63.0,567.91,597.94
81.5,63.5,567.97,598.55
81.5,64.0,568.02,599.13
81.5,64.5,568.07,599.68
81.5,65.0,568.12,600.2
81.5,65.5,568.17,600.7
81.5,66.0,568.21,601.16
81.5,66.5,568.25,601.61
81.5,67.0,568.29,602.03
81.5,67.5,568.32,602.44
81.5,68.0,568.36,602.82
81.5,68.5,568.39,603.18
81.5,69.0,568.42,603.53
81.5,69.5,568.45,603.86
81.5,70.0,568.48,604.17
81.5,70.5,568.51,604.47
81.5,71.0,568.54,604.75
81.5,71.5,568.56,605.02
81.5,72.0,568.58,605.28
81.5,72.5,568.61,605.53
81.5,73.0,568.63,605.76
81.5,73.5,568.65,605.99
81.5,74.0,568.67,606.2
81.5,74.5,568.69,606.41
81.5,75.0,568.7,606.6
81.5,75.5,568.72,606.79
81.5,76.0,568.74,606.97
81.5,76.5,568.75,607.14
81.5,77.0,568.77,607.31
81.5,77.5,568.78,607.47
81.5,78.0,568.79,607.62
81.5,78.5,568.81,607.76
81.5,79.0,568.82,607.9
81.5,79.5,568.83,608.04
81.5,80.0,568.84,608.16
81.5,80.5,568.85,608.29
81.5,81.0,568.86,608.41
81.5,81.5,568.87,608.52
81.5,82.0,568.88,608.63
81.5,82.5,568.89,608.73
81.5,83.0,568.9,608.83
81.5,83.5,568.91,608.93
81.5,84.0,568.92,609.03
81.5,84.5,568.93,609.11
81.5,85.0,568.93,609.2
81.5,85.5,568.94,609.28
81.5,86.0,568.95,609.37
81.5,86.5,568.96,609.44
81.5,87.0,568.96,609.52
81.5,87.5,568.97,609.59
81.5,88.0,568.98,609.66
81.5,88.5,568.98,609.73
81.5,89.0,568.99,609.79
81.5,89.5,568.99,609.85
81.5,90.0,569.0,609.91
82.0,30.0,541.37,391.9
82.0,30.5,541.38,391.98
82.0,31.0,541.49,392.6
82.0,31.5,541.69,393.75
82.0,32.0,541.97,395.4
82.0,32.5,542.34,397.55
82.0,33.0,542.78,400.17
82.0,33.5,543.29,403.24
82.0,34.0,543.87,406.72
82.0,34.5,544.49,410.59
82.0,35.0,545.16,414.81
82.0,35.5,545.87,419.35
82.0,36.0,546.61,424.18
82.0,36.5,547.37,429.25
82.0,37.0,548.14,434.53
82.0,37.5,549.17,440.16
82.0,38.0,549.99,445.79
82.0,38.5,550.81,451.52
82.0,39.0,551.63,457.33
82.0,39.5,552.43,463.17
82.0,40.0,553.21,469.02
82.0,40.5,553.98,474.85
82.0,41.0,554.72,480.62
82.0,41.5,555.44,486.33
82.0,42.0,556.36,492.11
82.0,42.5,557.05,497.62
82.0,43.0,557.71,502.99
82.0,43.5,558.35,508.22
82.0,44.0,558.95,513.28
82.0,44.5,559.53,518.16
82.0,45.0,560.07,522.87
82.0,45.5,560.59,527.4
82.0,46.0,561.08,531.73
82.0,46.5,561.54,535.88
82.0,47.0,561.97,539.84
82.0,47.5,562.38,543.61
82.0,48.0,562.77,547.2
82.0,48.5,563.13,550.61
82.0,49.0,563.47,553.84
82.0,49.5,563.79,556.9
82.0,50.0,564.31,560.02
82.0,50.5,564.6,562.77
82.0,51.0,564.87,565.37
82.0,51.5,565.12,567.82
82.0,52.0,565.36,570.14
82.0,52.5,565.58,572.32
82.0,53.0,565.79,574.39
82.0,53.5,565.98,576.33
82.0,54.0,566.16,578.16
82.0,54.5,566.33,579.89
82.0,55.0,566.49,581.52
82.0,55.5,566.64,583.05
82.0,56.0,566.79,584.5
82.0,56.5,566.92,585.86
82.0,57.0,567.04,587.14
82.0,57.5,567.16,588.36
82.0,58.0,567.27,589.5
82.0,58.5,567.37,590.58
82.0,59.0,567.47,591.59
82.0,59.5,567.56,592.55
82.0,60.0,567.64,593.46
82.0,60.5,567.73,594.32
82.0,61.0,567.8,595.13
82.0,61.5,567.87,595.89
82.0,62.0,567.94,596.61
82.0,62.5,568.0,597.3
82.0,63.0,568.06,597.94
82.0,63.5,568.12,598.56
82.0,64.0,568.17,599.14
82.0,64.5,568.23,599.69
82.0,65.0,568.27,600.21
82.0,65.5,568.32,600.7
82.0,66.0,568.36,601.17
82.0,66.5,568.4,601.62
82.0,67.0,568.44,602.04
82.0,67.5,568.48,602.44
82.0,68.0,568.51,602.83
82.0,68.5,568.55,603.19
82.0,69.0,568.58,603.53
82.0,69.5,568.61,603.86
82.0,70.0,568.64,604.18
82.0,70.5,568.66,604.47
82.0,71.0,568.69,604.76
82.0,71.5,568.71,605.03
82.0,72.0,568.74,605.29
82.0,72.5,568.76,605.53
82.0,73.0,568.78,605.77
82.0,73.5,568.8,606.0
82.0,74.0,568.82,606.21
82.0,74.5,568.84,606.42
82.0,75.0,568.85,606.61
82.0,75.5,568.87,606.8
82.0,76.0,568.89,606.98
82.0,76.5,568.9,607.15
82.0,77.0,568.92,607.32
82.0,77.5,568.93,607.47
82.0,78.0,568.95,607.63
82.0,78.5,568.96,607.77
82.0,79.0,568.97,607.91
82.0,79.5,568.98,608.04
82.0,80.0,568.99,608.17
82.0,80.5,569.01,608.29
82.0,81.0,569.02,608.41
82.0,81.5,569.03,608.53
82.0,82.0,569.04,608.64
82.0,82.5,569.04,608.74
82.0,83.0,569.05,608.84
82.0,83.5,569.06,608.94
82.0,84.0,569.07,609.03
82.0,84.5,569.08,609.12
82.0,85.0,569.09,609.21
82.0,85.5,569.09,609.29
82.0,86.0,569.1,609.37
82.0,86.5,569.11,609.45
82.0,87.0,569.11,609.52
82.0,87.5,569.12,609.6
82.0,88.0,569.13,609.66
82.0,88.5,569.13,609.73
82.0,89.0,569.14,609.8
82.0,89.5,569.14,609.86
82.0,90.0,569.15,609.92
82.5,30.0,541.57,391.94
82.5,30.5,541.58,392.02
82.5,31.0,541.69,392.64
82.5,31.5,541.89,393.79
82.5,32.0,542.17,395.44
82.5,32.5,542.54,397.59
82.5,33.0,542.98,400.21
82.5,33.5,543.49,403.28
82.5,34.0,544.06,406.76
82.5,34.5,544.68,410.63
82.5,35.0,545.35,414.85
82.5,35.5,546.06,419.39
82.5,36.0,546.8,424.21
82.5,36.5,547.56,429.28
82.5,37.0,548.33,434.57
82.5,37.5,549.36,440.2
82.5,38.0,550.18,445.82
82.5,38.5,550.99,451.56
82.5,39.0,551.8,457.36
82.5,39.5,552.6,463.2
82.5,40.0,553.39,469.05
82.5,40.5,554.15,474.88
82.5,41.0,554.9,480.65
82.5,41.5,555.62,486.36
82.5,42.0,556.53,492.14
82.5,42.5,557.22,497.65
82.5,43.0,557.88,503.02
82.5,43.5,558.51,508.24
82.5,44.0,559.12,513.3
82.5,44.5,559.69,518.19
82.5,45.0,560.23,522.9
82.5,45.5,560.75,527.42
82.5,46.0,561.24,531.76
82.5,46.5,561.7,535.9
82.5,47.0,562.13,539.86
82.5,47.5,562.54,543.63
82.5,48.0,562.93,547.22
82.5,48.5,563.29,550.62
82.5,49.0,563.63,553.85
82.5,49.5,563.94,556.92
82.5,50.0,564.46,560.03
82.5,50.5,564.75,562.78
82.5,51.0,565.02,565.38
82.5,51.5,565.27,567.84
82.5,52.0,565.51,570.15
82.5,52.5,565.73,572.34
82.5,53.0,565.94,574.4
82.5,53.5,566.13,576.34
82.5,54.0,566.31,578.17
82.5,54.5,566.49,579.9
82.5,55.0,566.65,581.53
82.5,55.5,566.8,583.06
82.5,56.0,566.94,584.51
82.5,56.5,567.07,585.87
82.5,57.0,567.19,587.15
82.5,57.5,567.31,588.37
82.5,58.0,567.42,589.51
82.5,58.5,567.52,590.59
82.5,59.0,567.62,591.6
82.5,59.5,567.71,592.56
82.5,60.0,567.79,593.47
82.5,60.5,567.87,594.33
82.5,61.0,567.95,595.13
82.5,61.5,568.02,595.9
82.5,62.0,568.09,596.62
82.5,62.5,568.15,597.31
82.5,63.0,568.21,597.95
82.5,63.5,568.27,598.57
82.5,64.0,568.32,599.15
82.5,64.5,568.37,599.7
82.5,65.0,568.42,600.22
82.5,65.5,568.47,600.71
82.5,66.0,568.51,601.18
82.5,66.5,568.55,601.63
82.5,67.0,568.59,602.05
82.5,67.5,568.62,602.45
82.5,68.0,568.66,602.83
82.5,68.5,568.69,603.2
82.5,69.0,568.72,603.54
82.5,69.5,568.75,603.87
82.5,70.0,568.78,604.18
82.5,70.5,568.81,604.48
82.5,71.0,568.83,604.77
82.5,71.5,568.86,605.04
82.5,72.0,568.88,605.29
82.5,72.5,568.9,605.54
82.5,73.0,568.93,605.78
82.5,73.5,568.95,606.0
82.5,74.0,568.97,606.22
82.5,74.5,568.98,606.42
82.5,75.0,569.0,606.62
82.5,75.5,569.02,606.81
82.5,76.0,569.03,606.99
82.5,76.5,569.05,607.16
82.5,77.0,569.06,607.32
82.5,77.5,569.08,607.48
82.5,78.0,569.09,607.63
82.5,78.5,569.1,607.78
82.5,79.0,569.12,607.92
82.5,79.5,569.13,608.05
82.5,80.0,569.14,608.18
82.5,80.5,569.15,608.3
82.5,81.0,569.16,608.42
82.5,81.5,569.17,608.53
82.5,82.0,569.18,608.64
82.5,82.5,569.19,608.75
82.5,83.0,569.2,608.85
82.5,83.5,569.21,608.94
82.5,84.0,569.22,609.04
82.5,84.5,569.22,609.13
82.5,85.0,569.23,609.21
82.5,85.5,569.24,609.3
82.5,86.0,569.25,609.38
82.5,86.5,569.25,609.45
82.5,87.0,569.26,609.53
82.5,87.5,569.27,609.6
82.5,88.0,569.27,609.67
82.5,88.5,569.28,609.74
82.5,89.0,569.28,609.8
82.5,89.5,569.29,609.86
82.5,90.0,569.3,609.92
83.0,30.0,541.76,391.98
83.0,30.5,541.77,392.06
83.0,31.0,541.88,392.68
83.0,31.5,542.08,393.83
83.0,32.0,542.36,395.48
83.0,32.5,542.73,397.63
83.0,33.0,543.17,400.25
83.0,33.5,543.68,403.32
83.0,34.0,544.25,406.8
83.0,34.5,544.87,410.67
83.0,35.0,545.54,414.89
83.0,35.5,546.25,419.43
83.0,36.0,546.98,424.25
83.0,36.5,547.74,429.32
83.0,37.0,548.51,434.6
83.0,37.5,549.54,440.23
83.0,38.0,550.35,445.86
83.0,38.5,551.17,451.59
83.0,39.0,551.98,457.39
83.0,39.5,552.78,463.23
83.0,40.0,553.56,469.08
83.0,40.5,554.32,474.91
83.0,41.0,555.06,480.68
83.0,41.5,555.78,486.38
83.0,42.0,556.69,492.17
83.0,42.5,557.38,497.67
83.0,43.0,558.04,503.04
83.0,43.5,558.67,508.27
83.0,44.0,559.28,513.32
83.0,44.5,559.85,518.21
83.0,45.0,560.39,522.92
83.0,45.5,560.91,527.44
83.0,46.0,561.39,531.78
83.0,46.5,561.85,535.92
83.0,47.0,562.29,539.88
83.0,47.5,562.69,543.65
83.0,48.0,563.08,547.23
83.0,48.5,563.44,550.64
83.0,49.0,563.78,553.87
83.0,49.5,564.09,556.93
83.0,50.0,564.61,560.05
83.0,50.5,564.9,562.8
83.0,51.0,565.17,565.4
83.0,51.5,565.42,567.85
83.0,52.0,565.66,570.17
83.0,52.5,565.88,572.35
83.0,53.0,566.08,574.41
83.0,53.5,566.28,576.35
83.0,54.0,566.46,578.19
83.0,54.5,566.63,579.91
83.0,55.0,566.79,581.54
83.0,55.5,566.94,583.07
83.0,56.0,567.08,584.52
83.0,56.5,567.21,585.88
83.0,57.0,567.34,587.17
83.0,57.5,567.45,588.38
83.0,58.0,567.56,589.52
83.0,58.5,567.66,590.6
83.0,59.0,567.76,591.61
83.0,59.5,567.85,592.57
83.0,60.0,567.94,593.48
83.0,60.5,568.02,594.33
83.0,61.0,568.09,595.14
83.0,61.5,568.16,595.91
83.0,62.0,568.23,596.63
83.0,62.5,568.29,597.31
83.0,63.0,568.35,597.96
83.0,63.5,568.41,598.57
83.0,64.0,568.46,599.15
83.0,64.5,568.51,599.7
83.0,65.0,568.56,600.22
83.0,65.5,568.61,600.72
83.0,66.0,568.65,601.19
83.0,66.5,568.69,601.63
83.0,67.0,568.73,602.06
83.0,67.5,568.77,602.46
83.0,68.0,568.8,602.84
83.0,68.5,568.83,603.2
83.0,69.0,568.87,603.55
83.0,69.5,568.89,603.88
83.0,70.0,568.92,604.19
83.0,70.5,568.95,604.49
83.0,71.0,568.98,604.77
83.0,71.5,569.0,605.04
83.0,72.0,569.02,605.3
83.0,72.5,569.05,605.55
83.0,73.0,569.07,605.78
83.0,73.5,569.09,606.01
83.0,74.0,569.11,606.22
83.0,74.5,569.12,606.43
83.0,75.0,569.14,606.62
83.0,75.5,569.16,606.81
83.0,76.0,569.17,606.99
83.0,76.5,569.19,607.16
83.0,77.0,569.2,607.33
83.0,77.5,569.22,607.49
83.0,78.0,569.23,607.64
83.0,78.5,569.25,607.78
83.0,79.0,569.26,607.92
83.0,79.5,569.27,608.06
83.0,80.0,569.28,608.18
83.0,80.5,569.29,608.31
83.0,81.0,569.3,608.42
83.0,81.5,569.31,608.54
83.0,82.0,569.32,608.65
83.0,82.5,569.33,608.75
83.0,83.0,569.34,608.85
83.0,83.5,569.35,608.95
83.0,84.0,569.36,609.04
83.0,84.5,569.37,609.13
83.0,85.0,569.37,609.22
83.0,85.5,569.38,609.3
83.0,86.0,569.39,609.38
83.0,86.5,569.39,609.46
83.0,87.0,569.4,609.54
83.0,87.5,569.41,609.61
83.0,88.0,569.41,609.68
83.0,88.5,569.42,609.74
83.0,89.0,569.42,609.81
83.0,89.5,569.43,609.87
83.0,90.0,569.44,609.93
83.5,30.0,541.94,392.02
83.5,30.5,541.96,392.1
83.5,31.0,542.06,392.72
83.5,31.5,542.26,393.86
83.5,32.0,542.54,395.52
83.5,32.5,542.91,397.67
83.5,33.0,543.35,400.29
83.5,33.5,543.86,403.36
83.5,34.0,544.43,406.84
83.5,34.5,545.05,410.7
83.5,35.0,545.72,414.93
83.5,35.5,546.42,419.46
83.5,36.0,547.15,424.29
83.5,36.5,547.91,429.35
83.5,37.0,548.68,434.63
83.5,37.5,549.71,440.27
83.5,38.0,550.52,445.89
83.5,38.5,551.34,451.62
83.5,39.0,552.14,457.42
83.5,39.5,552.94,463.26
83.5,40.0,553.72,469.11
83.5,40.5,554.48,474.94
83.5,41.0,555.22,480.71
83.5,41.5,555.94,486.41
83.5,42.0,556.85,492.19
83.5,42.5,557.54,497.7
83.5,43.0,558.2,503.07
83.5,43.5,558.83,508.29
83.5,44.0,559.43,513.35
83.5,44.5,560.0,518.23
83.5,45.0,560.54,522.94
83.5,45.5,561.06,527.46
83.5,46.0,561.54,531.79
83.5,46.5,562.0,535.94
83.5,47.0,562.43,539.9
83.5,47.5,562.84,543.67
83.5,48.0,563.22,547.25
83.5,48.5,563.58,550.66
83.5,49.0,563.92,553.89
83.5,49.5,564.24,556.95
83.5,50.0,564.76,560.06
83.5,50.5,565.04,562.81
83.5,51.0,565.31,565.41
83.5,51.5,565.56,567.86
83.5,52.0,565.8,570.18
83.5,52.5,566.02,572.36
83.5,53.0,566.23,574.42
83.5,53.5,566.42,576.37
83.5,54.0,566.6,578.2
83.5,54.5,566.77,579.92
83.5,55.0,566.93,581.55
83.5,55.5,567.08,583.08
83.5,56.0,567.22,584.53
83.5,56.5,567.35,585.89
83.5,57.0,567.47,587.17
83.5,57.5,567.59,588.39
83.5,58.0,567.7,589.53
83.5,58.5,567.8,590.61
83.5,59.0,567.9,591.62
83.5,59.5,567.99,592.58
83.5,60.0,568.07,593.49
83.5,60.5,568.15,594.34
83.5,61.0,568.23,595.15
83.5,61.5,568.3,595.92
83.5,62.0,568.37,596.64
83.5,62.5,568.43,597.32
83.5,63.0,568.49,597.97
83.5,63.5,568.55,598.58
83.5,64.0,568.6,599.16
83.5,64.5,568.65,599.71
83.5,65.0,568.7,600.23
83.5,65.5,568.74,600.73
83.5,66.0,568.79,601.2
83.5,66.5,568.83,601.64
83.5,67.0,568.87,602.06
83.5,67.5,568.9,602.46
83.5,68.0,568.94,602.85
83.5,68.5,568.97,603.21
83.5,69.0,569.0,603.55
83.5,69.5,569.03,603.88
83.5,70.0,569.06,604.2
83.5,70.5,569.09,604.49
83.5,71.0,569.11,604.78
83.5,71.5,569.14,605.05
83.5,72.0,569.16,605.31
83.5,72.5,569.18,605.55
83.5,73.0,569.2,605.79
83.5,73.5,569.22,606.01
83.5,74.0,569.24,606.23
83.5,74.5,569.26,606.43
83.5,75.0,569.28,606.63
83.5,75.5,569.29,606.82
83.5,76.0,569.31,607.0
83.5,76.5,569.33,607.17
83.5,77.0,569.34,607.34
83.5,77.5,569.35,607.49
83.5,78.0,569.37,607.64
83.5,78.5,569.38,607.79
83.5,79.0,569.39,607.93
83.5,79.5,569.4,608.06
83.5,80.0,569.42,608.19
83.5,80.5,569.43,608.31
83.5,81.0,569.44,608.43
83.5,81.5,569.45,608.54
83.5,82.0,569.46,608.65
83.5,82.5,569.47,608.76
83.5,83.0,569.48,608.86
83.5,83.5,569.48,608.96
83.5,84.0,569.49,609.05
83.5,84.5,569.5,609.14
83.5,85.0,569.51,609.23
83.5,85.5,569.52,609.31
83.5,86.0,569.52,609.39
83.5,86.5,569.53,609.47
83.5,87.0,569.54,609.54
83.5,87.5,569.54,609.61
83.5,88.0,569.55,609.68
83.5,88.5,569.55,609.75
83.5,89.0,569.56,609.81
83.5,89.5,569.57,609.88
83.5,90.0,569.57,609.94
84.0,30.0,542.12,392.06
84.0,30.5,542.13,392.14
84.0,31.0,542.24,392.76
84.0,31.5,542.44,393.9
84.0,32.0,542.72,395.56
84.0,32.5,543.08,397.71
84.0,33.0,543.52,400.33
84.0,33.5,544.03,403.39
84.0,34.0,544.6,406.87
84.0,34.5,545.22,410.74
84.0,35.0,545.89,414.96
84.0,35.5,546.59,419.5
84.0,36.0,547.32,424.32
84.0,36.5,548.08,429.39
84.0,37.0,548.84,434.67
84.0,37.5,549.87,440.3
84.0,38.0,550.69,445.92
84.0,38.5,551.5,451.65
84.0,39.0,552.3,457.45
84.0,39.5,553.1,463.29
84.0,40.0,553.88,469.14
84.0,40.5,554.64,474.96
84.0,41.0,555.38,480.74
84.0,41.5,556.09,486.44
84.0,42.0,557.0,492.22
84.0,42.5,557.69,497.72
84.0,43.0,558.35,503.09
84.0,43.5,558.98,508.31
84.0,44.0,559.58,513.37
84.0,44.5,560.15,518.25
84.0,45.0,560.69,522.96
84.0,45.5,561.2,527.48
84.0,46.0,561.69,531.81
84.0,46.5,562.14,535.96
84.0,47.0,562.58,539.91
84.0,47.5,562.98,543.68
84.0,48.0,563.36,547.27
84.0,48.5,563.72,550.67
84.0,49.0,564.06,553.9
84.0,49.5,564.38,556.96
84.0,50.0,564.89,560.08
84.0,50.5,565.18,562.83
84.0,51.0,565.45,565.42
84.0,51.5,565.7,567.88
84.0,52.0,565.93,570.19
84.0,52.5,566.15,572.38
84.0,53.0,566.36,574.44
84.0,53.5,566.55,576.38
84.0,54.0,566.74,578.21
84.0,54.5,566.91,579.93
84.0,55.0,567.06,581.56
84.0,55.5,567.21,583.09
84.0,56.0,567.35,584.54
84.0,56.5,567.49,585.9
84.0,57.0,567.61,587.18
84.0,57.5,567.72,588.4
84.0,58.0,567.83,589.54
84.0,58.5,567.93,590.61
84.0,59.0,568.03,591.63
84.0,59.5,568.12,592.59
84.0,60.0,568.21,593.5
84.0,60.5,568.29,594.35
84.0,61.0,568.36,595.16
84.0,61.5,568.43,595.92
84.0,62.0,568.5,596.65
84.0,62.5,568.56,597.33
84.0,63.0,568.62,597.98
84.0,63.5,568.68,598.59
84.0,64.0,568.73,599.17
84.0,64.5,568.78,599.72
84.0,65.0,568.83,600.24
84.0,65.5,568.88,600.73
84.0,66.0,568.92,601.2
84.0,66.5,568.96,601.65
84.0,67.0,569.0,602.07
84.0,67.5,569.03,602.47
84.0,68.0,569.07,602.85
84.0,68.5,569.1,603.22
84.0,69.0,569.13,603.56
84.0,69.5,569.16,603.89
84.0,70.0,569.19,604.2
84.0,70.5,569.22,604.5
84.0,71.0,569.24,604.78
84.0,71.5,569.27,605.06
84.0,72.0,569.29,605.31
84.0,72.5,569.31,605.56
84.0,73.0,569.33,605.8
84.0,73.5,569.35,606.02
84.0,74.0,569.37,606.24
84.0,74.5,569.39,606.44
84.0,75.0,569.41,606.64
84.0,75.5,569.42,606.82
84.0,76.0,569.44,607.0
84.0,76.5,569.46,607.18
84.0,77.0,569.47,607.34
84.0,77.5,569.48,607.5
84.0,78.0,569.5,607.65
84.0,78.5,569.51,607.79
84.0,79.0,569.52,607.93
84.0,79.5,569.53,608.07
84.0,80.0,569.55,608.2
84.0,80.5,569.56,608.32
84.0,81.0,569.57,608.44
84.0,81.5,569.58,608.55
84.0,82.0,569.59,608.66
84.0,82.5,569.6,608.76
84.0,83.0,569.61,608.86
84.0,83.5,569.61,608.96
84.0,84.0,569.62,609.05
84.0,84.5,569.63,609.14
84.0,85.0,569.64,609.23
84.0,85.5,569.65,609.31
84.0,86.0,569.65,609.39
84.0,86.5,569.66,609.47
84.0,87.0,569.67,609.55
84.0,87.5,569.67,609.62
84.0,88.0,569.68,609.69
84.0,88.5,569.68,609.75
84.0,89.0,569.69,609.82
84.0,89.5,569.7,609.88
84.0,90.0,569.7,609.94
84.5,30.0,542.29,392.09
84.5,30.5,542.3,392.17
84.5,31.0,542.41,392.79
84.5,31.5,542.61,393.94
84.5,32.0,542.89,395.59
84.5,32.5,543.25,397.74
84.5,33.0,543.69,400.36
84.5,33.5,544.2,403.43
84.5,34.0,544.77,406.91
84.5,34.5,545.39,410.77
84.5,35.0,546.05,414.99
84.5,35.5,546.75,419.53
84.5,36.0,547.48,424.35
84.5,36.5,548.24,429.42
84.5,37.0,549.0,434.7
84.5,37.5,550.03,440.33
84.5,38.0,550.84,445.95
84.5,38.5,551.65,451.68
84.5,39.0,552.46,457.48
84.5,39.5,553.25,463.32
84.5,40.0,554.03,469.17
84.5,40.5,554.79,474.99
84.5,41.0,555.53,480.76
84.5,41.5,556.24,486.46
84.5,42.0,557.15,492.24
84.5,42.5,557.84,497.75
84.5,43.0,558.49,503.12
84.5,43.5,559.12,508.33
84.5,44.0,559.72,513.39
84.5,44.5,560.29,518.27
84.5,45.0,560.83,522.98
84.5,45.5,561.34,527.5
84.5,46.0,561.82,531.83
84.5,46.5,562.28,535.98
84.5,47.0,562.71,539.93
84.5,47.5,563.12,543.7
84.5,48.0,563.5,547.28
84.5,48.5,563.86,550.69
84.5,49.0,564.19,553.91
84.5,49.5,564.51,556.97
84.5,50.0,565.03,560.09
84.5,50.5,565.31,562.84
84.5,51.0,565.58,565.44
84.5,51.5,565.83,567.89
84.5,52.0,566.07,570.2
84.5,52.5,566.29,572.39
84.5,53.0,566.49,574.45
84.5,53.5,566.69,576.39
84.5,54.0,566.87,578.22
84.5,54.5,567.04,579.94
84.5,55.0,567.19,581.57
84.5,55.5,567.34,583.1
84.5,56.0,567.48,584.55
84.5,56.5,567.61,585.91
84.5,57.0,567.74,587.19
84.5,57.5,567.85,588.4
84.5,58.0,567.96,589.55
84.5,58.5,568.06,590.62
84.5,59.0,568.16,591.64
84.5,59.5,568.25,592.6
84.5,60.0,568.33,593.5
84.5,60.5,568.41,594.36
84.5,61.0,568.49,595.17
84.5,61.5,568.56,595.93
84.5,62.0,568.63,596.65
84.5,62.5,568.69,597.34
84.5,63.0,568.75,597.98
84.5,63.5,568.81,598.6
84.5,64.0,568.86,599.18
84.5,64.5,568.91,599.73
84.5,65.0,568.96,600.25
84.5,65.5,569.0,600.74
84.5,66.0,569.04,601.21
84.5,66.5,569.08,601.65
84.5,67.0,569.12,602.08
84.5,67.5,569.16,602.48
84.5,68.0,569.19,602.86
84.5,68.5,569.23,603.22
84.5,69.0,569.26,603.57
84.5,69.5,569.29,603.9
84.5,70.0,569.32,604.21
84.5,70.5,569.34,604.51
84.5,71.0,569.37,604.79
84.5,71.5,569.39,605.06
84.5,72.0,569.42,605.32
84.5,72.5,569.44,605.57
84.5,73.0,569.46,605.8
84.5,73.5,569.48,606.03
84.5,74.0,569.5,606.24
84.5,74.5,569.52,606.45
84.5,75.0,569.53,606.64
84.5,75.5,569.55,606.83
84.5,76.0,569.57,607.01
84.5,76.5,569.58,607.18
84.5,77.0,569.6,607.35
84.5,77.5,569.61,607.5
84.5,78.0,569.62,607.66
84.5,78.5,569.64,607.8
84.5,79.0,569.65,607.94
84.5,79.5,569.66,608.07
84.5,80.0,569.67,608.2
84.5,80.5,569.68,608.32
84.5,81.0,569.69,608.44
84.5,81.5,569.7,608.56
84.5,82.0,569.71,608.66
84.5,82.5,569.72,608.77
84.5,83.0,569.73,608.87
84.5,83.5,569.74,608.97
84.5,84.0,569.75,609.06
84.5,84.5,569.76,609.15
84.5,85.0,569.76,609.24
84.5,85.5,569.77,609.32
84.5,86.0,569.78,609.4
84.5,86.5,569.78,609.48
84.5,87.0,569.79,609.55
84.5,87.5,569.8,609.62
84.5,88.0,569.8,609.69
84.5,88.5,569.81,609.76
84.5,89.0,569.81,609.82
84.5,89.5,569.82,609.89
84.5,90.0,569.83,609.95
85.0,30.0,542.46,392.13
85.0,30.5,542.47,392.21
85.0,31.0,542.58,392.82
85.0,31.5,542.77,393.97
85.0,32.0,543.05,395.63
85.0,32.5,543.42,397.77
85.0,33.0,543.85,400.39
85.0,33.5,544.36,403.46
85.0,34.0,544.93,406.94
85.0,34.5,545.55,410.81
85.0,35.0,546.21,415.03
85.0,35.5,546.91,419.56
85.0,36.0,547.64,424.38
85.0,36.5,548.39,429.45
85.0,37.0,549.16,434.73
85.0,37.5,550.18,440.36
85.0,38.0,550.99,445.98
85.0,38.5,551.8,451.71
85.0,39.0,552.61,457.51
85.0,39.5,553.4,463.35
85.0,40.0,554.18,469.19
85.0,40.5,554.93,475.02
85.0,41.0,555.67,480.79
85.0,41.5,556.38,486.48
85.0,42.0,557.29,492.27
85.0,42.5,557.98,497.77
85.0,43.0,558.63,503.14
85.0,43.5,559.26,508.35
85.0,44.0,559.85,513.41
85.0,44.5,560.42,518.29
85.0,45.0,560.96,523.0
85.0,45.5,561.47,527.52
85.0,46.0,561.96,531.85
85.0,46.5,562.41,535.99
85.0,47.0,562.84,539.95
85.0,47.5,563.25,543.71
85.0,48.0,563.63,547.3
85.0,48.5,563.99,550.7
85.0,49.0,564.32,553.93
85.0,49.5,564.85,557.2
85.0,50.0,565.16,560.1
85.0,50.5,565.44,562.85
85.0,51.0,565.71,565.45
85.0,51.5,565.96,567.9
85.0,52.0,566.19,570.21
85.0,52.5,566.41,572.4
85.0,53.0,566.62,574.46
85.0,53.5,566.81,576.4
85.0,54.0,566.99,578.23
85.0,54.5,567.16,579.95
85.0,55.0,567.32,581.58
85.0,55.5,567.47,583.11
85.0,56.0,567.61,584.56
85.0,56.5,567.74,585.92
85.0,57.0,567.86,587.2
85.0,57.5,567.98,588.41
85.0,58.0,568.08,589.55
85.0,58.5,568.19,590.63
85.0,59.0,568.28,591.65
85.0,59.5,568.37,592.61
85.0,60.0,568.46,593.51
85.0,60.5,568.54,594.37
85.0,61.0,568.61,595.17
85.0,61.5,568.68,595.94
85.0,62.0,568.75,596.66
85.0,62.5,568.81,597.34
85.0,63.0,568.87,597.99
85.0,63.5,568.93,598.6
85.0,64.0,568.98,599.18
85.0,64.5,569.03,599.73
85.0,65.0,569.08,600.25
85.0,65.5,569.12,600.75
85.0,66.0,569.17,601.22
85.0,66.5,569.21,601.66
85.0,67.0,569.24,602.08
85.0,67.5,569.28,602.48
85.0,68.0,569.32,602.87
85.0,68.5,569.35,603.23
85.0,69.0,569.38,603.57
85.0,69.5,569.41,603.9
85.0,70.0,569.44,604.21
85.0,70.5,569.46,604.51
85.0,71.0,569.49,604.8
85.0,71.5,569.51,605.07
85.0,72.0,569.54,605.33
85.0,72.5,569.56,605.57
85.0,73.0,569.58,605.81
85.0,73.5,569.6,606.03
85.0,74.0,569.62,606.25
85.0,74.5,569.64,606.45
85.0,75.0,569.65,606.65
85.0,75.5,569.67,606.84
85.0,76.0,569.69,607.02
85.0,76.5,569.7,607.19
85.0,77.0,569.72,607.35
85.0,77.5,569.73,607.51
85.0,78.0,569.74,607.66
85.0,78.5,569.76,607.81
85.0,79.0,569.77,607.94
85.0,79.5,569.78,608.08
85.0,80.0,569.79,608.21
85.0,80.5,569.8,608.33
85.0,81.0,569.81,608.45
85.0,81.5,569.82,608.56
85.0,82.0,569.83,608.67
85.0,82.5,569.84,608.77
85.0,83.0,569.85,608.87
85.0,83.5,569.86,608.97
85.0,84.0,569.87,609.06
85.0,84.5,569.88,609.15
85.0,85.0,569.88,609.24
85.0,85.5,569.89,609.32
85.0,86.0,569.9,609.4
85.0,86.5,569.9,609.48
85.0,87.0,569.91,609.56
85.0,87.5,569.92,609.63
85.0,88.0,569.92,609.7
85.0,88.5,569.93,609.76
85.0,89.0,569.94,609.83
85.0,89.5,569.94,609.89
85.0,90.0,569.95,609.95
85.5,30.0,542.61,392.16
85.5,30.5,542.63,392.24
85.5,31.0,542.73,392.86
85.5,31.5,542.93,394.0
85.5,32.0,543.21,395.66
85.5,32.5,543.57,397.81
85.5,33.0,544.01,400.43
85.5,33.5,544.52,403.49
85.5,34.0,545.08,406.97
85.5,34.5,545.7,410.84
85.5,35.0,546.36,415.06
85.5,35.5,547.06,419.59
85.5,36.0,547.79,424.41
85.5,36.5,548.54,429.48
85.5,37.0,549.3,434.76
85.5,37.5,550.33,440.39
85.5,38.0,551.14,446.01
85.5,38.5,551.95,451.74
85.5,39.0,552.75,457.54
85.5,39.5,553.54,463.37
85.5,40.0,554.32,469.22
85.5,40.5,555.07,475.04
85.5,41.0,555.81,480.81
85.5,41.5,556.52,486.51
85.5,42.0,557.43,492.29
85.5,42.5,558.11,497.79
85.5,43.0,558.76,503.16
85.5,43.5,559.39,508.37
85.5,44.0,559.99,513.43
85.5,44.5,560.55,518.31
85.5,45.0,561.09,523.02
85.5,45.5,561.6,527.53
85.5,46.0,562.09,531.87
85.5,46.5,562.54,536.01
85.5,47.0,562.97,539.96
85.5,47.5,563.37,543.73
85.5,48.0,563.75,547.31
85.5,48.5,564.11,550.71
85.5,49.0,564.45,553.94
85.5,49.5,564.98,557.21
85.5,50.0,565.28,560.12
85.5,50.5,565.56,562.86
85.5,51.0,565.83,565.46
85.5,51.5,566.08,567.91
85.5,52.0,566.31,570.23
85.5,52.5,566.53,572.41
85.5,53.0,566.74,574.47
85.5,53.5,566.93,576.41
85.5,54.0,567.11,578.24
85.5,54.5,567.28,579.96
85.5,55.0,567.44,581.59
85.5,55.5,567.59,583.12
85.5,56.0,567.73,584.57
85.5,56.5,567.86,585.93
85.5,57.0,567.98,587.21
85.5,57.5,568.1,588.42
85.5,58.0,568.2,589.56
85.5,58.5,568.31,590.64
85.5,59.0,568.4,591.65
85.5,59.5,568.49,592.61
85.5,60.0,568.58,593.52
85.5,60.5,568.65,594.37
85.5,61.0,568.73,595.18
85.5,61.5,568.8,595.95
85.5,62.0,568.87,596.67
85.5,62.5,568.93,597.35
85.5,63.0,568.99,598.0
85.5,63.5,569.05,598.61
85.5,64.0,569.1,599.19
85.5,64.5,569.15,599.74
85.5,65.0,569.2,600.26
85.5,65.5,569.24,600.75
85.5,66.0,569.28,601.22
85.5,66.5,569.32,601.67
85.5,67.0,569.36,602.09
85.5,67.5,569.4,602.49
85.5,68.0,569.43,602.87
85.5,68.5,569.47,603.23
85.5,69.0,569.5,603.58
85.5,69.5,569.53,603.91
85.5,70.0,569.55,604.22
85.5,70.5,569.58,604.52
85.5,71.0,569.61,604.8
85.5,71.5,569.63,605.07
85.5,72.0,569.65,605.33
85.5,72.5,569.68,605.58
85.5,73.0,569.7,605.81
85.5,73.5,569.72,606.04
85.5,74.0,569.74,606.25
85.5,74.5,569.75,606.46
85.5,75.0,569.77,606.65
85.5,75.5,569.79,606.84
85.5,76.0,569.8,607.02
85.5,76.5,569.82,607.19
85.5,77.0,569.83,607.36
85.5,77.5,569.85,607.51
85.5,78.0,569.86,607.67
85.5,78.5,569.87,607.81
85.5,79.0,569.89,607.95
85.5,79.5,569.9,608.08
85.5,80.0,569.91,608.21
85.5,80.5,569.92,608.33
85.5,81.0,569.93,608.45
85.5,81.5,569.94,608.57
85.5,82.0,569.95,608.67
85.5,82.5,569.96,608.78
85.5,83.0,569.97,608.88
85.5,83.5,569.98,608.98
85.5,84.0,569.98,609.07
85.5,84.5,569.99,609.16
85.5,85.0,570.0,609.25
85.5,85.5,570.01,609.33
85.5,86.0,570.01,609.41
85.5,86.5,570.02,609.49
85.5,87.0,570.03,609.56
85.5,87.5,570.03,609.63
85.5,88.0,570.04,609.7
85.5,88.5,570.05,609.77
85.5,89.0,570.05,609.83
85.5,89.5,570.06,609.9
85.5,90.0,570.06,609.96
86.0,30.0,542.77,392.19
86.0,30.5,542.78,392.27
86.0,31.0,542.89,392.89
86.0,31.5,543.08,394.03
86.0,32.0,543.36,395.69
86.0,32.5,543.72,397.84
86.0,33.0,544.16,400.46
86.0,33.5,544.67,403.52
86.0,34.0,545.23,407.0
86.0,34.5,545.85,410.87
86.0,35.0,546.51,415.09
86.0,35.5,547.21,419.62
86.0,36.0,547.94,424.44
86.0,36.5,548.68,429.51
86.0,37.0,549.45,434.79
86.0,37.5,550.47,440.42
86.0,38.0,551.28,446.04
86.0,38.5,552.09,451.76
86.0,39.0,552.89,457.56
86.0,39.5,553.68,463.4
86.0,40.0,554.45,469.24
86.0,40.5,555.21,475.06
86.0,41.0,555.94,480.83
86.0,41.5,556.65,486.53
86.0,42.0,557.56,492.31
86.0,42.5,558.24,497.81
86.0,43.0,558.89,503.18
86.0,43.5,559.52,508.39
86.0,44.0,560.11,513.45
86.0,44.5,560.68,518.33
86.0,45.0,561.22,523.03
86.0,45.5,561.73,527.55
86.0,46.0,562.21,531.88
86.0,46.5,562.66,536.02
86.0,47.0,563.09,539.98
86.0,47.5,563.5,543.74
86.0,48.0,563.88,547.33
86.0,48.5,564.23,550.73
86.0,49.0,564.57,553.95
86.0,49.5,565.1,557.22
86.0,50.0,565.4,560.13
86.0,50.5,565.68,562.88
86.0,51.0,565.95,565.47
86.0,51.5,566.2,567.92
86.0,52.0,566.43,570.24
86.0,52.5,566.65,572.42
86.0,53.0,566.86,574.48
86.0,53.5,567.05,576.42
86.0,54.0,567.23,578.25
86.0,54.5,567.4,579.97
86.0,55.0,567.56,581.6
86.0,55.5,567.7,583.13
86.0,56.0,567.84,584.57
86.0,56.5,567.97,585.94
86.0,57.0,568.1,587.22
86.0,57.5,568.21,588.43
86.0,58.0,568.32,589.57
86.0,58.5,568.42,590.65
86.0,59.0,568.51,591.66
86.0,59.5,568.6,592.62
86.0,60.0,568.69,593.53
86.0,60.5,568.77,594.38
86.0,61.0,568.84,595.19
86.0,61.5,568.91,595.95
86.0,62.0,568.98,596.67
86.0,62.5,569.04,597.36
86.0,63.0,569.1,598.0
86.0,63.5,569.16,598.62
86.0,64.0,569.21,599.2
86.0,64.5,569.26,599.74
86.0,65.0,569.31,600.27
86.0,65.5,569.35,600.76
86.0,66.0,569.4,601.23
86.0,66.5,569.44,601.67
86.0,67.0,569.47,602.09
86.0,67.5,569.51,602.5
86.0,68.0,569.55,602.88
86.0,68.5,569.58,603.24
86.0,69.0,569.61,603.58
86.0,69.5,569.64,603.91
86.0,70.0,569.67,604.23
86.0,70.5,569.69,604.52
86.0,71.0,569.72,604.81
86.0,71.5,569.74,605.08
86.0,72.0,569.77,605.34
86.0,72.5,569.79,605.58
86.0,73.0,569.81,605.82
86.0,73.5,569.83,606.04
86.0,74.0,569.85,606.26
86.0,74.5,569.87,606.46
86.0,75.0,569.88,606.66
86.0,75.5,569.9,606.85
86.0,76.0,569.92,607.03
86.0,76.5,569.93,607.2
86.0,77.0,569.95,607.36
86.0,77.5,569.96,607.52
86.0,78.0,569.97,607.67
86.0,78.5,569.99,607.82
86.0,79.0,570.0,607.95
86.0,79.5,570.01,608.09
86.0,80.0,570.02,608.22
86.0,80.5,570.03,608.34
86.0,81.0,570.04,608.46
86.0,81.5,570.05,608.57
86.0,82.0,570.06,608.68
86.0,82.5,570.07,608.78
86.0,83.0,570.08,608.88
86.0,83.5,570.09,608.98
86.0,84.0,570.1,609.07
86.0,84.5,570.1,609.16
86.0,85.0,570.11,609.25
86.0,85.5,570.12,609.33
86.0,86.0,570.13,609.41
86.0,86.5,570.13,609.49
86.0,87.0,570.14,609.57
86.0,87.5,570.15,609.64
86.0,88.0,570.15,609.71
86.0,88.5,570.16,609.77
86.0,89.0,570.16,609.84
86.0,89.5,570.17,609.9
86.0,90.0,570.17,609.96
86.5,30.0,542.91,392.22
86.5,30.5,542.93,392.3
86.5,31.0,543.03,392.92
86.5,31.5,543.23,394.06
86.5,32.0,543.51,395.72
86.5,32.5,543.87,397.87
86.5,33.0,544.31,400.49
86.5,33.5,544.81,403.55
86.5,34.0,545.37,407.03
86.5,34.5,545.99,410.9
86.5,35.0,546.65,415.11
86.5,35.5,547.35,419.65
86.5,36.0,548.08,424.47
86.5,36.5,548.82,429.54
86.5,37.0,549.8,434.96
86.5,37.5,550.61,440.44
86.5,38.0,551.42,446.06
86.5,38.5,552.22,451.79
86.5,39.0,553.02,457.59
86.5,39.5,553.81,463.42
86.5,40.0,554.58,469.27
86.5,40.5,555.34,475.09
86.5,41.0,556.07,480.86
86.5,41.5,556.78,486.55
86.5,42.0,557.69,492.33
86.5,42.5,558.37,497.83
86.5,43.0,559.02,503.2
86.5,43.5,559.64,508.41
86.5,44.0,560.24,513.47
86.5,44.5,560.8,518.35
86.5,45.0,561.34,523.05
86.5,45.5,561.85,527.57
86.5,46.0,562.33,531.9
86.5,46.5,562.78,536.04
86.5,47.0,563.21,539.99
86.5,47.5,563.61,543.76
86.5,48.0,563.99,547.34
86.5,48.5,564.35,550.74
86.5,49.0,564.68,553.97
86.5,49.5,565.21,557.24
86.5,50.0,565.51,560.14
86.5,50.5,565.8,562.89
86.5,51.0,566.06,565.48
86.5,51.5,566.31,567.93
86.5,52.0,566.55,570.25
86.5,52.5,566.76,572.43
86.5,53.0,566.97,574.49
86.5,53.5,567.16,576.43
86.5,54.0,567.34,578.26
86.5,54.5,567.51,579.98
86.5,55.0,567.67,581.61
86.5,55.5,567.81,583.14
86.5,56.0,567.95,584.58
86.5,56.5,568.08,585.94
86.5,57.0,568.21,587.23
86.5,57.5,568.32,588.44
86.5,58.0,568.43,589.58
86.5,58.5,568.53,590.65
86.5,59.0,568.63,591.67
86.5,59.5,568.71,592.63
86.5,60.0,568.8,593.53
86.5,60.5,568.88,594.39
86.5,61.0,568.95,595.2
86.5,61.5,569.02,595.96
86.5,62.0,569.09,596.68
86.5,62.5,569.15,597.36
86.5,63.0,569.21,598.01
86.5,63.5,569.27,598.62
86.5,64.0,569.32,599.2
86.5,64.5,569.37,599.75
86.5,65.0,569.42,600.27
86.5,65.5,569.46,600.76
86.5,66.0,569.51,601.23
86.5,66.5,569.55,601.68
86.5,67.0,569.58,602.1
86.5,67.5,569.62,602.5
86.5,68.0,569.65,602.88
86.5,68.5,569.69,603.25
86.5,69.0,569.72,603.59
86.5,69.5,569.75,603.92
86.5,70.0,569.77,604.23
86.5,70.5,569.8,604.53
86.5,71.0,569.83,604.81
86.5,71.5,569.85,605.08
86.5,72.0,569.87,605.34
86.5,72.5,569.9,605.59
86.5,73.0,569.92,605.82
86.5,73.5,569.94,606.05
86.5,74.0,569.96,606.26
86.5,74.5,569.97,606.47
86.5,75.0,569.99,606.66
86.5,75.5,570.01,606.85
86.5,76.0,570.02,607.03
86.5,76.5,570.04,607.2
86.5,77.0,570.05,607.37
86.5,77.5,570.07,607.52
86.5,78.0,570.08,607.68
86.5,78.5,570.09,607.82
86.5,79.0,570.11,607.96
86.5,79.5,570.12,608.09
86.5,80.0,570.13,608.22
86.5,80.5,570.14,608.34
86.5,81.0,570.15,608.46
86.5,81.5,570.16,608.57
86.5,82.0,570.17,608.68
86.5,82.5,570.18,608.79
86.5,83.0,570.19,608.89
86.5,83.5,570.2,608.99
86.5,84.0,570.2,609.08
86.5,84.5,570.21,609.17
86.5,85.0,570.22,609.25
86.5,85.5,570.23,609.34
86.5,86.0,570.23,609.42
86.5,86.5,570.24,609.5
86.5,87.0,570.25,609.57
86.5,87.5,570.25,609.64
86.5,88.0,570.26,609.71
86.5,88.5,570.27,609.78
86.5,89.0,570.27,609.84
86.5,89.5,570.28,609.9
86.5,90.0,570.28,609.96
87.0,30.0,543.06,392.25
87.0,30.5,543.07,392.33
87.0,31.0,543.18,392.95
87.0,31.5,543.37,394.09
87.0,32.0,543.65,395.75
87.0,32.5,544.01,397.9
87.0,33.0,544.45,400.52
87.0,33.5,544.95,403.58
87.0,34.0,545.51,407.06
87.0,34.5,546.13,410.92
87.0,35.0,546.79,415.14
87.0,35.5,547.49,419.68
87.0,36.0,548.21,424.5
87.0,36.5,548.96,429.56
87.0,37.0,549.94,434.99
87.0,37.5,550.74,440.47
87.0,38.0,551.55,446.09
87.0,38.5,552.35,451.81
87.0,39.0,553.15,457.61
87.0,39.5,553.94,463.45
87.0,40.0,554.71,469.29
87.0,40.5,555.46,475.11
87.0,41.0,556.19,480.88
87.0,41.5,556.9,486.57
87.0,42.0,557.81,492.35
87.0,42.5,558.49,497.85
87.0,43.0,559.14,503.22
87.0,43.5,559.76,508.43
87.0,44.0,560.35,513.48
87.0,44.5,560.92,518.36
87.0,45.0,561.46,523.07
87.0,45.5,561.96,527.58
87.0,46.0,562.44,531.91
87.0,46.5,562.9,536.05
87.0,47.0,563.32,540.0
87.0,47.5,563.73,543.77
87.0,48.0,564.1,547.35
87.0,48.5,564.46,550.75
87.0,49.0,564.79,553.98
87.0,49.5,565.32,557.25
87.0,50.0,565.62,560.15
87.0,50.5,565.91,562.9
87.0,51.0,566.17,565.49
87.0,51.5,566.42,567.94
87.0,52.0,566.65,570.26
87.0,52.5,566.87,572.44
87.0,53.0,567.08,574.5
87.0,53.5,567.27,576.44
87.0,54.0,567.45,578.27
87.0,54.5,567.62,579.99
87.0,55.0,567.77,581.62
87.0,55.5,567.92,583.15
87.0,56.0,568.06,584.59
87.0,56.5,568.19,585.95
87.0,57.0,568.31,587.23
87.0,57.5,568.43,588.44
87.0,58.0,568.54,589.58
87.0,58.5,568.64,590.66
87.0,59.0,568.73,591.68
87.0,59.5,568.82,592.63
87.0,60.0,568.91,593.54
87.0,60.5,568.98,594.39
87.0,61.0,569.06,595.2
87.0,61.5,569.13,595.97
87.0,62.0,569.2,596.69
87.0,62.5,569.26,597.37
87.0,63.0,569.32,598.02
87.0,63.5,569.37,598.63
87.0,64.0,569.43,599.21
87.0,64.5,569.48,599.76
87.0,65.0,569.52,600.28
87.0,65.5,569.57,600.77
87.0,66.0,569.61,601.24
87.0,66.5,569.65,601.68
87.0,67.0,569.69,602.11
87.0,67.5,569.72,602.51
87.0,68.0,569.76,602.89
87.0,68.5,569.79,603.25
87.0,69.0,569.82,603.6
87.0,69.5,569.85,603.92
87.0,70.0,569.88,604.24
87.0,70.5,569.91,604.53
87.0,71.0,569.93,604.82
87.0,71.5,569.96,605.09
87.0,72.0,569.98,605.35
87.0,72.5,570.0,605.59
87.0,73.0,570.02,605.83
87.0,73.5,570.04,606.05
87.0,74.0,570.06,606.27
87.0,74.5,570.08,606.47
87.0,75.0,570.1,606.67
87.0,75.5,570.11,606.86
87.0,76.0,570.13,607.03
87.0,76.5,570.14,607.21
87.0,77.0,570.16,607.37
87.0,77.5,570.17,607.53
87.0,78.0,570.19,607.68
87.0,78.5,570.2,607.82
87.0,79.0,570.21,607.96
87.0,79.5,570.22,608.1
87.0,80.0,570.23,608.22
87.0,80.5,570.24,608.35
87.0,81.0,570.25,608.47
87.0,81.5,570.26,608.58
87.0,82.0,570.27,608.69
87.0,82.5,570.28,608.79
87.0,83.0,570.29,608.89
87.0,83.5,570.3,608.99
87.0,84.0,570.31,609.08
87.0,84.5,570.32,609.17
87.0,85.0,570.32,609.26
87.0,85.5,570.33,609.34
87.0,86.0,570.34,609.42
87.0,86.5,570.34,609.5
87.0,87.0,570.35,609.57
87.0,87.5,570.36,609.65
87.0,88.0,570.36,609.72
87.0,88.5,570.37,609.78
87.0,89.0,570.38,609.85
87.0,89.5,570.38,609.91
87.0,90.0,570.39,609.97
87.5,30.0,543.19,392.28
87.5,30.5,543.21,392.36
87.5,31.0,543.31,392.98
87.5,31.5,543.51,394.12
87.5,32.0,543.79,395.78
87.5,32.5,544.15,397.93
87.5,33.0,544.58,400.54
87.5,33.5,545.08,403.61
87.5,34.0,545.65,407.09
87.5,34.5,546.26,410.95
87.5,35.0,546.92,415.17
87.5,35.5,547.62,419.7
87.5,36.0,548.34,424.52
87.5,36.5,549.09,429.59
87.5,37.0,550.07,435.02
87.5,37.5,550.87,440.49
87.5,38.0,551.67,446.11
87.5,38.5,552.48,451.84
87.5,39.0,553.27,457.63
87.5,39.5,554.06,463.47
87.5,40.0,554.83,469.31
87.5,40.5,555.58,475.13
87.5,41.0,556.31,480.9
87.5,41.5,557.02,486.59
87.5,42.0,557.93,492.37
87.5,42.5,558.6,497.87
87.5,43.0,559.25,503.23
87.5,43.5,559.87,508.45
87.5,44.0,560.47,513.5
87.5,44.5,561.03,518.38
87.5,45.0,561.57,523.08
87.5,45.5,562.07,527.6
87.5,46.0,562.55,531.93
87.5,46.5,563.01,536.07
87.5,47.0,563.43,540.02
87.5,47.5,563.84,543.78
87.5,48.0,564.21,547.36
87.5,48.5,564.57,550.76
87.5,49.0,564.9,553.99
87.5,49.5,565.43,557.26
87.5,50.0,565.73,560.16
87.5,50.5,566.01,562.91
87.5,51.0,566.28,565.5
87.5,51.5,566.53,567.95
87.5,52.0,566.76,570.27
87.5,52.5,566.98,572.45
87.5,53.0,567.18,574.51
87.5,53.5,567.37,576.45
87.5,54.0,567.55,578.28
87.5,54.5,567.72,580.0
87.5,55.0,567.88,581.62
87.5,55.5,568.03,583.16
87.5,56.0,568.16,584.6
87.5,56.5,568.29,585.96
87.5,57.0,568.42,587.24
87.5,57.5,568.53,588.45
87.5,58.0,568.64,589.59
87.5,58.5,568.74,590.67
87.5,59.0,568.83,591.68
87.5,59.5,568.92,592.64
87.5,60.0,569.01,593.55
87.5,60.5,569.09,594.4
87.5,61.0,569.16,595.21
87.5,61.5,569.23,595.97
87.5,62.0,569.3,596.69
87.5,62.5,569.36,597.38
87.5,63.0,569.42,598.02
87.5,63.5,569.48,598.63
87.5,64.0,569.53,599.21
87.5,64.5,569.58,599.76
87.5,65.0,569.62,600.28
87.5,65.5,569.67,600.78
87.5,66.0,569.71,601.24
87.5,66.5,569.75,601.69
87.5,67.0,569.79,602.11
87.5,67.5,569.83,602.51
87.5,68.0,569.86,602.89
87.5,68.5,569.89,603.26
87.5,69.0,569.92,603.6
87.5,69.5,569.95,603.93
87.5,70.0,569.98,604.24
87.5,70.5,570.01,604.54
87.5,71.0,570.03,604.82
87.5,71.5,570.06,605.09
87.5,72.0,570.08,605.35
87.5,72.5,570.1,605.6
87.5,73.0,570.12,605.83
87.5,73.5,570.14,606.06
87.5,74.0,570.16,606.27
87.5,74.5,570.18,606.48
87.5,75.0,570.2,606.67
87.5,75.5,570.21,606.86
87.5,76.0,570.23,607.04
87.5,76.5,570.24,607.21
87.5,77.0,570.26,607.38
87.5,77.5,570.27,607.53
87.5,78.0,570.29,607.68
87.5,78.5,570.3,607.83
87.5,79.0,570.31,607.97
87.5,79.5,570.32,608.1
87.5,80.0,570.33,608.23
87.5,80.5,570.34,608.35
87.5,81.0,570.35,608.47
87.5,81.5,570.36,608.58
87.5,82.0,570.37,608.69
87.5,82.5,570.38,608.8
87.5,83.0,570.39,608.9
87.5,83.5,570.4,608.99
87.5,84.0,570.41,609.09
87.5,84.5,570.42,609.18
87.5,85.0,570.42,609.26
87.5,85.5,570.43,609.35
87.5,86.0,570.44,609.43
87.5,86.5,570.45,609.5
87.5,87.0,570.45,609.58
87.5,87.5,570.46,609.65
87.5,88.0,570.46,609.72
87.5,88.5,570.47,609.79
87.5,89.0,570.48,609.85
87.5,89.5,570.48,609.91
87.5,90.0,570.49,609.97
88.0,30.0,543.33,392.31
88.0,30.5,543.34,392.39
88.0,31.0,543.45,393.0
88.0,31.5,543.64,394.15
88.0,32.0,543.92,395.8
88.0,32.5,544.28,397.95
88.0,33.0,544.71,400.57
88.0,33.5,545.21,403.63
88.0,34.0,545.78,407.11
88.0,34.5,546.39,410.98
88.0,35.0,547.05,415.19
88.0,35.5,547.74,419.73
88.0,36.0,548.47,424.55
88.0,36.5,549.21,429.61
88.0,37.0,550.19,435.04
88.0,37.5,550.99,440.52
88.0,38.0,551.79,446.14
88.0,38.5,552.6,451.86
88.0,39.0,553.39,457.66
88.0,39.5,554.18,463.49
88.0,40.0,554.95,469.33
88.0,40.5,555.7,475.15
88.0,41.0,556.43,480.92
88.0,41.5,557.13,486.61
88.0,42.0,558.04,492.39
88.0,42.5,558.72,497.89
88.0,43.0,559.36,503.25
88.0,43.5,559.99,508.47
88.0,44.0,560.58,513.52
88.0,44.5,561.14,518.4
88.0,45.0,561.68,523.1
88.0,45.5,562.18,527.61
88.0,46.0,562.66,531.94
88.0,46.5,563.11,536.08
88.0,47.0,563.54,540.03
88.0,47.5,563.94,543.8
88.0,48.0,564.32,547.38
88.0,48.5,564.67,550.78
88.0,49.0,565.0,554.0
88.0,49.5,565.53,557.27
88.0,50.0,565.83,560.17
88.0,50.5,566.12,562.92
88.0,51.0,566.38,565.51
88.0,51.5,566.63,567.96
88.0,52.0,566.86,570.28
88.0,52.5,567.08,572.46
88.0,53.0,567.28,574.51
88.0,53.5,567.47,576.45
88.0,54.0,567.65,578.28
88.0,54.5,567.82,580.01
88.0,55.0,567.98,581.63
88.0,55.5,568.13,583.16
88.0,56.0,568.26,584.61
88.0,56.5,568.39,585.97
88.0,57.0,568.52,587.25
88.0,57.5,568.63,588.46
88.0,58.0,568.74,589.6
88.0,58.5,568.84,590.67
88.0,59.0,568.93,591.69
88.0,59.5,569.02,592.65
88.0,60.0,569.11,593.55
88.0,60.5,569.19,594.41
88.0,61.0,569.26,595.21
88.0,61.5,569.33,595.98
88.0,62.0,569.4,596.7
88.0,62.5,569.46,597.38
88.0,63.0,569.52,598.03
88.0,63.5,569.57,598.64
88.0,64.0,569.63,599.22
88.0,64.5,569.68,599.77
88.0,65.0,569.72,600.29
88.0,65.5,569.77,600.78
88.0,66.0,569.81,601.25
88.0,66.5,569.85,601.69
88.0,67.0,569.89,602.12
88.0,67.5,569.92,602.52
88.0,68.0,569.96,602.9
88.0,68.5,569.99,603.26
88.0,69.0,570.02,603.61
88.0,69.5,570.05,603.93
88.0,70.0,570.08,604.25
88.0,70.5,570.1,604.54
88.0,71.0,570.13,604.83
88.0,71.5,570.15,605.1
88.0,72.0,570.18,605.36
88.0,72.5,570.2,605.6
88.0,73.0,570.22,605.84
88.0,73.5,570.24,606.06
88.0,74.0,570.26,606.28
88.0,74.5,570.28,606.48
88.0,75.0,570.29,606.68
88.0,75.5,570.31,606.86
88.0,76.0,570.33,607.04
88.0,76.5,570.34,607.22
88.0,77.0,570.36,607.38
88.0,77.5,570.37,607.54
88.0,78.0,570.38,607.69
88.0,78.5,570.4,607.83
88.0,79.0,570.41,607.97
88.0,79.5,570.42,608.11
88.0,80.0,570.43,608.23
88.0,80.5,570.44,608.36
88.0,81.0,570.45,608.47
88.0,81.5,570.46,608.59
88.0,82.0,570.47,608.7
88.0,82.5,570.48,608.8
88.0,83.0,570.49,608.9
88.0,83.5,570.5,609.0
88.0,84.0,570.51,609.09
88.0,84.5,570.51,609.18
88.0,85.0,570.52,609.27
88.0,85.5,570.53,609.35
88.0,86.0,570.54,609.43
88.0,86.5,570.54,609.51
88.0,87.0,570.55,609.58
88.0,87.5,570.55,609.65
88.0,88.0,570.56,609.72
88.0,88.5,570.57,609.79
88.0,89.0,570.57,609.85
88.0,89.5,570.58,609.92
88.0,90.0,570.58,609.98
88.5,30.0,543.45,392.33
88.5,30.5,543.47,392.41
88.5,31.0,543.57,393.03
88.5,31.5,543.77,394.17
88.5,32.0,544.05,395.83
88.5,32.5,544.41,397.98
88.5,33.0,544.84,400.6
88.5,33.5,545.34,403.66
88.5,34.0,545.9,407.14
88.5,34.5,546.51,411.0
88.5,35.0,547.17,415.22
88.5,35.5,547.86,419.75
88.5,36.0,548.59,424.57
88.5,36.5,549.33,429.64
88.5,37.0,550.31,435.06
88.5,37.5,551.11,440.54
88.5,38.0,551.91,446.16
88.5,38.5,552.71,451.88
88.5,39.0,553.51,457.68
88.5,39.5,554.29,463.51
88.5,40.0,555.06,469.35
88.5,40.5,555.81,475.17
88.5,41.0,556.54,480.94
88.5,41.5,557.24,486.63
88.5,42.0,558.15,492.41
88.5,42.5,558.82,497.91
88.5,43.0,559.47,503.27
88.5,43.5,560.09,508.48
88.5,44.0,560.68,513.53
88.5,44.5,561.25,518.41
88.5,45.0,561.78,523.11
88.5,45.5,562.29,527.63
88.5,46.0,562.76,531.95
88.5,46.5,563.22,536.09
88.5,47.0,563.64,540.04
88.5,47.5,564.04,543.81
88.5,48.0,564.42,547.39
88.5,48.5,564.77,550.79
88.5,49.0,565.1,554.01
88.5,49.5,565.63,557.28
88.5,50.0,565.93,560.18
88.5,50.5,566.22,562.93
88.5,51.0,566.48,565.52
88.5,51.5,566.73,567.97
88.5,52.0,566.96,570.28
88.5,52.5,567.18,572.47
88.5,53.0,567.38,574.52
88.5,53.5,567.57,576.46
88.5,54.0,567.75,578.29
88.5,54.5,567.92,580.02
88.5,55.0,568.08,581.64
88.5,55.5,568.22,583.17
88.5,56.0,568.36,584.61
88.5,56.5,568.49,585.97
88.5,57.0,568.61,587.26
88.5,57.5,568.73,588.46
88.5,58.0,568.83,589.6
88.5,58.5,568.93,590.68
88.5,59.0,569.03,591.7
88.5,59.5,569.12,592.65
88.5,60.0,569.2,593.56
88.5,60.5,569.28,594.41
88.5,61.0,569.35,595.22
88.5,61.5,569.42,595.98
88.5,62.0,569.49,596.7
88.5,62.5,569.55,597.39
88.5,63.0,569.61,598.03
88.5,63.5,569.67,598.64
88.5,64.0,569.72,599.22
88.5,64.5,569.77,599.77
88.5,65.0,569.82,600.29
88.5,65.5,569.86,600.79
88.5,66.0,569.9,601.25
88.5,66.5,569.94,601.7
88.5,67.0,569.98,602.12
88.5,67.5,570.02,602.52
88.5,68.0,570.05,602.9
88.5,68.5,570.08,603.27
88.5,69.0,570.12,603.61
88.5,69.5,570.14,603.94
88.5,70.0,570.17,604.25
88.5,70.5,570.2,604.55
88.5,71.0,570.22,604.83
88.5,71.5,570.25,605.1
88.5,72.0,570.27,605.36
88.5,72.5,570.29,605.61
88.5,73.0,570.31,605.84
88.5,73.5,570.33,606.07
88.5,74.0,570.35,606.28
88.5,74.5,570.37,606.49
88.5,75.0,570.39,606.68
88.5,75.5,570.4,606.87
88.5,76.0,570.42,607.05
88.5,76.5,570.43,607.22
88.5,77.0,570.45,607.38
88.5,77.5,570.46,607.54
88.5,78.0,570.48,607.69
88.5,78.5,570.49,607.84
88.5,79.0,570.5,607.98
88.5,79.5,570.51,608.11
88.5,80.0,570.52,608.24
88.5,80.5,570.53,608.36
88.5,81.0,570.55,608.48
88.5,81.5,570.56,608.59
88.5,82.0,570.56,608.7
88.5,82.5,570.57,608.8
88.5,83.0,570.58,608.91
88.5,83.5,570.59,609.0
88.5,84.0,570.6,609.1
88.5,84.5,570.61,609.18
88.5,85.0,570.61,609.27
88.5,85.5,570.62,609.35
88.5,86.0,570.63,609.43
88.5,86.5,570.64,609.51
88.5,87.0,570.64,609.59
88.5,87.5,570.65,609.66
88.5,88.0,570.65,609.73
88.5,88.5,570.66,609.79
88.5,89.0,570.67,609.86
88.5,89.5,570.67,609.92
88.5,90.0,570.68,609.98
89.0,30.0,543.58,392.36
89.0,30.5,543.59,392.44
89.0,31.0,543.7,393.06
89.0,31.5,543.89,394.2
89.0,32.0,544.17,395.85
89.0,32.5,544.53,398.0
89.0,33.0,544.96,400.62
89.0,33.5,545.46,403.68
89.0,34.0,546.02,407.16
89.0,34.5,546.63,411.03
89.0,35.0,547.29,415.24
89.0,35.5,547.98,419.78
89.0,36.0,548.7,424.6
89.0,36.5,549.45,429.66
89.0,37.0,550.42,435.09
89.0,37.5,551.22,440.56
89.0,38.0,552.02,446.18
89.0,38.5,552.82,451.9
89.0,39.0,553.62,457.7
89.0,39.5,554.4,463.53
89.0,40.0,555.17,469.37
89.0,40.5,555.92,475.19
89.0,41.0,556.64,480.95
89.0,41.5,557.35,486.65
89.0,42.0,558.25,492.43
89.0,42.5,558.93,497.92
89.0,43.0,559.58,503.28
89.0,43.5,560.2,508.5
89.0,44.0,560.79,513.55
89.0,44.5,561.35,518.43
89.0,45.0,561.88,523.13
89.0,45.5,562.39,527.64
89.0,46.0,562.86,531.97
89.0,46.5,563.32,536.11
89.0,47.0,563.74,540.06
89.0,47.5,564.14,543.82
89.0,48.0,564.52,547.4
89.0,48.5,564.87,550.8
89.0,49.0,565.2,554.02
89.0,49.5,565.73,557.29
89.0,50.0,566.03,560.19
89.0,50.5,566.31,562.94
89.0,51.0,566.58,565.53
89.0,51.5,566.82,567.98
89.0,52.0,567.05,570.29
89.0,52.5,567.27,572.47
89.0,53.0,567.48,574.53
89.0,53.5,567.67,576.47
89.0,54.0,567.84,578.3
89.0,54.5,568.01,580.02
89.0,55.0,568.17,581.65
89.0,55.5,568.32,583.18
89.0,56.0,568.45,584.62
89.0,56.5,568.58,585.98
89.0,57.0,568.7,587.26
89.0,57.5,568.82,588.47
89.0,58.0,568.93,589.61
89.0,58.5,569.03,590.69
89.0,59.0,569.12,591.7
89.0,59.5,569.21,592.66
89.0,60.0,569.29,593.56
89.0,60.5,569.37,594.42
89.0,61.0,569.45,595.23
89.0,61.5,569.52,595.99
89.0,62.0,569.58,596.71
89.0,62.5,569.64,597.39
89.0,63.0,569.7,598.04
89.0,63.5,569.76,598.65
89.0,64.0,569.81,599.23
89.0,64.5,569.86,599.78
89.0,65.0,569.91,600.3
89.0,65.5,569.95,600.79
89.0,66.0,570.0,601.26
89.0,66.5,570.04,601.7
89.0,67.0,570.07,602.13
89.0,67.5,570.11,602.53
89.0,68.0,570.14,602.91
89.0,68.5,570.18,603.27
89.0,69.0,570.21,603.61
89.0,69.5,570.24,603.94
89.0,70.0,570.26,604.25
89.0,70.5,570.29,604.55
89.0,71.0,570.31,604.84
89.0,71.5,570.34,605.11
89.0,72.0,570.36,605.36
89.0,72.5,570.38,605.61
89.0,73.0,570.4,605.85
89.0,73.5,570.42,606.07
89.0,74.0,570.44,606.28
89.0,74.5,570.46,606.49
89.0,75.0,570.48,606.69
89.0,75.5,570.49,606.87
89.0,76.0,570.51,607.05
89.0,76.5,570.53,607.22
89.0,77.0,570.54,607.39
89.0,77.5,570.55,607.55
89.0,78.0,570.57,607.7
89.0,78.5,570.58,607.84
89.0,79.0,570.59,607.98
89.0,79.5,570.6,608.11
89.0,80.0,570.61,608.24
89.0,80.5,570.63,608.36
89.0,81.0,570.64,608.48
89.0,81.5,570.65,608.59
89.0,82.0,570.65,608.7
89.0,82.5,570.66,608.81
89.0,83.0,570.67,608.91
89.0,83.5,570.68,609.01
89.0,84.0,570.69,609.1
89.0,84.5,570.7,609.19
89.0,85.0,570.7,609.28
89.0,85.5,570.71,609.36
89.0,86.0,570.72,609.44
89.0,86.5,570.73,609.52
89.0,87.0,570.73,609.59
89.0,87.5,570.74,609.66
89.0,88.0,570.74,609.73
89.0,88.5,570.75,609.8
89.0,89.0,570.76,609.86
89.0,89.5,570.76,609.92
89.0,90.0,570.77,609.98
89.5,30.0,543.7,392.38
89.5,30.5,543.71,392.46
89.5,31.0,543.81,393.08
89.5,31.5,544.01,394.22
89.5,32.0,544.29,395.88
89.5,32.5,544.65,398.03
89.5,33.0,545.08,400.65
89.5,33.5,545.58,403.71
89.5,34.0,546.14,407.19
89.5,34.5,546.75,411.05
89.5,35.0,547.4,415.27
89.5,35.5,548.1,419.8
89.5,36.0,548.82,424.62
89.5,36.5,549.56,429.68
89.5,37.0,550.54,435.11
89.5,37.5,551.33,440.58
89.5,38.0,552.13,446.2
89.5,38.5,552.93,451.92
89.5,39.0,553.73,457.72
89.5,39.5,554.51,463.55
89.5,40.0,555.27,469.39
89.5,40.5,556.02,475.21
89.5,41.0,556.75,480.97
89.5,41.5,557.45,486.66
89.5,42.0,558.36,492.44
89.5,42.5,559.03,497.94
89.5,43.0,559.68,503.3
89.5,43.5,560.3,508.51
89.5,44.0,560.89,513.56
89.5,44.5,561.45,518.44
89.5,45.0,561.98,523.14
89.5,45.5,562.48,527.65
89.5,46.0,562.96,531.98
89.5,46.5,563.41,536.12
89.5,47.0,563.84,540.07
89.5,47.5,564.23,543.83
89.5,48.0,564.61,547.41
89.5,48.5,564.96,550.81
89.5,49.0,565.29,554.03
89.5,49.5,565.82,557.3
89.5,50.0,566.12,560.2
89.5,50.5,566.4,562.95
89.5,51.0,566.67,565.54
89.5,51.5,566.92,567.99
89.5,52.0,567.15,570.3
89.5,52.5,567.36,572.48
89.5,53.0,567.57,574.54
89.5,53.5,567.76,576.48
89.5,54.0,567.93,578.31
89.5,54.5,568.1,580.03
89.5,55.0,568.26,581.65
89.5,55.5,568.41,583.18
89.5,56.0,568.54,584.63
89.5,56.5,568.67,585.99
89.5,57.0,568.79,587.27
89.5,57.5,568.91,588.48
89.5,58.0,569.01,589.62
89.5,58.5,569.12,590.69
89.5,59.0,569.21,591.71
89.5,59.5,569.3,592.67
89.5,60.0,569.38,593.57
89.5,60.5,569.46,594.42
89.5,61.0,569.54,595.23
89.5,61.5,569.61,595.99
89.5,62.0,569.67,596.72
89.5,62.5,569.73,597.4
89.5,63.0,569.79,598.04
89.5,63.5,569.85,598.65
89.5,64.0,569.9,599.23
89.5,64.5,569.95,599.78
89.5,65.0,570.0,600.3
89.5,65.5,570.04,600.8
89.5,66.0,570.08,601.26
89.5,66.5,570.12,601.71
89.5,67.0,570.16,602.13
89.5,67.5,570.2,602.53
89.5,68.0,570.23,602.91
89.5,68.5,570.26,603.27
89.5,69.0,570.29,603.62
89.5,69.5,570.32,603.95
89.5,70.0,570.35,604.26
89.5,70.5,570.38,604.56
89.5,71.0,570.4,604.84
89.5,71.5,570.43,605.11
89.5,72.0,570.45,605.37
89.5,72.5,570.47,605.61
89.5,73.0,570.49,605.85
89.5,73.5,570.51,606.07
89.5,74.0,570.53,606.29
89.5,74.5,570.55,606.49
89.5,75.0,570.57,606.69
89.5,75.5,570.58,606.88
89.5,76.0,570.6,607.06
89.5,76.5,570.61,607.23
89.5,77.0,570.63,607.39
89.5,77.5,570.64,607.55
89.5,78.0,570.65,607.7
89.5,78.5,570.67,607.85
89.5,79.0,570.68,607.98
89.5,79.5,570.69,608.12
89.5,80.0,570.7,608.24
89.5,80.5,570.71,608.37
89.5,81.0,570.72,608.49
89.5,81.5,570.73,608.6
89.5,82.0,570.74,608.71
89.5,82.5,570.75,608.81
89.5,83.0,570.76,608.91
89.5,83.5,570.77,609.01
89.5,84.0,570.78,609.1
89.5,84.5,570.78,609.19
89.5,85.0,570.79,609.28
89.5,85.5,570.8,609.36
89.5,86.0,570.81,609.44
89.5,86.5,570.81,609.52
89.5,87.0,570.82,609.59
89.5,87.5,570.83,609.67
89.5,88.0,570.83,609.73
89.5,88.5,570.84,609.8
89.5,89.0,570.84,609.87
89.5,89.5,570.85,609.93
89.5,90.0,570.85,609.99
90.0,30.0,543.81,392.41
90.0,30.5,543.83,392.49
90.0,31.0,543.93,393.1
90.0,31.5,544.12,394.25
90.0,32.0,544.4,395.9
90.0,32.5,544.76,398.05
90.0,33.0,545.19,400.67
90.0,33.5,545.69,403.73
90.0,34.0,546.25,407.21
90.0,34.5,546.86,411.07
90.0,35.0,547.51,415.29
90.0,35.5,548.21,419.82
90.0,36.0,548.93,424.64
90.0,36.5,549.67,429.7
90.0,37.0,550.64,435.13
90.0,37.5,551.44,440.6
90.0,38.0,552.24,446.22
90.0,38.5,553.04,451.94
90.0,39.0,553.83,457.74
90.0,39.5,554.61,463.57
90.0,40.0,555.38,469.41
90.0,40.5,556.12,475.22
90.0,41.0,556.85,480.99
90.0,41.5,557.55,486.68
90.0,42.0,558.45,492.46
90.0,42.5,559.13,497.95
90.0,43.0,559.77,503.32
90.0,43.5,560.39,508.53
90.0,44.0,560.98,513.58
90.0,44.5,561.54,518.45
90.0,45.0,562.07,523.15
90.0,45.5,562.58,527.67
90.0,46.0,563.05,531.99
90.0,46.5,563.5,536.13
90.0,47.0,563.93,540.08
90.0,47.5,564.33,543.84
90.0,48.0,564.7,547.42
90.0,48.5,565.05,550.82
90.0,49.0,565.38,554.04
90.0,49.5,565.91,557.31
90.0,50.0,566.21,560.21
90.0,50.5,566.49,562.96
90.0,51.0,566.76,565.55
90.0,51.5,567.0,568.0
90.0,52.0,567.23,570.31
90.0,52.5,567.45,572.49
90.0,53.0,567.65,574.55
90.0,53.5,567.84,576.49
90.0,54.0,568.02,578.31
90.0,54.5,568.19,580.04
90.0,55.0,568.35,581.66
90.0,55.5,568.49,583.19
90.0,56.0,568.63,584.63
90.0,56.5,568.76,585.99
90.0,57.0,568.88,587.27
90.0,57.5,568.99,588.48
90.0,58.0,569.1,589.62
90.0,58.5,569.2,590.7
90.0,59.0,569.3,591.71
90.0,59.5,569.38,592.67
90.0,60.0,569.47,593.57
90.0,60.5,569.55,594.43
90.0,61.0,569.62,595.24
90.0,61.5,569.69,596.0
90.0,62.0,569.76,596.72
90.0,62.5,569.82,597.4
90.0,63.0,569.88,598.05
90.0,63.5,569.93,598.66
90.0,64.0,569.99,599.24
90.0,64.5,570.03,599.79
90.0,65.0,570.08,600.31
90.0,65.5,570.13,600.8
90.0,66.0,570.17,601.27
90.0,66.5,570.21,601.71
90.0,67.0,570.25,602.13
90.0,67.5,570.28,602.54
90.0,68.0,570.32,602.92
90.0,68.5,570.35,603.28
90.0,69.0,570.38,603.62
90.0,69.5,570.41,603.95
90.0,70.0,570.44,604.26
90.0,70.5,570.46,604.56
90.0,71.0,570.49,604.84
90.0,71.5,570.51,605.11
90.0,72.0,570.53,605.37
90.0,72.5,570.56,605.62
90.0,73.0,570.58,605.85
90.0,73.5,570.6,606.08
90.0,74.0,570.61,606.29
90.0,74.5,570.63,606.5
90.0,75.0,570.65,606.69
90.0,75.5,570.67,606.88
90.0,76.0,570.68,607.06
90.0,76.5,570.7,607.23
90.0,77.0,570.71,607.4
90.0,77.5,570.73,607.55
90.0,78.0,570.74,607.7
90.0,78.5,570.75,607.85
90.0,79.0,570.76,607.99
90.0,79.5,570.77,608.12
90.0,80.0,570.79,608.25
90.0,80.5,570.8,608.37
90.0,81.0,570.81,608.49
90.0,81.5,570.82,608.6
90.0,82.0,570.83,608.71
90.0,82.5,570.84,608.82
90.0,83.0,570.84,608.92
90.0,83.5,570.85,609.01
90.0,84.0,570.86,609.11
90.0,84.5,570.87,609.2
90.0,85.0,570.88,609.28
90.0,85.5,570.88,609.37
90.0,86.0,570.89,609.45
90.0,86.5,570.9,609.52
90.0,87.0,570.9,609.6
90.0,87.5,570.91,609.67
90.0,88.0,570.92,609.74
90.0,88.5,570.92,609.8
90.0,89.0,570.93,609.87
90.0,89.5,570.93,609.93
90.0,90.0,570.94,609.99
